race,year,driver,start_lap,last_lap_time
Great Britain,2025,HUL,21,70.769
Great Britain,2025,HUL,22,71.332
Great Britain,2025,HUL,23,70.923
Great Britain,2025,HUL,24,70.78
Great Britain,2025,HUL,25,70.924
Great Britain,2025,HUL,26,71.101
Great Britain,2025,HUL,27,71.448
Great Britain,2025,HUL,28,71.142
Great Britain,2025,HUL,29,72.593
Great Britain,2025,HUL,31,70.895
Great Britain,2025,HUL,32,71.075
Great Britain,2025,HUL,33,71.239
Great Britain,2025,HUL,34,71.002
Great Britain,2025,HUL,35,70.923
Great Britain,2025,HUL,36,70.948
Great Britain,2025,HUL,37,70.861
Great Britain,2025,HUL,38,70.802
Great Britain,2025,HUL,39,70.797
Great Britain,2025,HUL,40,70.906
Great Britain,2025,HUL,41,70.708
Great Britain,2025,HUL,44,71.041
Great Britain,2025,HUL,45,70.552
Great Britain,2025,HUL,46,70.168
Great Britain,2025,HUL,47,72.362
Great Britain,2025,HUL,48,70.453
Great Britain,2025,HUL,49,70.645
Great Britain,2025,HUL,50,70.257
Great Britain,2025,HUL,51,70.645
Great Britain,2025,HUL,52,70.162
Great Britain,2025,HUL,53,70.293
Great Britain,2025,HUL,54,69.945
Great Britain,2025,HUL,55,69.857
Great Britain,2025,HUL,56,70.188
Great Britain,2025,HUL,57,69.872
Great Britain,2025,HUL,58,69.459
Great Britain,2025,HUL,59,69.661
Great Britain,2025,HUL,60,69.46
Great Britain,2025,HUL,61,69.792
Great Britain,2025,HUL,62,69.742
Great Britain,2025,HUL,63,69.996
Great Britain,2025,HUL,64,71.67
Great Britain,2025,HUL,65,70.646
Hungary,2025,NOR,17,82.043
Hungary,2025,NOR,18,82.539
Hungary,2025,NOR,19,82.189
Hungary,2025,NOR,20,82.03
Hungary,2025,NOR,21,81.44
Hungary,2025,NOR,22,81.707
Hungary,2025,NOR,23,82.099
Hungary,2025,NOR,24,82.075
Hungary,2025,NOR,25,82.117
Hungary,2025,NOR,26,81.924
Hungary,2025,NOR,27,82.145
Hungary,2025,NOR,28,82.125
Hungary,2025,NOR,29,82.153
Hungary,2025,NOR,30,82.533
Hungary,2025,NOR,33,82.633
Hungary,2025,NOR,34,81.411
Hungary,2025,NOR,35,80.752
Hungary,2025,NOR,36,80.726
Hungary,2025,NOR,37,80.557
Hungary,2025,NOR,38,80.976
Hungary,2025,NOR,39,80.4
Hungary,2025,NOR,40,80.301
Hungary,2025,NOR,41,80.442
Hungary,2025,NOR,42,80.547
Hungary,2025,NOR,43,80.471
Hungary,2025,NOR,44,81.447
Hungary,2025,NOR,45,80.146
Hungary,2025,NOR,46,80.703
Hungary,2025,NOR,47,80.377
Hungary,2025,NOR,48,80.358
Hungary,2025,NOR,49,80.543
Hungary,2025,NOR,50,80.472
Hungary,2025,NOR,51,80.527
Hungary,2025,NOR,52,80.779
Hungary,2025,NOR,53,80.908
Hungary,2025,NOR,54,80.197
Hungary,2025,NOR,55,80.157
Hungary,2025,NOR,56,80.005
Hungary,2025,NOR,57,80.153
Hungary,2025,NOR,58,79.918
Hungary,2025,NOR,59,80.144
Hungary,2025,NOR,60,79.936
Hungary,2025,NOR,61,80.157
Hungary,2025,NOR,62,80.11
Hungary,2025,NOR,63,80.461
Hungary,2025,NOR,64,80.82
Hungary,2025,NOR,65,81.089
Hungary,2025,NOR,66,80.765
Spain,2025,LAW,17,81.967
Spain,2025,LAW,20,82.308
Spain,2025,LAW,21,81.344
Spain,2025,LAW,22,81.187
Spain,2025,LAW,23,81.72
Spain,2025,LAW,24,81.854
Spain,2025,LAW,25,83.531
Spain,2025,LAW,26,80.771
Spain,2025,LAW,27,81.013
Spain,2025,LAW,28,81.36
Spain,2025,LAW,29,81.489
Spain,2025,LAW,30,81.494
Spain,2025,LAW,31,81.473
Spain,2025,LAW,32,83.075
Spain,2025,LAW,33,82.393
Spain,2025,LAW,34,81.716
Spain,2025,LAW,35,81.387
Spain,2025,LAW,36,81.043
Spain,2025,LAW,37,81.467
Spain,2025,LAW,38,81.384
Spain,2025,LAW,39,81.202
Spain,2025,LAW,40,81.143
Spain,2025,LAW,41,81.321
Spain,2025,LAW,42,81.4
Spain,2025,LAW,43,81.036
Spain,2025,LAW,46,81.11
Spain,2025,LAW,47,79.887
Spain,2025,LAW,48,79.611
Spain,2025,LAW,49,79.86
Spain,2025,LAW,50,80.784
Spain,2025,LAW,51,81.891
Spain,2025,LAW,52,82.974
Spain,2025,LAW,53,79.805
Spain,2025,LAW,61,79.986
Spain,2025,LAW,62,80.721
United States,2024,VER,21,99.986
United States,2024,VER,22,99.803
United States,2024,VER,23,100.099
United States,2024,VER,24,100.42
United States,2024,VER,27,100.318
United States,2024,VER,28,99.046
United States,2024,VER,29,98.784
United States,2024,VER,30,99.067
United States,2024,VER,31,98.75
United States,2024,VER,32,99.058
United States,2024,VER,33,99.106
United States,2024,VER,34,98.827
United States,2024,VER,35,99.063
United States,2024,VER,36,99.004
United States,2024,VER,37,98.715
United States,2024,VER,38,98.963
United States,2024,VER,39,98.641
United States,2024,VER,40,98.358
United States,2024,VER,42,98.624
United States,2024,VER,43,98.117
United States,2024,VER,44,98.526
United States,2024,VER,45,98.453
United States,2024,VER,46,98.269
United States,2024,VER,47,98.255
United States,2024,VER,48,99.191
United States,2024,VER,49,98.572
United States,2024,VER,50,98.598
United States,2024,VER,51,98.692
United States,2024,VER,52,99.105
China,2024,RUS,19,101.491
China,2024,RUS,32,101.416
China,2024,RUS,33,100.69
China,2024,RUS,34,100.476
China,2024,RUS,35,100.467
China,2024,RUS,36,100.493
China,2024,RUS,37,100.496
China,2024,RUS,38,100.687
China,2024,RUS,39,100.451
China,2024,RUS,40,100.112
China,2024,RUS,41,100.78
China,2024,RUS,42,101.024
China,2024,RUS,43,100.772
China,2024,RUS,44,100.681
China,2024,RUS,45,100.38
China,2024,RUS,46,100.619
China,2024,RUS,47,100.38
China,2024,RUS,48,100.404
China,2024,RUS,49,100.394
China,2024,RUS,50,100.218
China,2024,RUS,51,100.466
China,2024,RUS,52,100.334
Austria,2024,OCO,17,72.263
Austria,2024,OCO,18,72.349
Austria,2024,OCO,21,72.182
Austria,2024,OCO,22,71.198
Austria,2024,OCO,23,71.526
Austria,2024,OCO,24,70.86
Austria,2024,OCO,25,70.897
Austria,2024,OCO,26,71.155
Austria,2024,OCO,27,71.193
Austria,2024,OCO,28,71.267
Austria,2024,OCO,29,71.369
Austria,2024,OCO,30,72.031
Austria,2024,OCO,31,71.95
Austria,2024,OCO,32,71.737
Austria,2024,OCO,33,71.938
Austria,2024,OCO,34,71.658
Austria,2024,OCO,35,72.058
Austria,2024,OCO,36,72.553
Austria,2024,OCO,37,71.583
Austria,2024,OCO,38,71.745
Austria,2024,OCO,39,71.375
Austria,2024,OCO,40,71.967
Austria,2024,OCO,41,72.992
Austria,2024,OCO,42,72.323
Austria,2024,OCO,45,71.754
Austria,2024,OCO,46,69.649
Austria,2024,OCO,47,69.894
Austria,2024,OCO,48,70.161
Austria,2024,OCO,49,70.225
Austria,2024,OCO,50,70.189
Austria,2024,OCO,51,70.526
Austria,2024,OCO,52,70.93
Austria,2024,OCO,53,70.468
Austria,2024,OCO,54,70.776
Austria,2024,OCO,55,70.459
Austria,2024,OCO,56,70.504
Austria,2024,OCO,57,70.491
Austria,2024,OCO,58,70.762
Austria,2024,OCO,59,71.106
Austria,2024,OCO,60,71.355
Austria,2024,OCO,61,70.962
Austria,2024,OCO,62,72.917
Austria,2024,OCO,64,71.462
Austria,2024,OCO,66,71.411
Austria,2024,OCO,67,71.192
Netherlands,2025,ALB,17,76.553
Netherlands,2025,ALB,18,76.588
Netherlands,2025,ALB,19,76.528
Netherlands,2025,ALB,20,76.665
Netherlands,2025,ALB,21,76.704
Netherlands,2025,ALB,22,76.7
Netherlands,2025,ALB,27,76.513
Netherlands,2025,ALB,28,76.628
Netherlands,2025,ALB,29,75.777
Netherlands,2025,ALB,30,75.449
Netherlands,2025,ALB,33,75.244
Netherlands,2025,ALB,34,75.424
Netherlands,2025,ALB,36,76.715
Netherlands,2025,ALB,37,75.472
Netherlands,2025,ALB,38,75.722
Netherlands,2025,ALB,39,75.623
Netherlands,2025,ALB,40,75.639
Netherlands,2025,ALB,41,75.28
Netherlands,2025,ALB,42,75.779
Netherlands,2025,ALB,43,75.697
Netherlands,2025,ALB,44,75.602
Netherlands,2025,ALB,45,75.805
Netherlands,2025,ALB,46,75.732
Netherlands,2025,ALB,47,75.603
Netherlands,2025,ALB,48,75.571
Netherlands,2025,ALB,49,75.581
Netherlands,2025,ALB,50,75.821
Netherlands,2025,ALB,51,75.542
Netherlands,2025,ALB,52,75.523
Netherlands,2025,ALB,58,75.384
Netherlands,2025,ALB,59,75.407
Netherlands,2025,ALB,60,73.995
Netherlands,2025,ALB,61,73.912
Netherlands,2025,ALB,62,74.013
Netherlands,2025,ALB,63,73.913
Netherlands,2025,ALB,64,73.771
Canada,2024,STR,18,87.365
Canada,2024,STR,19,87.136
Canada,2024,STR,20,86.88
Canada,2024,STR,21,86.894
Canada,2024,STR,22,86.728
Canada,2024,STR,23,86.423
Canada,2024,STR,30,87.166
Canada,2024,STR,31,88.168
Canada,2024,STR,32,90.97
Canada,2024,STR,33,90.959
Canada,2024,STR,34,90.845
Canada,2024,STR,35,89.836
Canada,2024,STR,36,88.065
Canada,2024,STR,37,87.698
Canada,2024,STR,38,87.579
Canada,2024,STR,39,87.075
Canada,2024,STR,40,86.61
Canada,2024,STR,42,85.379
Canada,2024,STR,43,85.264
Canada,2024,STR,46,85.612
Canada,2024,STR,47,84.92
Canada,2024,STR,48,83.728
Canada,2024,STR,50,82.265
Canada,2024,STR,51,79.565
Canada,2024,STR,59,79.392
Canada,2024,STR,60,80.939
Canada,2024,STR,61,78.504
Canada,2024,STR,62,78.497
Canada,2024,STR,63,78.443
Canada,2024,STR,64,77.612
Canada,2024,STR,65,77.609
Bahrain,2024,ALB,20,97.763
Bahrain,2024,ALB,21,97.701
Bahrain,2024,ALB,22,97.918
Bahrain,2024,ALB,23,98.031
Bahrain,2024,ALB,24,97.869
Bahrain,2024,ALB,25,98.204
Bahrain,2024,ALB,26,98.226
Bahrain,2024,ALB,27,98.1
Bahrain,2024,ALB,28,98.296
Bahrain,2024,ALB,29,98.048
Bahrain,2024,ALB,30,97.879
Bahrain,2024,ALB,31,97.968
Bahrain,2024,ALB,32,98.135
Bahrain,2024,ALB,33,98.183
Bahrain,2024,ALB,34,98.346
Bahrain,2024,ALB,35,97.75
Bahrain,2024,ALB,38,97.767
Bahrain,2024,ALB,39,96.129
Bahrain,2024,ALB,40,95.856
Bahrain,2024,ALB,41,95.723
Bahrain,2024,ALB,42,95.885
Bahrain,2024,ALB,43,95.799
Bahrain,2024,ALB,44,95.766
Bahrain,2024,ALB,45,95.783
Bahrain,2024,ALB,46,95.758
Bahrain,2024,ALB,47,96.008
Bahrain,2024,ALB,48,96.026
Bahrain,2024,ALB,49,96.135
Bahrain,2024,ALB,50,97.102
Bahrain,2024,ALB,51,97.616
Bahrain,2024,ALB,52,97.493
Qatar,2025,RUS,21,87.269
Qatar,2025,RUS,22,87.413
Qatar,2025,RUS,23,87.306
Qatar,2025,RUS,24,87.219
Qatar,2025,RUS,25,86.954
Qatar,2025,RUS,26,87.243
Qatar,2025,RUS,27,87.569
Qatar,2025,RUS,28,87.224
Qatar,2025,RUS,29,86.998
Qatar,2025,RUS,30,86.855
Qatar,2025,RUS,31,86.637
Qatar,2025,RUS,34,86.633
Qatar,2025,RUS,35,85.114
Qatar,2025,RUS,36,85.273
Qatar,2025,RUS,37,85.297
Qatar,2025,RUS,38,85.285
Qatar,2025,RUS,39,86.141
Qatar,2025,RUS,40,85.62
Qatar,2025,RUS,41,85.888
Qatar,2025,RUS,42,85.44
Qatar,2025,RUS,43,86.07
Qatar,2025,RUS,44,85.113
Qatar,2025,RUS,45,85.154
Qatar,2025,RUS,46,84.691
Qatar,2025,RUS,47,84.733
Qatar,2025,RUS,48,84.495
Qatar,2025,RUS,49,84.369
Qatar,2025,RUS,50,84.637
Qatar,2025,RUS,51,84.41
Qatar,2025,RUS,52,84.63
Qatar,2025,RUS,53,84.298
Australia,2025,GAS,23,92.355
Australia,2025,GAS,24,92.438
Australia,2025,GAS,25,92.035
Australia,2025,GAS,26,91.622
Australia,2025,GAS,27,90.928
Australia,2025,GAS,28,90.635
Australia,2025,GAS,29,90.382
Australia,2025,GAS,30,90.051
Australia,2025,GAS,31,90.124
Australia,2025,GAS,32,89.299
Australia,2025,GAS,42,89.383
Australia,2025,GAS,43,87.942
Australia,2025,GAS,52,85.02
Australia,2025,GAS,53,96.326
China,2024,HAM,19,102.564
China,2024,HAM,32,102.854
China,2024,HAM,33,101.118
China,2024,HAM,34,100.857
China,2024,HAM,35,100.835
China,2024,HAM,36,100.908
China,2024,HAM,37,101.289
China,2024,HAM,38,101.215
China,2024,HAM,39,100.974
China,2024,HAM,40,101.113
China,2024,HAM,41,101.5
China,2024,HAM,42,100.882
China,2024,HAM,43,101.068
China,2024,HAM,44,101.222
China,2024,HAM,45,100.915
China,2024,HAM,46,101.098
China,2024,HAM,47,101.341
China,2024,HAM,48,101.376
China,2024,HAM,49,101.315
China,2024,HAM,50,101.92
China,2024,HAM,51,101.306
China,2024,HAM,52,101.485
United States,2025,LAW,20,100.828
United States,2025,LAW,21,101.095
United States,2025,LAW,22,101.201
United States,2025,LAW,23,100.789
United States,2025,LAW,24,100.925
United States,2025,LAW,25,101.082
United States,2025,LAW,26,101.16
United States,2025,LAW,27,101.074
United States,2025,LAW,28,101.096
United States,2025,LAW,29,101.088
United States,2025,LAW,32,101.079
United States,2025,LAW,33,99.619
United States,2025,LAW,35,100.385
United States,2025,LAW,36,100.113
United States,2025,LAW,37,99.772
United States,2025,LAW,38,99.601
United States,2025,LAW,39,99.84
United States,2025,LAW,40,99.499
United States,2025,LAW,41,99.845
United States,2025,LAW,42,99.984
United States,2025,LAW,43,99.809
United States,2025,LAW,44,99.919
United States,2025,LAW,45,99.738
United States,2025,LAW,46,99.263
United States,2025,LAW,47,99.692
United States,2025,LAW,48,99.327
United States,2025,LAW,49,99.584
United States,2025,LAW,50,99.301
United States,2025,LAW,51,99.587
United States,2025,LAW,52,99.384
Saudi Arabia,2025,PIA,21,94.16
Saudi Arabia,2025,PIA,22,93.795
Saudi Arabia,2025,PIA,23,94.024
Saudi Arabia,2025,PIA,24,93.119
Saudi Arabia,2025,PIA,25,92.76
Saudi Arabia,2025,PIA,26,93.092
Saudi Arabia,2025,PIA,27,92.922
Saudi Arabia,2025,PIA,28,92.875
Saudi Arabia,2025,PIA,29,92.831
Saudi Arabia,2025,PIA,30,92.808
Saudi Arabia,2025,PIA,31,92.938
Saudi Arabia,2025,PIA,32,92.774
Saudi Arabia,2025,PIA,33,92.787
Saudi Arabia,2025,PIA,34,92.657
Saudi Arabia,2025,PIA,35,93.201
Saudi Arabia,2025,PIA,36,92.555
Saudi Arabia,2025,PIA,37,92.624
Saudi Arabia,2025,PIA,38,92.7
Saudi Arabia,2025,PIA,39,92.663
Saudi Arabia,2025,PIA,40,92.701
Saudi Arabia,2025,PIA,41,92.778
Saudi Arabia,2025,PIA,42,92.987
Saudi Arabia,2025,PIA,43,92.686
Saudi Arabia,2025,PIA,44,92.871
Saudi Arabia,2025,PIA,45,92.815
Saudi Arabia,2025,PIA,46,92.393
Azerbaijan,2025,HAD,23,106.556
Azerbaijan,2025,HAD,24,106.6
Azerbaijan,2025,HAD,25,106.42
Azerbaijan,2025,HAD,26,106.461
Azerbaijan,2025,HAD,27,106.36
Azerbaijan,2025,HAD,28,106.017
Azerbaijan,2025,HAD,31,106.639
Azerbaijan,2025,HAD,32,105.19
Azerbaijan,2025,HAD,33,104.835
Azerbaijan,2025,HAD,34,104.94
Azerbaijan,2025,HAD,35,104.921
Azerbaijan,2025,HAD,36,104.747
Azerbaijan,2025,HAD,37,104.845
Azerbaijan,2025,HAD,38,104.711
Azerbaijan,2025,HAD,39,104.636
Azerbaijan,2025,HAD,40,104.665
Azerbaijan,2025,HAD,41,104.483
Azerbaijan,2025,HAD,42,104.643
Azerbaijan,2025,HAD,43,104.605
Azerbaijan,2025,HAD,44,104.318
Azerbaijan,2025,HAD,45,104.445
Azerbaijan,2025,HAD,46,104.176
Azerbaijan,2025,HAD,47,104.222
Azerbaijan,2025,RUS,24,105.283
Azerbaijan,2025,RUS,25,105.379
Azerbaijan,2025,RUS,26,105.692
Azerbaijan,2025,RUS,27,105.449
Azerbaijan,2025,RUS,28,105.371
Azerbaijan,2025,RUS,29,105.277
Azerbaijan,2025,RUS,30,105.247
Azerbaijan,2025,RUS,31,105.046
Azerbaijan,2025,RUS,32,104.987
Azerbaijan,2025,RUS,33,105.092
Azerbaijan,2025,RUS,34,104.964
Azerbaijan,2025,RUS,35,104.887
Azerbaijan,2025,RUS,36,104.814
Azerbaijan,2025,RUS,37,104.825
Azerbaijan,2025,RUS,38,104.692
Azerbaijan,2025,RUS,41,104.829
Azerbaijan,2025,RUS,42,104.35
Azerbaijan,2025,RUS,43,103.754
Azerbaijan,2025,RUS,44,104.15
Azerbaijan,2025,RUS,45,103.85
Azerbaijan,2025,RUS,46,104.292
Azerbaijan,2025,RUS,47,104.158
Abu Dhabi,2025,VER,17,89.46
Abu Dhabi,2025,VER,18,89.578
Abu Dhabi,2025,VER,19,89.596
Abu Dhabi,2025,VER,20,89.614
Abu Dhabi,2025,VER,21,89.557
Abu Dhabi,2025,VER,22,89.441
Abu Dhabi,2025,VER,25,89.243
Abu Dhabi,2025,VER,26,88.693
Abu Dhabi,2025,VER,27,88.312
Abu Dhabi,2025,VER,28,88.327
Abu Dhabi,2025,VER,29,88.371
Abu Dhabi,2025,VER,30,88.003
Abu Dhabi,2025,VER,31,88.049
Abu Dhabi,2025,VER,32,87.844
Abu Dhabi,2025,VER,33,87.801
Abu Dhabi,2025,VER,34,87.909
Abu Dhabi,2025,VER,35,87.924
Abu Dhabi,2025,VER,36,87.981
Abu Dhabi,2025,VER,37,87.81
Abu Dhabi,2025,VER,38,87.745
Abu Dhabi,2025,VER,39,87.751
Abu Dhabi,2025,VER,40,87.625
Abu Dhabi,2025,VER,41,88.142
Abu Dhabi,2025,VER,42,87.973
Abu Dhabi,2025,VER,43,88.22
Abu Dhabi,2025,VER,44,87.935
Abu Dhabi,2025,VER,45,87.893
Abu Dhabi,2025,VER,46,87.752
Abu Dhabi,2025,VER,47,87.961
Abu Dhabi,2025,VER,48,87.871
Abu Dhabi,2025,VER,49,87.818
Abu Dhabi,2025,VER,50,87.75
Abu Dhabi,2025,VER,51,87.986
Abu Dhabi,2025,VER,52,87.983
Abu Dhabi,2025,VER,53,88.455
Abu Dhabi,2025,VER,54,88.395
Canada,2025,HAM,19,76.858
Canada,2025,HAM,20,78.007
Canada,2025,HAM,21,77.105
Canada,2025,HAM,22,76.648
Canada,2025,HAM,23,76.598
Canada,2025,HAM,24,76.429
Canada,2025,HAM,25,76.215
Canada,2025,HAM,26,76.589
Canada,2025,HAM,27,76.229
Canada,2025,HAM,28,75.883
Canada,2025,HAM,29,76.129
Canada,2025,HAM,30,76.217
Canada,2025,HAM,31,76.263
Canada,2025,HAM,32,76.185
Canada,2025,HAM,33,75.803
Canada,2025,HAM,34,75.877
Canada,2025,HAM,35,75.872
Canada,2025,HAM,36,75.828
Canada,2025,HAM,37,75.951
Canada,2025,HAM,38,76.027
Canada,2025,HAM,39,75.748
Canada,2025,HAM,40,75.997
Canada,2025,HAM,41,76.08
Canada,2025,HAM,42,76.223
Canada,2025,HAM,43,76.591
Canada,2025,HAM,44,76.582
Canada,2025,HAM,47,76.789
Canada,2025,HAM,49,75.728
Canada,2025,HAM,50,75.688
Canada,2025,HAM,51,75.536
Canada,2025,HAM,52,75.707
Canada,2025,HAM,53,75.668
Canada,2025,HAM,54,75.296
Canada,2025,HAM,55,75.417
Canada,2025,HAM,56,74.981
Canada,2025,HAM,57,75.068
Canada,2025,HAM,58,75.409
Canada,2025,HAM,59,75.167
Canada,2025,HAM,60,75.269
Canada,2025,HAM,61,75.227
United States,2025,HUL,20,100.413
United States,2025,HUL,21,100.813
United States,2025,HUL,22,100.767
United States,2025,HUL,23,100.695
United States,2025,HUL,24,100.378
United States,2025,HUL,25,100.89
United States,2025,HUL,26,100.865
United States,2025,HUL,27,102.105
United States,2025,HUL,28,100.585
United States,2025,HUL,29,100.33
United States,2025,HUL,30,100.329
United States,2025,HUL,31,99.81
United States,2025,HUL,32,100.31
United States,2025,HUL,35,100.414
United States,2025,HUL,36,99.003
United States,2025,HUL,37,100.013
United States,2025,HUL,38,99.626
United States,2025,HUL,39,99.901
United States,2025,HUL,40,99.55
United States,2025,HUL,41,99.855
United States,2025,HUL,42,100.409
United States,2025,HUL,43,99.831
United States,2025,HUL,44,99.186
United States,2025,HUL,45,99.53
United States,2025,HUL,46,99.635
United States,2025,HUL,47,99.628
United States,2025,HUL,48,99.514
United States,2025,HUL,49,99.03
United States,2025,HUL,50,98.969
United States,2025,HUL,51,99.0
United States,2025,HUL,52,98.939
Abu Dhabi,2025,GAS,19,89.487
Abu Dhabi,2025,GAS,20,90.602
Abu Dhabi,2025,GAS,21,89.911
Abu Dhabi,2025,GAS,22,89.442
Abu Dhabi,2025,GAS,23,89.69
Abu Dhabi,2025,GAS,24,89.729
Abu Dhabi,2025,GAS,25,89.747
Abu Dhabi,2025,GAS,26,89.715
Abu Dhabi,2025,GAS,27,89.855
Abu Dhabi,2025,GAS,28,89.972
Abu Dhabi,2025,GAS,29,89.971
Abu Dhabi,2025,GAS,30,89.98
Abu Dhabi,2025,GAS,31,89.955
Abu Dhabi,2025,GAS,32,90.137
Abu Dhabi,2025,GAS,33,90.018
Abu Dhabi,2025,GAS,34,90.339
Abu Dhabi,2025,GAS,35,90.137
Abu Dhabi,2025,GAS,36,90.115
Abu Dhabi,2025,GAS,37,90.592
Abu Dhabi,2025,GAS,38,89.908
Abu Dhabi,2025,GAS,39,90.193
Abu Dhabi,2025,GAS,42,90.957
Abu Dhabi,2025,GAS,43,88.765
Abu Dhabi,2025,GAS,44,88.051
Abu Dhabi,2025,GAS,45,88.166
Abu Dhabi,2025,GAS,46,88.047
Abu Dhabi,2025,GAS,47,87.767
Abu Dhabi,2025,GAS,48,88.143
Abu Dhabi,2025,GAS,49,88.048
Abu Dhabi,2025,GAS,50,88.4
Abu Dhabi,2025,GAS,51,87.992
Abu Dhabi,2025,GAS,52,88.364
Abu Dhabi,2025,GAS,53,88.428
Las Vegas,2024,VER,19,97.956
Las Vegas,2024,VER,20,97.678
Las Vegas,2024,VER,21,97.846
Las Vegas,2024,VER,22,97.59
Las Vegas,2024,VER,23,97.679
Las Vegas,2024,VER,24,97.524
Las Vegas,2024,VER,25,97.695
Las Vegas,2024,VER,26,98.038
Las Vegas,2024,VER,29,98.362
Las Vegas,2024,VER,30,97.386
Las Vegas,2024,VER,31,97.549
Las Vegas,2024,VER,32,97.996
Las Vegas,2024,VER,33,97.714
Las Vegas,2024,VER,34,97.579
Las Vegas,2024,VER,35,97.484
Las Vegas,2024,VER,36,97.243
Las Vegas,2024,VER,37,97.001
Las Vegas,2024,VER,38,96.72
Las Vegas,2024,VER,39,96.979
Las Vegas,2024,VER,40,96.344
Las Vegas,2024,VER,41,96.495
Las Vegas,2024,VER,42,97.522
Las Vegas,2024,VER,43,96.489
Las Vegas,2024,VER,44,96.248
Las Vegas,2024,VER,45,96.279
Las Vegas,2024,VER,46,96.394
Abu Dhabi,2025,STR,17,90.384
Abu Dhabi,2025,STR,18,90.914
Abu Dhabi,2025,STR,19,91.423
Abu Dhabi,2025,STR,20,91.8
Abu Dhabi,2025,STR,21,91.779
Abu Dhabi,2025,STR,22,92.002
Abu Dhabi,2025,STR,23,90.668
Abu Dhabi,2025,STR,24,89.973
Abu Dhabi,2025,STR,25,89.972
Abu Dhabi,2025,STR,26,89.854
Abu Dhabi,2025,STR,27,89.788
Abu Dhabi,2025,STR,28,89.987
Abu Dhabi,2025,STR,29,89.86
Abu Dhabi,2025,STR,30,89.926
Abu Dhabi,2025,STR,31,90.175
Abu Dhabi,2025,STR,32,89.958
Abu Dhabi,2025,STR,33,90.239
Abu Dhabi,2025,STR,34,89.972
Abu Dhabi,2025,STR,35,89.826
Abu Dhabi,2025,STR,36,90.004
Abu Dhabi,2025,STR,37,90.003
Abu Dhabi,2025,STR,38,89.84
Abu Dhabi,2025,STR,39,89.985
Abu Dhabi,2025,STR,40,90.218
Abu Dhabi,2025,STR,41,90.278
Abu Dhabi,2025,STR,44,90.029
Abu Dhabi,2025,STR,45,87.918
Abu Dhabi,2025,STR,46,88.113
Abu Dhabi,2025,STR,47,88.288
Abu Dhabi,2025,STR,48,87.743
Abu Dhabi,2025,STR,49,88.427
Abu Dhabi,2025,STR,50,87.949
Abu Dhabi,2025,STR,51,88.065
Abu Dhabi,2025,STR,52,87.839
Abu Dhabi,2025,STR,53,87.626
Abu Dhabi,2025,STR,54,88.658
Azerbaijan,2024,HUL,19,109.153
Azerbaijan,2024,HUL,20,108.539
Azerbaijan,2024,HUL,21,108.001
Azerbaijan,2024,HUL,22,108.275
Azerbaijan,2024,HUL,23,108.925
Azerbaijan,2024,HUL,24,108.804
Azerbaijan,2024,HUL,25,107.925
Azerbaijan,2024,HUL,26,108.093
Azerbaijan,2024,HUL,27,108.387
Azerbaijan,2024,HUL,28,108.337
Azerbaijan,2024,HUL,29,108.567
Azerbaijan,2024,HUL,30,108.314
Azerbaijan,2024,HUL,31,108.263
Azerbaijan,2024,HUL,32,108.105
Azerbaijan,2024,HUL,33,109.185
Azerbaijan,2024,HUL,34,107.811
Azerbaijan,2024,HUL,35,108.69
Azerbaijan,2024,HUL,37,109.429
Azerbaijan,2024,HUL,38,108.515
Azerbaijan,2024,HUL,39,109.638
Azerbaijan,2024,HUL,40,108.637
Azerbaijan,2024,HUL,41,108.125
Azerbaijan,2024,HUL,42,107.993
Azerbaijan,2024,HUL,43,107.691
Azerbaijan,2024,HUL,44,108.322
Netherlands,2025,COL,17,78.751
Netherlands,2025,COL,18,76.799
Netherlands,2025,COL,21,77.437
Netherlands,2025,COL,27,76.107
Netherlands,2025,COL,28,78.386
Netherlands,2025,COL,29,76.41
Netherlands,2025,COL,30,76.427
Netherlands,2025,COL,33,76.373
Netherlands,2025,COL,36,76.388
Netherlands,2025,COL,37,75.706
Netherlands,2025,COL,38,75.853
Netherlands,2025,COL,39,76.58
Netherlands,2025,COL,40,76.169
Netherlands,2025,COL,41,76.302
Netherlands,2025,COL,42,76.029
Netherlands,2025,COL,43,76.367
Netherlands,2025,COL,44,76.477
Netherlands,2025,COL,45,76.588
Netherlands,2025,COL,46,76.61
Netherlands,2025,COL,47,76.423
Netherlands,2025,COL,48,76.896
Netherlands,2025,COL,49,76.111
Netherlands,2025,COL,50,76.598
Netherlands,2025,COL,51,76.554
Netherlands,2025,COL,58,76.849
Netherlands,2025,COL,59,77.122
Netherlands,2025,COL,60,76.383
Netherlands,2025,COL,61,74.76
Netherlands,2025,COL,62,75.176
Netherlands,2025,COL,63,75.887
Netherlands,2025,COL,64,75.588
Azerbaijan,2025,ALB,25,105.51
Azerbaijan,2025,ALB,26,105.422
Azerbaijan,2025,ALB,27,105.412
Azerbaijan,2025,ALB,28,105.885
Azerbaijan,2025,ALB,29,106.263
Azerbaijan,2025,ALB,30,107.472
Azerbaijan,2025,ALB,31,105.865
Azerbaijan,2025,ALB,32,105.255
Azerbaijan,2025,ALB,33,105.205
Azerbaijan,2025,ALB,34,105.523
Azerbaijan,2025,ALB,35,106.756
Azerbaijan,2025,ALB,36,106.426
Azerbaijan,2025,ALB,37,106.019
Azerbaijan,2025,ALB,38,105.724
Azerbaijan,2025,ALB,39,105.049
Azerbaijan,2025,ALB,40,105.264
Azerbaijan,2025,ALB,41,105.559
Azerbaijan,2025,ALB,42,105.05
Azerbaijan,2025,ALB,43,105.036
Azerbaijan,2025,ALB,44,105.098
Azerbaijan,2025,ALB,45,105.133
Azerbaijan,2025,ALB,46,104.758
Azerbaijan,2025,ALB,47,105.222
Great Britain,2024,GAS,17,72.38
Great Britain,2024,GAS,18,72.368
Great Britain,2024,GAS,19,72.449
Great Britain,2024,GAS,22,72.472
Great Britain,2024,GAS,23,71.212
Great Britain,2024,GAS,24,71.075
Great Britain,2024,GAS,25,70.917
Great Britain,2024,GAS,26,70.725
Great Britain,2024,GAS,27,71.163
Great Britain,2024,GAS,28,71.343
Great Britain,2024,GAS,29,71.223
Great Britain,2024,GAS,30,71.727
Great Britain,2024,GAS,31,71.535
Great Britain,2024,GAS,32,71.789
Great Britain,2024,GAS,33,71.928
Great Britain,2024,GAS,34,71.814
Great Britain,2024,GAS,35,71.91
Great Britain,2024,GAS,36,72.924
Great Britain,2024,GAS,37,71.622
Great Britain,2024,GAS,38,71.641
Great Britain,2024,GAS,39,71.399
Great Britain,2024,GAS,40,71.778
Great Britain,2024,GAS,41,71.817
Great Britain,2024,GAS,44,71.965
Great Britain,2024,GAS,45,69.613
Great Britain,2024,GAS,46,69.609
Great Britain,2024,GAS,47,70.076
Great Britain,2024,GAS,48,70.337
Great Britain,2024,GAS,49,70.565
Great Britain,2024,GAS,50,70.566
Great Britain,2024,GAS,51,70.559
Great Britain,2024,GAS,52,70.594
Great Britain,2024,GAS,53,70.306
Great Britain,2024,GAS,54,70.566
Great Britain,2024,GAS,55,70.821
Great Britain,2024,GAS,56,70.631
Great Britain,2024,GAS,57,70.438
Great Britain,2024,GAS,58,70.488
Great Britain,2024,GAS,59,70.939
Great Britain,2024,GAS,60,70.922
Great Britain,2024,GAS,61,70.594
Great Britain,2024,GAS,62,71.213
Great Britain,2024,GAS,64,71.189
Great Britain,2024,GAS,67,71.2
Bahrain,2025,NOR,19,97.67
Bahrain,2025,NOR,20,97.655
Bahrain,2025,NOR,21,97.926
Bahrain,2025,NOR,22,97.983
Bahrain,2025,NOR,23,97.787
Bahrain,2025,NOR,24,98.134
Bahrain,2025,NOR,25,97.983
Bahrain,2025,NOR,26,99.29
Bahrain,2025,NOR,27,98.215
Bahrain,2025,NOR,28,97.97
Bahrain,2025,NOR,29,97.949
Bahrain,2025,NOR,30,98.13
Bahrain,2025,NOR,31,97.736
Bahrain,2025,NOR,36,97.927
Bahrain,2025,NOR,37,96.505
Bahrain,2025,NOR,38,97.967
Bahrain,2025,NOR,39,95.728
Bahrain,2025,NOR,40,96.259
Bahrain,2025,NOR,41,96.121
Bahrain,2025,NOR,42,96.259
Bahrain,2025,NOR,43,96.143
Bahrain,2025,NOR,44,96.042
Bahrain,2025,NOR,45,96.452
Bahrain,2025,NOR,46,96.594
Bahrain,2025,NOR,47,97.651
Bahrain,2025,NOR,48,96.315
Bahrain,2025,NOR,49,96.579
Bahrain,2025,NOR,50,97.861
Bahrain,2025,NOR,51,97.036
Bahrain,2025,NOR,52,97.083
Bahrain,2025,NOR,53,96.325
Japan,2024,GAS,20,98.599
Japan,2024,GAS,21,98.741
Japan,2024,GAS,22,98.415
Japan,2024,GAS,23,98.382
Japan,2024,GAS,24,99.816
Japan,2024,GAS,25,98.781
Japan,2024,GAS,26,99.034
Japan,2024,GAS,27,98.958
Japan,2024,GAS,28,98.902
Japan,2024,GAS,29,98.873
Japan,2024,GAS,30,99.052
Japan,2024,GAS,31,98.894
Japan,2024,GAS,34,99.45
Japan,2024,GAS,35,98.671
Japan,2024,GAS,36,97.656
Japan,2024,GAS,37,97.283
Japan,2024,GAS,38,98.426
Japan,2024,GAS,39,96.756
Japan,2024,GAS,40,100.223
Japan,2024,GAS,42,98.072
Japan,2024,GAS,43,97.014
Japan,2024,GAS,44,96.799
Japan,2024,GAS,45,97.201
Japan,2024,GAS,46,96.942
Japan,2024,GAS,47,96.997
Japan,2024,GAS,48,96.759
Austria,2025,COL,21,71.073
Austria,2025,COL,22,71.067
Austria,2025,COL,23,71.386
Austria,2025,COL,24,71.197
Austria,2025,COL,25,71.493
Austria,2025,COL,26,71.391
Austria,2025,COL,27,71.666
Austria,2025,COL,28,71.776
Austria,2025,COL,29,72.726
Austria,2025,COL,31,71.524
Austria,2025,COL,32,72.507
Austria,2025,COL,33,71.789
Austria,2025,COL,34,71.747
Austria,2025,COL,35,71.846
Austria,2025,COL,36,71.599
Austria,2025,COL,37,72.86
Austria,2025,COL,38,71.858
Austria,2025,COL,41,72.111
Austria,2025,COL,42,70.144
Austria,2025,COL,43,69.966
Austria,2025,COL,44,69.748
Austria,2025,COL,45,69.621
Austria,2025,COL,46,69.843
Austria,2025,COL,47,69.783
Austria,2025,COL,48,70.539
Austria,2025,COL,49,70.393
Austria,2025,COL,50,70.459
Austria,2025,COL,51,70.611
Austria,2025,COL,52,70.518
Austria,2025,COL,53,70.864
Austria,2025,COL,54,72.816
Austria,2025,COL,55,70.849
Austria,2025,COL,56,70.68
Austria,2025,COL,57,70.569
Austria,2025,COL,58,70.216
Austria,2025,COL,59,70.328
Austria,2025,COL,60,71.852
Austria,2025,COL,61,70.466
Austria,2025,COL,62,70.42
Austria,2025,COL,63,70.493
Austria,2025,COL,64,70.426
Austria,2025,COL,65,72.314
Australia,2024,RUS,21,82.434
Australia,2024,RUS,22,83.429
Australia,2024,RUS,23,82.838
Australia,2024,RUS,24,83.012
Australia,2024,RUS,25,82.942
Australia,2024,RUS,26,82.703
Australia,2024,RUS,27,82.885
Australia,2024,RUS,28,83.138
Australia,2024,RUS,29,83.096
Australia,2024,RUS,30,82.663
Australia,2024,RUS,31,82.663
Australia,2024,RUS,32,82.515
Australia,2024,RUS,33,82.71
Australia,2024,RUS,34,82.461
Australia,2024,RUS,35,82.353
Australia,2024,RUS,36,82.591
Australia,2024,RUS,37,82.537
Australia,2024,RUS,38,82.408
Australia,2024,RUS,39,82.175
Australia,2024,RUS,40,82.167
Australia,2024,RUS,41,82.473
Australia,2024,RUS,42,82.319
Australia,2024,RUS,43,82.257
Australia,2024,RUS,44,82.111
Australia,2024,RUS,47,82.097
Australia,2024,RUS,48,80.326
Australia,2024,RUS,49,80.739
Australia,2024,RUS,50,80.808
Australia,2024,RUS,51,80.982
Australia,2024,RUS,52,80.695
Qatar,2025,GAS,21,87.692
Qatar,2025,GAS,22,87.701
Qatar,2025,GAS,23,87.731
Qatar,2025,GAS,24,87.527
Qatar,2025,GAS,25,87.844
Qatar,2025,GAS,26,87.372
Qatar,2025,GAS,27,88.017
Qatar,2025,GAS,28,87.609
Qatar,2025,GAS,29,87.523
Qatar,2025,GAS,30,87.42
Qatar,2025,GAS,31,87.198
Qatar,2025,GAS,34,87.409
Qatar,2025,GAS,35,85.846
Qatar,2025,GAS,36,85.789
Qatar,2025,GAS,37,85.711
Qatar,2025,GAS,38,85.695
Qatar,2025,GAS,39,85.72
Qatar,2025,GAS,40,85.902
Qatar,2025,GAS,41,85.677
Qatar,2025,GAS,42,85.63
Qatar,2025,GAS,43,85.483
Qatar,2025,GAS,44,85.459
Qatar,2025,GAS,45,85.557
Qatar,2025,GAS,46,85.757
Qatar,2025,GAS,47,85.641
Qatar,2025,GAS,48,85.519
Qatar,2025,GAS,49,85.574
Qatar,2025,GAS,50,85.594
Qatar,2025,GAS,51,85.454
Qatar,2025,GAS,52,85.422
Monaco,2024,ALO,18,80.799
Monaco,2024,ALO,19,81.075
Monaco,2024,ALO,20,80.605
Monaco,2024,ALO,21,81.11
Monaco,2024,ALO,22,80.317
Monaco,2024,ALO,23,81.037
Monaco,2024,ALO,24,80.246
Monaco,2024,ALO,25,81.413
Monaco,2024,ALO,26,81.091
Monaco,2024,ALO,27,80.858
Monaco,2024,ALO,28,81.303
Monaco,2024,ALO,29,81.544
Monaco,2024,ALO,30,81.205
Monaco,2024,ALO,31,81.034
Monaco,2024,ALO,32,80.642
Monaco,2024,ALO,33,81.01
Monaco,2024,ALO,34,80.35
Monaco,2024,ALO,35,80.877
Monaco,2024,ALO,36,80.432
Monaco,2024,ALO,37,81.128
Monaco,2024,ALO,38,81.512
Monaco,2024,ALO,39,81.082
Monaco,2024,ALO,40,81.265
Monaco,2024,ALO,41,80.755
Monaco,2024,ALO,42,83.446
Monaco,2024,ALO,43,83.332
Monaco,2024,ALO,44,80.286
Monaco,2024,ALO,45,78.852
Monaco,2024,ALO,46,79.956
Monaco,2024,ALO,47,78.928
Monaco,2024,ALO,48,79.109
Monaco,2024,ALO,49,80.315
Monaco,2024,ALO,50,79.837
Monaco,2024,ALO,51,79.334
Monaco,2024,ALO,53,80.636
Monaco,2024,ALO,54,79.992
Monaco,2024,ALO,55,79.191
Monaco,2024,ALO,56,79.411
Monaco,2024,ALO,57,80.739
Monaco,2024,ALO,58,80.6
Monaco,2024,ALO,59,79.229
Monaco,2024,ALO,60,79.219
Monaco,2024,ALO,61,79.166
Monaco,2024,ALO,62,78.752
Monaco,2024,ALO,63,78.816
Monaco,2024,ALO,64,78.556
Monaco,2024,ALO,65,78.736
Monaco,2024,ALO,66,78.633
Monaco,2024,ALO,67,78.637
Monaco,2024,ALO,68,78.126
Monaco,2024,ALO,69,77.939
Monaco,2024,ALO,70,78.713
Monaco,2024,ALO,71,78.473
Monaco,2024,ALO,72,78.133
Singapore,2024,TSU,17,99.195
Singapore,2024,TSU,18,99.249
Singapore,2024,TSU,19,99.658
Singapore,2024,TSU,20,99.672
Singapore,2024,TSU,21,99.566
Singapore,2024,TSU,22,99.785
Singapore,2024,TSU,23,99.417
Singapore,2024,TSU,24,99.444
Singapore,2024,TSU,25,99.444
Singapore,2024,TSU,26,100.589
Singapore,2024,TSU,27,99.898
Singapore,2024,TSU,28,101.874
Singapore,2024,TSU,29,100.294
Singapore,2024,TSU,30,100.067
Singapore,2024,TSU,31,99.971
Singapore,2024,TSU,32,100.162
Singapore,2024,TSU,35,100.018
Singapore,2024,TSU,36,98.876
Singapore,2024,TSU,37,98.73
Singapore,2024,TSU,38,98.677
Singapore,2024,TSU,39,98.144
Singapore,2024,TSU,40,97.771
Singapore,2024,TSU,41,97.734
Singapore,2024,TSU,42,98.271
Singapore,2024,TSU,43,97.644
Singapore,2024,TSU,44,97.428
Singapore,2024,TSU,45,99.35
Singapore,2024,TSU,46,97.67
Singapore,2024,TSU,47,97.22
Singapore,2024,TSU,48,97.236
Singapore,2024,TSU,49,97.297
Singapore,2024,TSU,50,96.889
Singapore,2024,TSU,51,96.797
Singapore,2024,TSU,52,96.767
Singapore,2024,TSU,53,96.519
Singapore,2024,TSU,54,96.393
Singapore,2024,TSU,55,97.096
Singapore,2024,TSU,56,96.9
Singapore,2024,TSU,57,97.176
China,2025,TSU,22,97.716
China,2025,TSU,23,97.903
China,2025,TSU,24,97.673
China,2025,TSU,25,97.922
China,2025,TSU,26,98.042
China,2025,TSU,27,97.844
China,2025,TSU,28,97.802
China,2025,TSU,29,97.755
China,2025,TSU,30,97.905
China,2025,TSU,31,97.995
China,2025,TSU,32,98.331
China,2025,TSU,33,98.193
China,2025,TSU,34,97.807
China,2025,TSU,37,98.095
China,2025,TSU,38,97.005
China,2025,TSU,39,96.725
China,2025,TSU,40,96.499
China,2025,TSU,41,96.976
China,2025,TSU,42,96.734
China,2025,TSU,43,97.033
China,2025,TSU,44,96.933
China,2025,TSU,45,96.889
China,2025,TSU,48,96.783
China,2025,TSU,49,96.162
China,2025,TSU,50,95.871
China,2025,TSU,51,96.008
Miami,2025,PIA,44,90.413
Miami,2025,PIA,45,90.137
Miami,2025,PIA,46,90.589
Miami,2025,PIA,47,90.653
Miami,2025,PIA,48,90.372
Miami,2025,PIA,49,90.559
Miami,2025,PIA,50,89.992
Miami,2025,PIA,51,90.136
Miami,2025,PIA,52,90.103
Miami,2025,PIA,53,90.245
Canada,2024,MAG,20,87.825
Canada,2024,MAG,21,87.614
Canada,2024,MAG,22,87.411
Canada,2024,MAG,23,87.144
Canada,2024,MAG,30,87.198
Canada,2024,MAG,31,89.741
Canada,2024,MAG,32,93.596
Canada,2024,MAG,33,92.202
Canada,2024,MAG,34,90.285
Canada,2024,MAG,35,89.007
Canada,2024,MAG,36,88.5
Canada,2024,MAG,37,87.577
Canada,2024,MAG,38,88.283
Canada,2024,MAG,39,87.86
Canada,2024,MAG,40,86.726
Canada,2024,MAG,43,86.231
Canada,2024,MAG,44,88.313
Canada,2024,MAG,45,84.812
Canada,2024,MAG,46,84.688
Canada,2024,MAG,47,82.937
Canada,2024,MAG,49,81.988
Canada,2024,MAG,50,80.83
Canada,2024,MAG,51,80.587
Canada,2024,MAG,59,79.511
Canada,2024,MAG,60,82.613
Canada,2024,MAG,61,81.673
Canada,2024,MAG,62,78.685
Canada,2024,MAG,63,77.915
Canada,2024,MAG,64,77.617
Canada,2024,MAG,65,77.324
United States,2025,HAD,20,101.693
United States,2025,HAD,21,101.454
United States,2025,HAD,22,101.732
United States,2025,HAD,23,103.349
United States,2025,HAD,24,101.294
United States,2025,HAD,25,101.066
United States,2025,HAD,26,101.283
United States,2025,HAD,27,101.438
United States,2025,HAD,30,101.572
United States,2025,HAD,31,100.318
United States,2025,HAD,32,99.681
United States,2025,HAD,33,99.984
United States,2025,HAD,35,99.341
United States,2025,HAD,36,99.466
United States,2025,HAD,37,99.563
United States,2025,HAD,38,99.716
United States,2025,HAD,39,100.907
United States,2025,HAD,40,99.66
United States,2025,HAD,41,99.844
United States,2025,HAD,42,100.377
United States,2025,HAD,43,100.284
United States,2025,HAD,44,100.057
United States,2025,HAD,45,100.231
United States,2025,HAD,46,100.772
United States,2025,HAD,47,99.794
United States,2025,HAD,48,100.329
United States,2025,HAD,49,100.742
United States,2025,HAD,50,100.128
United States,2025,HAD,51,100.641
United States,2025,HAD,52,99.741
Abu Dhabi,2024,HUL,21,89.872
Abu Dhabi,2024,HUL,22,89.891
Abu Dhabi,2024,HUL,23,90.1
Abu Dhabi,2024,HUL,24,89.987
Abu Dhabi,2024,HUL,25,90.006
Abu Dhabi,2024,HUL,26,90.113
Abu Dhabi,2024,HUL,27,89.715
Abu Dhabi,2024,HUL,28,89.808
Abu Dhabi,2024,HUL,29,89.572
Abu Dhabi,2024,HUL,32,89.784
Abu Dhabi,2024,HUL,33,89.676
Abu Dhabi,2024,HUL,34,89.331
Abu Dhabi,2024,HUL,35,89.535
Abu Dhabi,2024,HUL,36,89.358
Abu Dhabi,2024,HUL,37,89.457
Abu Dhabi,2024,HUL,38,89.277
Abu Dhabi,2024,HUL,39,89.682
Abu Dhabi,2024,HUL,40,89.234
Abu Dhabi,2024,HUL,41,90.404
Abu Dhabi,2024,HUL,42,89.416
Abu Dhabi,2024,HUL,43,89.379
Abu Dhabi,2024,HUL,44,90.47
Abu Dhabi,2024,HUL,45,89.595
Abu Dhabi,2024,HUL,46,89.756
Abu Dhabi,2024,HUL,47,89.592
Abu Dhabi,2024,HUL,48,89.331
Abu Dhabi,2024,HUL,49,89.573
Abu Dhabi,2024,HUL,50,89.359
Abu Dhabi,2024,HUL,51,89.595
Abu Dhabi,2024,HUL,52,89.448
Abu Dhabi,2024,HUL,53,89.518
Saudi Arabia,2025,LEC,19,94.439
Saudi Arabia,2025,LEC,20,94.397
Saudi Arabia,2025,LEC,21,94.42
Saudi Arabia,2025,LEC,22,93.967
Saudi Arabia,2025,LEC,23,93.636
Saudi Arabia,2025,LEC,24,93.875
Saudi Arabia,2025,LEC,25,93.608
Saudi Arabia,2025,LEC,26,93.513
Saudi Arabia,2025,LEC,27,93.393
Saudi Arabia,2025,LEC,28,93.485
Saudi Arabia,2025,LEC,31,93.368
Saudi Arabia,2025,LEC,32,92.441
Saudi Arabia,2025,LEC,33,92.431
Saudi Arabia,2025,LEC,34,92.486
Saudi Arabia,2025,LEC,35,92.693
Saudi Arabia,2025,LEC,36,92.39
Saudi Arabia,2025,LEC,37,92.738
Saudi Arabia,2025,LEC,38,92.273
Saudi Arabia,2025,LEC,39,92.957
Saudi Arabia,2025,LEC,40,92.324
Saudi Arabia,2025,LEC,41,92.349
Saudi Arabia,2025,LEC,42,92.254
Saudi Arabia,2025,LEC,43,92.258
Saudi Arabia,2025,LEC,44,92.258
Saudi Arabia,2025,LEC,45,92.473
Saudi Arabia,2025,LEC,46,93.088
Singapore,2025,ALB,18,98.427
Singapore,2025,ALB,19,98.647
Singapore,2025,ALB,20,98.389
Singapore,2025,ALB,21,98.469
Singapore,2025,ALB,22,98.668
Singapore,2025,ALB,23,98.446
Singapore,2025,ALB,24,98.445
Singapore,2025,ALB,25,98.64
Singapore,2025,ALB,26,97.975
Singapore,2025,ALB,27,99.363
Singapore,2025,ALB,28,98.21
Singapore,2025,ALB,29,97.694
Singapore,2025,ALB,30,97.84
Singapore,2025,ALB,31,97.733
Singapore,2025,ALB,32,97.831
Singapore,2025,ALB,33,98.089
Singapore,2025,ALB,34,98.36
Singapore,2025,ALB,35,98.286
Singapore,2025,ALB,36,98.601
Singapore,2025,ALB,37,98.579
Singapore,2025,ALB,38,98.951
Singapore,2025,ALB,39,99.303
Singapore,2025,ALB,40,98.886
Singapore,2025,ALB,41,98.624
Singapore,2025,ALB,45,98.657
Singapore,2025,ALB,46,95.961
Singapore,2025,ALB,47,96.606
Singapore,2025,ALB,48,98.313
Singapore,2025,ALB,49,99.502
Singapore,2025,ALB,50,98.154
Singapore,2025,ALB,51,100.751
Singapore,2025,ALB,52,98.346
Singapore,2025,ALB,53,96.648
Singapore,2025,ALB,54,95.882
Singapore,2025,ALB,55,96.848
Singapore,2025,ALB,56,98.183
Singapore,2025,ALB,57,96.706
Austria,2024,PER,17,71.94
Austria,2024,PER,18,71.865
Austria,2024,PER,19,71.677
Austria,2024,PER,20,71.944
Austria,2024,PER,23,72.002
Austria,2024,PER,24,70.817
Austria,2024,PER,25,70.492
Austria,2024,PER,26,70.76
Austria,2024,PER,27,70.647
Austria,2024,PER,28,70.525
Austria,2024,PER,29,70.971
Austria,2024,PER,30,70.746
Austria,2024,PER,31,70.693
Austria,2024,PER,32,70.767
Austria,2024,PER,33,70.728
Austria,2024,PER,34,70.571
Austria,2024,PER,35,71.009
Austria,2024,PER,36,70.886
Austria,2024,PER,37,71.001
Austria,2024,PER,38,71.355
Austria,2024,PER,39,71.356
Austria,2024,PER,40,71.456
Austria,2024,PER,41,71.004
Austria,2024,PER,42,71.138
Austria,2024,PER,43,71.171
Austria,2024,PER,44,70.918
Austria,2024,PER,45,71.395
Austria,2024,PER,46,71.338
Austria,2024,PER,47,71.533
Austria,2024,PER,48,71.431
Austria,2024,PER,49,71.74
Austria,2024,PER,50,71.71
Austria,2024,PER,53,71.454
Austria,2024,PER,54,69.717
Austria,2024,PER,55,70.22
Austria,2024,PER,56,70.087
Austria,2024,PER,57,69.694
Austria,2024,PER,58,70.187
Austria,2024,PER,59,70.151
Austria,2024,PER,60,70.614
Austria,2024,PER,61,70.678
Austria,2024,PER,62,70.743
Austria,2024,PER,64,70.457
Austria,2024,PER,67,71.333
United States,2024,LAW,22,102.238
United States,2024,LAW,23,101.448
United States,2024,LAW,24,100.853
United States,2024,LAW,25,100.869
United States,2024,LAW,26,100.653
United States,2024,LAW,27,100.922
United States,2024,LAW,28,100.304
United States,2024,LAW,29,100.235
United States,2024,LAW,30,100.523
United States,2024,LAW,31,100.622
United States,2024,LAW,32,100.613
United States,2024,LAW,33,100.451
United States,2024,LAW,34,100.286
United States,2024,LAW,35,100.449
United States,2024,LAW,38,100.484
United States,2024,LAW,39,98.905
United States,2024,LAW,40,99.396
United States,2024,LAW,42,99.035
United States,2024,LAW,43,98.409
United States,2024,LAW,44,99.104
United States,2024,LAW,45,99.057
United States,2024,LAW,46,99.084
United States,2024,LAW,47,98.619
United States,2024,LAW,48,98.631
United States,2024,LAW,49,98.493
United States,2024,LAW,50,98.558
United States,2024,LAW,51,98.513
United States,2024,LAW,52,98.453
Singapore,2024,COL,17,98.865
Singapore,2024,COL,18,99.21
Singapore,2024,COL,19,99.078
Singapore,2024,COL,20,99.024
Singapore,2024,COL,21,98.682
Singapore,2024,COL,22,99.327
Singapore,2024,COL,23,98.959
Singapore,2024,COL,24,99.621
Singapore,2024,COL,25,99.047
Singapore,2024,COL,26,99.886
Singapore,2024,COL,27,99.427
Singapore,2024,COL,28,99.701
Singapore,2024,COL,31,99.813
Singapore,2024,COL,32,100.451
Singapore,2024,COL,33,98.081
Singapore,2024,COL,34,97.739
Singapore,2024,COL,35,97.983
Singapore,2024,COL,36,97.262
Singapore,2024,COL,37,97.789
Singapore,2024,COL,38,99.435
Singapore,2024,COL,39,97.707
Singapore,2024,COL,40,97.679
Singapore,2024,COL,41,97.555
Singapore,2024,COL,42,97.659
Singapore,2024,COL,43,97.721
Singapore,2024,COL,44,97.793
Singapore,2024,COL,45,97.637
Singapore,2024,COL,46,97.956
Singapore,2024,COL,47,97.55
Singapore,2024,COL,48,97.458
Singapore,2024,COL,49,97.936
Singapore,2024,COL,50,97.8
Singapore,2024,COL,51,98.692
Singapore,2024,COL,52,98.94
Singapore,2024,COL,53,98.348
Singapore,2024,COL,54,97.856
Singapore,2024,COL,55,97.79
Singapore,2024,COL,56,98.057
Singapore,2024,COL,57,101.189
Emilia Romagna,2025,OCO,18,82.838
Emilia Romagna,2025,OCO,19,82.716
Emilia Romagna,2025,OCO,20,82.432
Emilia Romagna,2025,OCO,21,82.736
Emilia Romagna,2025,OCO,22,82.166
Emilia Romagna,2025,OCO,23,82.651
Great Britain,2024,ZHO,17,72.441
Great Britain,2024,ZHO,18,72.852
Great Britain,2024,ZHO,19,73.866
Great Britain,2024,ZHO,20,72.597
Great Britain,2024,ZHO,21,75.649
Great Britain,2024,ZHO,22,73.624
Great Britain,2024,ZHO,23,73.307
Great Britain,2024,ZHO,24,72.674
Great Britain,2024,ZHO,25,72.726
Great Britain,2024,ZHO,26,74.091
Great Britain,2024,ZHO,27,73.839
Great Britain,2024,ZHO,30,72.905
Great Britain,2024,ZHO,31,70.915
Great Britain,2024,ZHO,32,70.713
Great Britain,2024,ZHO,33,72.217
Great Britain,2024,ZHO,34,70.748
Great Britain,2024,ZHO,35,71.224
Great Britain,2024,ZHO,36,71.692
Great Britain,2024,ZHO,37,72.638
Great Britain,2024,ZHO,38,72.234
Great Britain,2024,ZHO,39,72.77
Great Britain,2024,ZHO,40,70.987
Great Britain,2024,ZHO,41,71.298
Great Britain,2024,ZHO,42,74.79
Great Britain,2024,ZHO,43,71.54
Great Britain,2024,ZHO,44,71.821
Great Britain,2024,ZHO,45,71.336
Great Britain,2024,ZHO,46,71.291
Great Britain,2024,ZHO,47,71.231
Great Britain,2024,ZHO,48,71.714
Great Britain,2024,ZHO,49,71.663
Great Britain,2024,ZHO,50,71.385
Great Britain,2024,ZHO,53,73.529
Great Britain,2024,ZHO,54,70.726
Great Britain,2024,ZHO,55,70.47
Great Britain,2024,ZHO,56,70.809
Great Britain,2024,ZHO,57,71.042
Great Britain,2024,ZHO,58,71.155
Great Britain,2024,ZHO,59,71.225
Great Britain,2024,ZHO,60,70.977
Great Britain,2024,ZHO,61,70.765
Great Britain,2024,ZHO,63,70.976
Great Britain,2024,ZHO,66,71.171
Australia,2024,ZHO,21,83.069
Australia,2024,ZHO,22,83.473
Australia,2024,ZHO,23,83.431
Australia,2024,ZHO,24,83.264
Australia,2024,ZHO,25,83.196
Australia,2024,ZHO,26,83.031
Australia,2024,ZHO,27,83.062
Australia,2024,ZHO,28,83.097
Australia,2024,ZHO,29,83.023
Australia,2024,ZHO,30,82.602
Australia,2024,ZHO,31,82.989
Australia,2024,ZHO,32,82.826
Australia,2024,ZHO,33,83.17
Australia,2024,ZHO,34,83.246
Australia,2024,ZHO,37,83.068
Australia,2024,ZHO,38,82.598
Australia,2024,ZHO,39,82.43
Australia,2024,ZHO,40,82.008
Australia,2024,ZHO,41,81.908
Australia,2024,ZHO,42,83.999
Australia,2024,ZHO,43,82.195
Australia,2024,ZHO,44,83.827
Australia,2024,ZHO,45,82.147
Australia,2024,ZHO,46,81.609
Australia,2024,ZHO,47,81.663
Australia,2024,ZHO,48,81.776
Australia,2024,ZHO,49,83.135
Australia,2024,ZHO,50,81.327
Australia,2024,ZHO,51,81.831
Netherlands,2024,SAR,17,77.84
Netherlands,2024,SAR,18,79.184
Netherlands,2024,SAR,19,78.011
Netherlands,2024,SAR,20,78.035
Netherlands,2024,SAR,21,78.02
Netherlands,2024,SAR,24,77.713
Netherlands,2024,SAR,25,75.714
Netherlands,2024,SAR,26,75.856
Netherlands,2024,SAR,27,75.539
Netherlands,2024,SAR,28,75.886
Netherlands,2024,SAR,29,75.875
Netherlands,2024,SAR,30,76.039
Netherlands,2024,SAR,31,76.931
Netherlands,2024,SAR,32,76.967
Netherlands,2024,SAR,33,76.421
Netherlands,2024,SAR,34,76.55
Netherlands,2024,SAR,35,76.363
Netherlands,2024,SAR,36,76.532
Netherlands,2024,SAR,37,76.37
Netherlands,2024,SAR,38,76.484
Netherlands,2024,SAR,39,76.979
Netherlands,2024,SAR,40,76.983
Netherlands,2024,SAR,41,76.907
Netherlands,2024,SAR,42,79.422
Netherlands,2024,SAR,43,77.217
Netherlands,2024,SAR,44,77.512
Netherlands,2024,SAR,45,76.551
Netherlands,2024,SAR,46,76.611
Netherlands,2024,SAR,47,78.611
Netherlands,2024,SAR,48,76.843
Netherlands,2024,SAR,49,76.13
Netherlands,2024,SAR,50,76.163
Netherlands,2024,SAR,51,78.22
Netherlands,2024,SAR,52,76.258
Netherlands,2024,SAR,53,76.399
Netherlands,2024,SAR,54,76.279
Netherlands,2024,SAR,55,76.617
Netherlands,2024,SAR,56,77.6
Netherlands,2024,SAR,57,76.314
Netherlands,2024,SAR,58,76.486
Netherlands,2024,SAR,59,78.672
Netherlands,2024,SAR,60,76.84
Netherlands,2024,SAR,61,76.594
Netherlands,2024,SAR,62,76.79
Netherlands,2024,SAR,63,77.22
Netherlands,2024,SAR,64,77.827
Netherlands,2024,SAR,65,76.434
Netherlands,2024,SAR,66,76.418
Netherlands,2024,SAR,67,76.468
Belgium,2024,SAI,18,108.831
Belgium,2024,SAI,19,109.042
Belgium,2024,SAI,22,109.052
Belgium,2024,SAI,23,107.928
Belgium,2024,SAI,24,108.431
Belgium,2024,SAI,25,107.815
Belgium,2024,SAI,26,108.234
Belgium,2024,SAI,27,107.75
Belgium,2024,SAI,30,108.355
Belgium,2024,SAI,31,106.713
Belgium,2024,SAI,32,106.647
Belgium,2024,SAI,33,107.191
Belgium,2024,SAI,34,107.087
Belgium,2024,SAI,35,107.38
Belgium,2024,SAI,36,107.012
Belgium,2024,SAI,37,107.358
Belgium,2024,SAI,38,107.722
Belgium,2024,SAI,39,107.558
Belgium,2024,SAI,40,107.32
Canada,2024,LEC,18,88.325
Canada,2024,LEC,19,87.279
Canada,2024,LEC,20,87.107
Canada,2024,LEC,21,88.214
Canada,2024,LEC,22,88.317
Canada,2024,LEC,23,87.253
Canada,2024,LEC,30,86.623
Canada,2024,LEC,33,104.706
Canada,2024,LEC,34,88.269
Canada,2024,LEC,35,88.054
Azerbaijan,2024,ZHO,17,110.994
Azerbaijan,2024,ZHO,18,110.518
Azerbaijan,2024,ZHO,19,111.803
Azerbaijan,2024,ZHO,20,110.496
Azerbaijan,2024,ZHO,21,110.45
Azerbaijan,2024,ZHO,22,110.483
Azerbaijan,2024,ZHO,23,110.37
Azerbaijan,2024,ZHO,24,110.563
Azerbaijan,2024,ZHO,25,110.276
Azerbaijan,2024,ZHO,26,110.054
Azerbaijan,2024,ZHO,27,110.102
Azerbaijan,2024,ZHO,28,110.036
Azerbaijan,2024,ZHO,29,109.76
Azerbaijan,2024,ZHO,30,109.685
Azerbaijan,2024,ZHO,31,109.741
Azerbaijan,2024,ZHO,32,109.794
Azerbaijan,2024,ZHO,33,109.357
Azerbaijan,2024,ZHO,36,109.199
Azerbaijan,2024,ZHO,37,108.304
Azerbaijan,2024,ZHO,38,108.112
Azerbaijan,2024,ZHO,39,108.378
Azerbaijan,2024,ZHO,40,108.001
Azerbaijan,2024,ZHO,41,108.014
Azerbaijan,2024,ZHO,42,108.0
Azerbaijan,2024,ZHO,43,108.054
Azerbaijan,2024,ZHO,44,107.644
Canada,2024,PIA,18,86.412
Canada,2024,PIA,19,85.976
Canada,2024,PIA,20,85.529
Canada,2024,PIA,21,85.391
Canada,2024,PIA,22,85.351
Canada,2024,PIA,23,85.361
Canada,2024,PIA,24,85.85
Canada,2024,PIA,30,86.273
Canada,2024,PIA,31,87.424
Canada,2024,PIA,32,90.562
Canada,2024,PIA,33,90.225
Canada,2024,PIA,34,89.655
Canada,2024,PIA,35,87.454
Canada,2024,PIA,36,87.187
Canada,2024,PIA,37,87.062
Canada,2024,PIA,38,85.769
Canada,2024,PIA,39,85.804
Canada,2024,PIA,40,85.154
Canada,2024,PIA,42,84.439
Canada,2024,PIA,43,84.547
Canada,2024,PIA,46,84.465
Canada,2024,PIA,47,83.49
Canada,2024,PIA,48,81.898
Canada,2024,PIA,50,81.014
Canada,2024,PIA,51,79.98
Canada,2024,PIA,59,78.633
Canada,2024,PIA,60,79.586
Canada,2024,PIA,61,77.239
Canada,2024,PIA,62,76.853
Canada,2024,PIA,63,76.967
Canada,2024,PIA,64,77.279
Hungary,2024,HUL,19,86.286
Hungary,2024,HUL,20,85.533
Hungary,2024,HUL,21,85.279
Hungary,2024,HUL,22,85.309
Hungary,2024,HUL,23,85.417
Hungary,2024,HUL,24,85.693
Hungary,2024,HUL,25,85.819
Hungary,2024,HUL,26,85.639
Hungary,2024,HUL,27,85.994
Hungary,2024,HUL,28,87.222
Hungary,2024,HUL,31,87.011
Hungary,2024,HUL,32,83.925
Hungary,2024,HUL,33,83.765
Hungary,2024,HUL,34,84.096
Hungary,2024,HUL,35,86.129
Hungary,2024,HUL,36,83.794
Hungary,2024,HUL,37,84.046
Hungary,2024,HUL,38,84.02
Hungary,2024,HUL,39,84.033
Hungary,2024,HUL,40,84.212
Hungary,2024,HUL,41,84.307
Hungary,2024,HUL,42,84.178
Hungary,2024,HUL,43,84.037
Hungary,2024,HUL,44,84.366
Hungary,2024,HUL,45,84.676
Hungary,2024,HUL,46,86.055
Hungary,2024,HUL,47,83.614
Hungary,2024,HUL,48,84.394
Hungary,2024,HUL,49,85.42
Hungary,2024,HUL,50,84.112
Hungary,2024,HUL,51,83.851
Hungary,2024,HUL,52,84.03
Hungary,2024,HUL,53,83.878
Hungary,2024,HUL,54,83.559
Hungary,2024,HUL,55,83.461
Hungary,2024,HUL,56,83.597
Hungary,2024,HUL,57,83.741
Hungary,2024,HUL,58,83.971
Hungary,2024,HUL,59,85.961
Hungary,2024,HUL,60,86.496
Hungary,2024,HUL,61,85.022
Hungary,2024,HUL,63,84.102
Hungary,2024,HUL,64,85.49
Hungary,2024,HUL,65,85.253
Las Vegas,2024,HAM,19,97.668
Las Vegas,2024,HAM,20,98.14
Las Vegas,2024,HAM,21,97.275
Las Vegas,2024,HAM,22,97.355
Las Vegas,2024,HAM,23,97.086
Las Vegas,2024,HAM,24,97.121
Las Vegas,2024,HAM,25,97.323
Las Vegas,2024,HAM,26,98.213
Las Vegas,2024,HAM,29,97.055
Las Vegas,2024,HAM,30,96.951
Las Vegas,2024,HAM,31,96.748
Las Vegas,2024,HAM,32,96.412
Las Vegas,2024,HAM,33,96.96
Las Vegas,2024,HAM,34,97.293
Las Vegas,2024,HAM,35,96.685
Las Vegas,2024,HAM,36,96.397
Las Vegas,2024,HAM,37,96.288
Las Vegas,2024,HAM,38,96.177
Las Vegas,2024,HAM,39,96.148
Las Vegas,2024,HAM,40,95.88
Las Vegas,2024,HAM,41,95.928
Las Vegas,2024,HAM,42,95.48
Las Vegas,2024,HAM,43,95.884
Las Vegas,2024,HAM,44,95.863
Las Vegas,2024,HAM,45,95.662
Las Vegas,2024,HAM,46,95.988
Miami,2024,TSU,17,93.683
Miami,2024,TSU,18,93.936
Miami,2024,TSU,19,93.745
Miami,2024,TSU,20,93.382
Miami,2024,TSU,21,93.447
Miami,2024,TSU,24,93.711
Miami,2024,TSU,25,94.405
Miami,2024,TSU,26,93.277
Miami,2024,TSU,27,93.08
Miami,2024,TSU,33,93.109
Miami,2024,TSU,34,94.127
Miami,2024,TSU,35,93.232
Miami,2024,TSU,36,92.318
Miami,2024,TSU,37,92.388
Miami,2024,TSU,38,91.906
Miami,2024,TSU,39,91.724
Miami,2024,TSU,40,92.204
Miami,2024,TSU,41,92.798
Miami,2024,TSU,42,92.177
Miami,2024,TSU,43,91.943
Miami,2024,TSU,44,91.909
Miami,2024,TSU,45,91.915
Miami,2024,TSU,46,92.077
Miami,2024,TSU,47,92.025
Miami,2024,TSU,48,92.006
Miami,2024,TSU,49,92.01
Miami,2024,TSU,50,92.164
Miami,2024,TSU,51,91.952
Miami,2024,TSU,52,92.07
Miami,2024,TSU,53,92.023
Saudi Arabia,2025,RUS,19,94.49
Saudi Arabia,2025,RUS,22,94.856
Saudi Arabia,2025,RUS,23,93.62
Saudi Arabia,2025,RUS,24,93.672
Saudi Arabia,2025,RUS,25,93.853
Saudi Arabia,2025,RUS,26,93.65
Saudi Arabia,2025,RUS,27,93.201
Saudi Arabia,2025,RUS,28,93.269
Saudi Arabia,2025,RUS,29,93.299
Saudi Arabia,2025,RUS,30,93.375
Saudi Arabia,2025,RUS,31,93.306
Saudi Arabia,2025,RUS,32,93.075
Saudi Arabia,2025,RUS,33,92.893
Saudi Arabia,2025,RUS,34,92.944
Saudi Arabia,2025,RUS,35,92.908
Saudi Arabia,2025,RUS,36,92.966
Saudi Arabia,2025,RUS,37,92.918
Saudi Arabia,2025,RUS,38,93.069
Saudi Arabia,2025,RUS,39,95.244
Saudi Arabia,2025,RUS,40,93.317
Saudi Arabia,2025,RUS,41,93.698
Saudi Arabia,2025,RUS,42,94.701
Saudi Arabia,2025,RUS,43,94.15
Saudi Arabia,2025,RUS,44,93.497
Saudi Arabia,2025,RUS,45,93.645
Saudi Arabia,2025,RUS,46,93.707
Saudi Arabia,2024,VER,20,93.135
Saudi Arabia,2024,VER,21,93.066
Saudi Arabia,2024,VER,22,92.933
Saudi Arabia,2024,VER,23,92.98
Saudi Arabia,2024,VER,24,92.792
Saudi Arabia,2024,VER,25,92.683
Saudi Arabia,2024,VER,26,92.785
Saudi Arabia,2024,VER,27,92.561
Saudi Arabia,2024,VER,28,92.722
Saudi Arabia,2024,VER,29,92.674
Saudi Arabia,2024,VER,30,92.752
Saudi Arabia,2024,VER,31,92.601
Saudi Arabia,2024,VER,32,92.454
Saudi Arabia,2024,VER,33,92.545
Saudi Arabia,2024,VER,34,92.309
Saudi Arabia,2024,VER,35,92.558
Saudi Arabia,2024,VER,36,92.536
Saudi Arabia,2024,VER,37,92.413
Saudi Arabia,2024,VER,38,92.412
Saudi Arabia,2024,VER,39,92.296
Saudi Arabia,2024,VER,40,91.995
Saudi Arabia,2024,VER,41,92.555
Saudi Arabia,2024,VER,42,92.491
Saudi Arabia,2024,VER,43,93.013
Saudi Arabia,2024,VER,44,93.123
Saudi Arabia,2024,VER,45,92.377
Saudi Arabia,2024,VER,46,93.01
Italy,2024,HAM,19,84.831
Italy,2024,HAM,20,84.649
Italy,2024,HAM,21,84.64
Italy,2024,HAM,22,84.915
Italy,2024,HAM,23,84.613
Italy,2024,HAM,24,84.132
Italy,2024,HAM,25,83.818
Italy,2024,HAM,26,83.804
Italy,2024,HAM,27,83.673
Italy,2024,HAM,28,83.495
Italy,2024,HAM,29,83.64
Italy,2024,HAM,30,83.507
Italy,2024,HAM,31,83.445
Italy,2024,HAM,32,83.36
Italy,2024,HAM,33,83.328
Italy,2024,HAM,34,83.397
Italy,2024,HAM,35,83.531
Italy,2024,HAM,36,83.378
Italy,2024,HAM,39,83.601
Italy,2024,HAM,40,82.968
Italy,2024,HAM,41,83.012
Italy,2024,HAM,42,82.927
Italy,2024,HAM,43,82.52
Italy,2024,HAM,44,82.396
Italy,2024,HAM,45,82.136
Italy,2024,HAM,46,82.176
Italy,2024,HAM,47,82.307
Italy,2024,HAM,48,82.471
Italy,2024,HAM,49,82.794
Qatar,2025,ALB,21,87.586
Qatar,2025,ALB,22,87.617
Qatar,2025,ALB,23,87.74
Qatar,2025,ALB,24,87.57
Qatar,2025,ALB,25,87.534
Qatar,2025,ALB,26,87.38
Qatar,2025,ALB,27,87.431
Qatar,2025,ALB,28,87.343
Qatar,2025,ALB,29,87.511
Qatar,2025,ALB,30,87.41
Qatar,2025,ALB,31,87.373
Qatar,2025,ALB,34,87.123
Qatar,2025,ALB,35,85.421
Qatar,2025,ALB,36,85.658
Qatar,2025,ALB,37,85.891
Qatar,2025,ALB,38,86.097
Qatar,2025,ALB,39,85.841
Qatar,2025,ALB,40,85.943
Qatar,2025,ALB,41,85.875
Qatar,2025,ALB,42,85.757
Qatar,2025,ALB,43,85.61
Qatar,2025,ALB,44,85.617
Qatar,2025,ALB,45,85.582
Qatar,2025,ALB,46,85.427
Qatar,2025,ALB,47,85.68
Qatar,2025,ALB,48,85.236
Qatar,2025,ALB,49,85.328
Qatar,2025,ALB,50,85.184
Qatar,2025,ALB,51,85.03
Qatar,2025,ALB,52,84.792
Qatar,2025,ALB,53,84.866
Bahrain,2025,BOR,19,99.265
Bahrain,2025,BOR,20,98.953
Bahrain,2025,BOR,21,98.764
Bahrain,2025,BOR,22,99.32
Bahrain,2025,BOR,23,99.167
Bahrain,2025,BOR,24,99.252
Bahrain,2025,BOR,25,99.787
Bahrain,2025,BOR,26,99.358
Bahrain,2025,BOR,27,99.765
Bahrain,2025,BOR,28,100.319
Bahrain,2025,BOR,29,99.87
Bahrain,2025,BOR,30,99.853
Bahrain,2025,BOR,31,99.88
Bahrain,2025,BOR,36,99.929
Bahrain,2025,BOR,37,100.448
Bahrain,2025,BOR,38,98.701
Bahrain,2025,BOR,39,98.006
Bahrain,2025,BOR,40,98.433
Bahrain,2025,BOR,41,98.311
Bahrain,2025,BOR,42,98.758
Bahrain,2025,BOR,43,98.49
Bahrain,2025,BOR,44,98.919
Bahrain,2025,BOR,45,100.209
Bahrain,2025,BOR,46,98.554
Bahrain,2025,BOR,47,98.151
Bahrain,2025,BOR,48,98.47
Bahrain,2025,BOR,49,98.583
Bahrain,2025,BOR,50,98.58
Bahrain,2025,BOR,51,98.592
Bahrain,2025,BOR,52,98.706
Bahrain,2025,BOR,53,98.551
Mexico City,2025,TSU,19,83.826
Mexico City,2025,TSU,20,83.538
Mexico City,2025,TSU,21,83.852
Mexico City,2025,TSU,22,83.552
Mexico City,2025,TSU,23,83.587
Mexico City,2025,TSU,24,83.642
Mexico City,2025,TSU,25,83.655
Mexico City,2025,TSU,26,83.424
Mexico City,2025,TSU,27,83.774
Mexico City,2025,TSU,28,83.527
Mexico City,2025,TSU,29,83.466
Mexico City,2025,TSU,30,83.431
Mexico City,2025,TSU,31,83.551
Mexico City,2025,TSU,32,83.591
Mexico City,2025,TSU,33,84.825
Mexico City,2025,TSU,34,85.19
Mexico City,2025,TSU,35,84.432
Mexico City,2025,TSU,38,85.496
Mexico City,2025,TSU,39,82.354
Mexico City,2025,TSU,40,81.853
Mexico City,2025,TSU,41,81.885
Mexico City,2025,TSU,42,81.853
Mexico City,2025,TSU,43,81.745
Mexico City,2025,TSU,44,81.633
Mexico City,2025,TSU,45,81.486
Mexico City,2025,TSU,46,81.88
Mexico City,2025,TSU,47,81.764
Mexico City,2025,TSU,48,82.394
Mexico City,2025,TSU,49,82.155
Mexico City,2025,TSU,50,82.258
Mexico City,2025,TSU,51,82.068
Mexico City,2025,TSU,52,82.028
Mexico City,2025,TSU,53,82.013
Mexico City,2025,TSU,54,81.977
Mexico City,2025,TSU,55,82.073
Mexico City,2025,TSU,56,82.365
Mexico City,2025,TSU,57,82.288
Mexico City,2025,TSU,58,82.23
Mexico City,2025,TSU,59,82.092
Mexico City,2025,TSU,60,82.107
Mexico City,2025,TSU,61,82.395
Mexico City,2025,TSU,62,82.191
Mexico City,2025,TSU,63,83.587
Mexico City,2025,TSU,64,82.853
Mexico City,2025,TSU,65,82.132
Miami,2025,GAS,43,91.528
Miami,2025,GAS,44,91.511
Miami,2025,GAS,45,91.443
Miami,2025,GAS,46,92.445
Miami,2025,GAS,47,91.913
Miami,2025,GAS,48,91.438
Miami,2025,GAS,49,91.327
Miami,2025,GAS,50,91.304
Miami,2025,GAS,51,91.391
Miami,2025,GAS,52,91.497
Miami,2025,GAS,53,92.09
Spain,2024,ALO,17,82.546
Spain,2024,ALO,18,83.26
Spain,2024,ALO,21,82.186
Spain,2024,ALO,22,80.488
Spain,2024,ALO,23,80.345
Spain,2024,ALO,24,80.773
Spain,2024,ALO,25,81.14
Spain,2024,ALO,26,81.199
Spain,2024,ALO,27,81.291
Spain,2024,ALO,28,81.391
Spain,2024,ALO,29,81.411
Spain,2024,ALO,30,81.457
Spain,2024,ALO,31,81.426
Spain,2024,ALO,32,81.276
Spain,2024,ALO,33,80.904
Spain,2024,ALO,34,81.093
Spain,2024,ALO,35,81.916
Spain,2024,ALO,36,81.192
Spain,2024,ALO,37,81.028
Spain,2024,ALO,38,80.993
Spain,2024,ALO,39,80.536
Spain,2024,ALO,40,82.382
Spain,2024,ALO,41,81.113
Spain,2024,ALO,42,81.139
Spain,2024,ALO,43,80.537
Spain,2024,ALO,44,80.435
Spain,2024,ALO,47,80.539
Spain,2024,ALO,48,78.972
Spain,2024,ALO,49,78.727
Spain,2024,ALO,50,78.719
Spain,2024,ALO,51,78.334
Spain,2024,ALO,52,78.902
Spain,2024,ALO,53,79.666
Spain,2024,ALO,54,78.712
Spain,2024,ALO,55,79.415
Spain,2024,ALO,56,79.28
Spain,2024,ALO,57,79.025
Spain,2024,ALO,58,81.003
Spain,2024,ALO,59,79.355
Spain,2024,ALO,60,79.876
Spain,2024,ALO,61,80.583
Austria,2025,HUL,21,70.769
Austria,2025,HUL,22,71.332
Austria,2025,HUL,23,70.923
Austria,2025,HUL,24,70.78
Austria,2025,HUL,25,70.924
Austria,2025,HUL,26,71.101
Austria,2025,HUL,27,71.448
Austria,2025,HUL,28,71.142
Austria,2025,HUL,29,72.593
Austria,2025,HUL,31,70.895
Austria,2025,HUL,32,71.075
Austria,2025,HUL,33,71.239
Austria,2025,HUL,34,71.002
Austria,2025,HUL,35,70.923
Austria,2025,HUL,36,70.948
Austria,2025,HUL,37,70.861
Austria,2025,HUL,38,70.802
Austria,2025,HUL,39,70.797
Austria,2025,HUL,40,70.906
Austria,2025,HUL,41,70.708
Austria,2025,HUL,44,71.041
Austria,2025,HUL,45,70.552
Austria,2025,HUL,46,70.168
Austria,2025,HUL,47,72.362
Austria,2025,HUL,48,70.453
Austria,2025,HUL,49,70.645
Austria,2025,HUL,50,70.257
Austria,2025,HUL,51,70.645
Austria,2025,HUL,52,70.162
Austria,2025,HUL,53,70.293
Austria,2025,HUL,54,69.945
Austria,2025,HUL,55,69.857
Austria,2025,HUL,56,70.188
Austria,2025,HUL,57,69.872
Austria,2025,HUL,58,69.459
Austria,2025,HUL,59,69.661
Austria,2025,HUL,60,69.46
Austria,2025,HUL,61,69.792
Austria,2025,HUL,62,69.742
Austria,2025,HUL,63,69.996
Austria,2025,HUL,64,71.67
Austria,2025,HUL,65,70.646
United States,2025,PIA,21,100.329
United States,2025,PIA,22,100.177
United States,2025,PIA,23,100.452
United States,2025,PIA,24,99.955
United States,2025,PIA,25,100.392
United States,2025,PIA,26,100.638
United States,2025,PIA,27,100.74
United States,2025,PIA,28,100.816
United States,2025,PIA,29,100.668
United States,2025,PIA,32,100.76
United States,2025,PIA,33,99.934
United States,2025,PIA,35,99.236
United States,2025,PIA,36,98.615
United States,2025,PIA,37,99.131
United States,2025,PIA,38,98.735
United States,2025,PIA,39,98.934
United States,2025,PIA,40,98.974
United States,2025,PIA,41,98.948
United States,2025,PIA,42,99.223
United States,2025,PIA,43,99.183
United States,2025,PIA,44,98.982
United States,2025,PIA,45,98.861
United States,2025,PIA,46,98.646
United States,2025,PIA,47,98.831
United States,2025,PIA,48,98.758
United States,2025,PIA,49,98.769
United States,2025,PIA,50,98.908
United States,2025,PIA,51,98.783
United States,2025,PIA,52,98.784
São Paulo,2025,HAM,26,76.093
São Paulo,2025,HAM,27,75.65
São Paulo,2025,HAM,28,75.978
São Paulo,2025,HAM,29,75.612
São Paulo,2025,HAM,30,75.58
Canada,2025,BEA,17,78.484
Canada,2025,BEA,20,78.656
Canada,2025,BEA,21,76.535
Canada,2025,BEA,22,77.183
Canada,2025,BEA,23,76.903
Canada,2025,BEA,24,76.686
Canada,2025,BEA,25,76.668
Canada,2025,BEA,26,76.8
Canada,2025,BEA,27,76.541
Canada,2025,BEA,28,76.708
Canada,2025,BEA,29,76.479
Canada,2025,BEA,30,77.059
Canada,2025,BEA,31,77.169
Canada,2025,BEA,32,76.848
Canada,2025,BEA,33,79.709
Canada,2025,BEA,34,77.403
Canada,2025,BEA,35,76.64
Canada,2025,BEA,36,76.96
Canada,2025,BEA,37,77.123
Canada,2025,BEA,38,77.212
Canada,2025,BEA,39,78.286
Canada,2025,BEA,40,77.027
Canada,2025,BEA,41,77.06
Canada,2025,BEA,42,76.813
Canada,2025,BEA,43,77.275
Canada,2025,BEA,44,77.077
Canada,2025,BEA,45,76.814
Canada,2025,BEA,46,77.83
Canada,2025,BEA,47,77.621
Canada,2025,BEA,49,77.889
Canada,2025,BEA,50,76.475
Canada,2025,BEA,51,76.386
Canada,2025,BEA,52,76.022
Canada,2025,BEA,53,76.151
Canada,2025,BEA,54,75.947
Canada,2025,BEA,55,75.643
Canada,2025,BEA,56,76.646
Canada,2025,BEA,57,79.137
Canada,2025,BEA,58,78.924
Canada,2025,BEA,59,78.076
Canada,2025,BEA,60,77.427
Italy,2025,NOR,17,83.089
Italy,2025,NOR,18,83.232
Italy,2025,NOR,19,83.189
Italy,2025,NOR,20,83.289
Italy,2025,NOR,21,83.049
Italy,2025,NOR,22,82.998
Italy,2025,NOR,23,82.965
Italy,2025,NOR,24,82.892
Italy,2025,NOR,25,82.967
Italy,2025,NOR,26,83.082
Italy,2025,NOR,27,82.841
Italy,2025,NOR,28,82.835
Italy,2025,NOR,29,83.072
Italy,2025,NOR,30,82.757
Italy,2025,NOR,31,82.639
Italy,2025,NOR,32,83.189
Italy,2025,NOR,33,82.776
Italy,2025,NOR,34,82.655
Italy,2025,NOR,35,82.554
Italy,2025,NOR,36,82.647
Italy,2025,NOR,37,82.638
Italy,2025,NOR,38,82.48
Italy,2025,NOR,39,82.809
Italy,2025,NOR,40,82.691
Italy,2025,NOR,42,82.621
Italy,2025,NOR,43,82.59
Italy,2025,NOR,44,82.904
Italy,2025,NOR,45,82.388
Italy,2025,NOR,48,82.781
Italy,2025,NOR,49,81.038
Belgium,2025,ALB,22,107.431
Belgium,2025,ALB,23,107.63
Belgium,2025,ALB,24,107.515
Belgium,2025,ALB,25,107.512
Belgium,2025,ALB,26,107.374
Belgium,2025,ALB,27,107.538
Belgium,2025,ALB,28,107.162
Belgium,2025,ALB,29,107.19
Belgium,2025,ALB,30,107.372
Belgium,2025,ALB,31,107.153
Belgium,2025,ALB,32,107.077
Belgium,2025,ALB,33,107.129
Belgium,2025,ALB,34,107.211
Belgium,2025,ALB,35,107.36
Belgium,2025,ALB,36,107.049
Belgium,2025,ALB,37,106.901
Belgium,2025,ALB,38,107.214
Belgium,2025,ALB,39,106.813
Belgium,2025,ALB,40,106.848
Emilia Romagna,2025,BEA,17,82.664
Emilia Romagna,2025,BEA,18,82.666
Emilia Romagna,2025,BEA,19,82.959
Emilia Romagna,2025,BEA,20,83.244
Emilia Romagna,2025,BEA,21,82.972
Emilia Romagna,2025,BEA,22,82.896
Emilia Romagna,2025,BEA,23,82.871
Emilia Romagna,2025,BEA,24,83.377
Emilia Romagna,2025,BEA,25,81.885
Emilia Romagna,2025,BEA,26,81.979
Emilia Romagna,2025,BEA,27,81.934
Emilia Romagna,2025,BEA,33,81.948
Emilia Romagna,2025,BEA,34,80.04
Emilia Romagna,2025,BEA,35,80.348
Emilia Romagna,2025,BEA,36,80.124
Emilia Romagna,2025,BEA,37,80.251
Emilia Romagna,2025,BEA,38,80.149
Emilia Romagna,2025,BEA,39,79.885
Emilia Romagna,2025,BEA,40,79.96
Emilia Romagna,2025,BEA,41,79.649
Emilia Romagna,2025,BEA,42,80.211
Emilia Romagna,2025,BEA,43,80.051
Emilia Romagna,2025,BEA,44,80.233
Emilia Romagna,2025,BEA,54,80.394
Emilia Romagna,2025,BEA,55,82.952
Emilia Romagna,2025,BEA,56,82.096
Emilia Romagna,2025,BEA,57,81.396
Emilia Romagna,2025,BEA,58,80.713
Emilia Romagna,2025,BEA,59,80.42
China,2025,HAD,22,97.875
China,2025,HAD,23,98.073
China,2025,HAD,24,97.89
China,2025,HAD,25,98.056
China,2025,HAD,26,98.263
China,2025,HAD,27,98.268
China,2025,HAD,28,98.034
China,2025,HAD,29,97.675
China,2025,HAD,30,97.698
China,2025,HAD,31,98.049
China,2025,HAD,32,98.002
China,2025,HAD,35,98.078
China,2025,HAD,36,95.868
China,2025,HAD,37,97.111
China,2025,HAD,38,97.506
China,2025,HAD,39,96.832
China,2025,HAD,40,96.708
China,2025,HAD,41,96.73
China,2025,HAD,42,96.502
China,2025,HAD,43,96.572
China,2025,HAD,44,97.282
China,2025,HAD,45,97.109
China,2025,HAD,46,98.6
China,2025,HAD,47,97.096
China,2025,HAD,48,96.672
China,2025,HAD,49,97.194
China,2025,HAD,50,97.753
China,2025,HAD,51,97.293
China,2025,HAD,52,96.503
Azerbaijan,2025,SAI,24,105.71
Azerbaijan,2025,SAI,25,105.817
Azerbaijan,2025,SAI,26,105.976
Azerbaijan,2025,SAI,29,105.823
Azerbaijan,2025,SAI,30,105.038
Azerbaijan,2025,SAI,31,105.031
Azerbaijan,2025,SAI,32,105.038
Azerbaijan,2025,SAI,33,105.19
Azerbaijan,2025,SAI,34,105.055
Azerbaijan,2025,SAI,35,104.992
Azerbaijan,2025,SAI,36,105.23
Azerbaijan,2025,SAI,37,105.362
Azerbaijan,2025,SAI,38,104.713
Azerbaijan,2025,SAI,39,104.786
Azerbaijan,2025,SAI,40,104.877
Azerbaijan,2025,SAI,41,105.53
Azerbaijan,2025,SAI,42,105.22
Azerbaijan,2025,SAI,43,104.866
Azerbaijan,2025,SAI,44,104.437
Azerbaijan,2025,SAI,45,104.354
Azerbaijan,2025,SAI,46,104.013
Azerbaijan,2025,SAI,47,104.498
Spain,2024,MAG,19,81.287
Spain,2024,MAG,20,80.95
Spain,2024,MAG,21,82.488
Spain,2024,MAG,22,81.786
Spain,2024,MAG,23,81.595
Spain,2024,MAG,24,82.566
Spain,2024,MAG,25,82.057
Spain,2024,MAG,26,81.716
Spain,2024,MAG,27,81.817
Spain,2024,MAG,28,82.342
Spain,2024,MAG,31,81.945
Spain,2024,MAG,32,80.045
Spain,2024,MAG,33,79.927
Spain,2024,MAG,34,79.805
Spain,2024,MAG,35,80.206
Spain,2024,MAG,36,80.298
Spain,2024,MAG,37,80.48
Spain,2024,MAG,38,80.488
Spain,2024,MAG,39,80.327
Spain,2024,MAG,40,80.62
Spain,2024,MAG,41,81.685
Spain,2024,MAG,42,80.948
Spain,2024,MAG,43,80.912
Spain,2024,MAG,44,81.033
Spain,2024,MAG,45,81.124
Spain,2024,MAG,46,80.884
Spain,2024,MAG,47,81.131
Spain,2024,MAG,48,80.967
Spain,2024,MAG,49,81.784
Spain,2024,MAG,50,80.94
Spain,2024,MAG,51,81.147
Spain,2024,MAG,52,83.892
Spain,2024,MAG,53,82.938
Spain,2024,MAG,54,81.932
Spain,2024,MAG,55,80.894
Spain,2024,MAG,56,80.638
Spain,2024,MAG,57,80.584
Spain,2024,MAG,58,82.164
Spain,2024,MAG,59,81.049
Spain,2024,MAG,60,80.796
Spain,2024,MAG,61,80.996
Singapore,2024,HUL,17,99.054
Singapore,2024,HUL,18,98.771
Singapore,2024,HUL,19,98.858
Singapore,2024,HUL,20,99.143
Singapore,2024,HUL,21,99.438
Singapore,2024,HUL,22,99.25
Singapore,2024,HUL,23,99.128
Singapore,2024,HUL,24,99.465
Singapore,2024,HUL,25,99.268
Singapore,2024,HUL,26,99.691
Singapore,2024,HUL,27,99.569
Singapore,2024,HUL,28,99.773
Singapore,2024,HUL,31,101.269
Singapore,2024,HUL,32,98.546
Singapore,2024,HUL,33,98.385
Singapore,2024,HUL,34,97.8
Singapore,2024,HUL,35,98.002
Singapore,2024,HUL,36,97.47
Singapore,2024,HUL,37,97.827
Singapore,2024,HUL,38,98.49
Singapore,2024,HUL,39,97.941
Singapore,2024,HUL,40,97.811
Singapore,2024,HUL,41,97.919
Singapore,2024,HUL,42,97.994
Singapore,2024,HUL,43,97.911
Singapore,2024,HUL,44,98.072
Singapore,2024,HUL,45,97.795
Singapore,2024,HUL,46,97.714
Singapore,2024,HUL,47,97.919
Singapore,2024,HUL,48,97.743
Singapore,2024,HUL,49,98.022
Singapore,2024,HUL,50,98.147
Singapore,2024,HUL,51,98.705
Singapore,2024,HUL,52,98.235
Singapore,2024,HUL,53,98.144
Singapore,2024,HUL,54,98.136
Singapore,2024,HUL,55,98.051
Singapore,2024,HUL,56,98.511
Singapore,2024,HUL,57,98.312
Canada,2024,VER,18,89.256
Canada,2024,VER,19,86.436
Canada,2024,VER,20,86.001
Canada,2024,VER,21,86.265
Canada,2024,VER,22,86.578
Canada,2024,VER,23,86.59
Canada,2024,VER,24,86.591
Canada,2024,VER,30,87.034
Canada,2024,VER,31,86.187
Canada,2024,VER,32,89.219
Canada,2024,VER,33,90.715
Canada,2024,VER,34,89.528
Canada,2024,VER,35,87.754
Canada,2024,VER,36,86.792
Canada,2024,VER,37,86.269
Canada,2024,VER,38,85.748
Canada,2024,VER,39,85.386
Canada,2024,VER,40,84.859
Canada,2024,VER,42,84.711
Canada,2024,VER,43,84.079
Canada,2024,VER,44,84.292
Canada,2024,VER,47,84.381
Canada,2024,VER,48,82.905
Canada,2024,VER,50,80.47
Canada,2024,VER,51,78.596
Canada,2024,VER,59,78.109
Canada,2024,VER,60,78.361
Canada,2024,VER,61,77.472
Canada,2024,VER,62,76.625
Canada,2024,VER,63,76.318
Canada,2024,VER,64,75.983
Spain,2025,RUS,17,81.547
Spain,2025,RUS,18,81.382
Spain,2025,RUS,19,81.732
Spain,2025,RUS,22,82.971
Spain,2025,RUS,23,79.163
Spain,2025,RUS,24,79.512
Spain,2025,RUS,25,80.074
Spain,2025,RUS,26,80.411
Spain,2025,RUS,27,80.592
Spain,2025,RUS,28,80.311
Spain,2025,RUS,29,80.726
Spain,2025,RUS,30,80.349
Spain,2025,RUS,31,80.427
Spain,2025,RUS,32,80.421
Spain,2025,RUS,33,80.533
Spain,2025,RUS,34,80.669
Spain,2025,RUS,35,80.421
Spain,2025,RUS,36,80.619
Spain,2025,RUS,37,80.368
Spain,2025,RUS,38,80.537
Spain,2025,RUS,39,80.524
Spain,2025,RUS,40,80.499
Spain,2025,RUS,43,80.888
Spain,2025,RUS,44,78.437
Spain,2025,RUS,45,79.079
Spain,2025,RUS,46,79.176
Spain,2025,RUS,47,79.351
Spain,2025,RUS,48,79.393
Spain,2025,RUS,49,79.047
Spain,2025,RUS,50,79.121
Spain,2025,RUS,51,79.416
Spain,2025,RUS,52,79.471
Spain,2025,RUS,53,79.28
Spain,2025,RUS,54,79.426
Spain,2025,RUS,61,79.578
Spain,2025,RUS,62,78.843
Netherlands,2025,LEC,17,76.742
Netherlands,2025,LEC,18,76.589
Netherlands,2025,LEC,19,76.265
Netherlands,2025,LEC,20,76.18
Netherlands,2025,LEC,21,76.611
Netherlands,2025,LEC,27,76.487
Netherlands,2025,LEC,28,76.399
Netherlands,2025,LEC,29,75.675
Netherlands,2025,LEC,30,75.433
Netherlands,2025,LEC,33,74.953
Netherlands,2025,LEC,34,74.557
Netherlands,2025,LEC,36,74.633
Netherlands,2025,LEC,37,74.91
Netherlands,2025,LEC,38,75.235
Netherlands,2025,LEC,39,75.107
Netherlands,2025,LEC,40,75.03
Netherlands,2025,LEC,41,75.179
Netherlands,2025,LEC,42,75.434
Netherlands,2025,LEC,43,75.268
Netherlands,2025,LEC,44,74.982
Netherlands,2025,LEC,45,75.145
Netherlands,2025,LEC,46,75.071
Netherlands,2025,LEC,47,75.063
Austria,2025,HAD,19,71.672
Austria,2025,HAD,20,72.465
Austria,2025,HAD,21,72.607
Austria,2025,HAD,22,72.297
Austria,2025,HAD,23,72.202
Austria,2025,HAD,24,72.05
Austria,2025,HAD,25,71.986
Austria,2025,HAD,26,71.315
Austria,2025,HAD,27,72.602
Austria,2025,HAD,31,71.94
Austria,2025,HAD,32,70.665
Austria,2025,HAD,33,70.518
Austria,2025,HAD,34,70.618
Austria,2025,HAD,35,70.78
Austria,2025,HAD,36,70.735
Austria,2025,HAD,37,70.515
Austria,2025,HAD,38,70.467
Austria,2025,HAD,39,70.269
Austria,2025,HAD,40,70.337
Austria,2025,HAD,41,70.204
Austria,2025,HAD,42,70.305
Austria,2025,HAD,43,70.237
Austria,2025,HAD,44,70.379
Austria,2025,HAD,45,70.225
Austria,2025,HAD,46,70.374
Austria,2025,HAD,47,71.21
Austria,2025,HAD,48,70.412
Austria,2025,HAD,49,70.455
Austria,2025,HAD,50,70.323
Austria,2025,HAD,51,70.635
Austria,2025,HAD,52,71.225
Austria,2025,HAD,53,71.224
Austria,2025,HAD,54,71.214
Austria,2025,HAD,55,71.468
Austria,2025,HAD,56,71.43
Austria,2025,HAD,57,72.16
Austria,2025,HAD,58,72.158
Austria,2025,HAD,59,71.845
Austria,2025,HAD,60,71.899
Austria,2025,HAD,61,72.266
Austria,2025,HAD,62,71.264
Austria,2025,HAD,63,71.258
Austria,2025,HAD,64,71.407
Austria,2025,HAD,65,71.056
Mexico City,2025,COL,19,84.416
Mexico City,2025,COL,20,84.765
Mexico City,2025,COL,21,84.503
Mexico City,2025,COL,22,85.122
Mexico City,2025,COL,23,84.43
Mexico City,2025,COL,24,84.338
Mexico City,2025,COL,25,84.344
Mexico City,2025,COL,26,84.533
Mexico City,2025,COL,27,85.382
Mexico City,2025,COL,28,84.407
Mexico City,2025,COL,29,84.671
Mexico City,2025,COL,30,84.188
Mexico City,2025,COL,31,84.364
Mexico City,2025,COL,32,84.383
Mexico City,2025,COL,33,84.606
Mexico City,2025,COL,34,84.683
Mexico City,2025,COL,35,83.59
Mexico City,2025,COL,36,84.271
Mexico City,2025,COL,37,84.082
Mexico City,2025,COL,38,84.323
Mexico City,2025,COL,39,84.149
Mexico City,2025,COL,40,83.752
Mexico City,2025,COL,41,83.994
Mexico City,2025,COL,42,84.202
Mexico City,2025,COL,43,84.066
Mexico City,2025,COL,44,84.918
Mexico City,2025,COL,45,84.759
Mexico City,2025,COL,46,83.983
Mexico City,2025,COL,47,83.913
Mexico City,2025,COL,50,84.132
Mexico City,2025,COL,51,81.342
Mexico City,2025,COL,52,81.565
Mexico City,2025,COL,53,81.65
Mexico City,2025,COL,54,81.829
Mexico City,2025,COL,55,81.746
Mexico City,2025,COL,56,81.659
Mexico City,2025,COL,57,81.919
Mexico City,2025,COL,58,81.574
Mexico City,2025,COL,59,81.824
Mexico City,2025,COL,60,81.617
Mexico City,2025,COL,61,81.757
Mexico City,2025,COL,62,81.739
Mexico City,2025,COL,63,81.792
Australia,2025,NOR,23,90.3
Australia,2025,NOR,24,89.922
Australia,2025,NOR,25,89.687
Australia,2025,NOR,26,89.601
Australia,2025,NOR,27,89.16
Australia,2025,NOR,28,89.25
Australia,2025,NOR,29,89.097
Australia,2025,NOR,30,88.357
Australia,2025,NOR,31,88.032
Australia,2025,NOR,32,87.695
Australia,2025,NOR,33,87.8
Australia,2025,NOR,42,87.495
Australia,2025,NOR,43,83.797
Australia,2025,NOR,46,82.167
Australia,2025,NOR,52,91.567
Australia,2025,NOR,53,93.198
Monaco,2025,LAW,24,76.784
Monaco,2025,LAW,25,76.712
Monaco,2025,LAW,26,77.59
Monaco,2025,LAW,27,77.456
Monaco,2025,LAW,28,77.04
Monaco,2025,LAW,29,76.902
Monaco,2025,LAW,30,76.74
Monaco,2025,LAW,33,76.607
Monaco,2025,LAW,34,78.285
Monaco,2025,LAW,35,76.425
Monaco,2025,LAW,36,75.942
Monaco,2025,LAW,38,80.271
Monaco,2025,LAW,39,75.964
Monaco,2025,LAW,42,75.8
Monaco,2025,LAW,43,76.743
Monaco,2025,LAW,44,75.931
Monaco,2025,LAW,45,75.958
Monaco,2025,LAW,46,75.605
Monaco,2025,LAW,47,75.476
Monaco,2025,LAW,48,75.461
Monaco,2025,LAW,49,75.418
Monaco,2025,LAW,50,75.567
Monaco,2025,LAW,51,75.479
Monaco,2025,LAW,52,75.399
Monaco,2025,LAW,53,75.377
Monaco,2025,LAW,54,75.356
Monaco,2025,LAW,55,75.321
Monaco,2025,LAW,56,75.597
Monaco,2025,LAW,57,76.96
Monaco,2025,LAW,58,76.583
Monaco,2025,LAW,59,77.684
Monaco,2025,LAW,60,76.772
Monaco,2025,LAW,61,76.672
Monaco,2025,LAW,62,76.173
Monaco,2025,LAW,63,76.864
Monaco,2025,LAW,64,77.611
Monaco,2025,LAW,65,77.155
Monaco,2025,LAW,66,79.159
Monaco,2025,LAW,67,76.955
Monaco,2025,LAW,68,77.409
Monaco,2025,LAW,69,77.363
Monaco,2025,LAW,70,77.136
Monaco,2025,LAW,71,76.905
Monaco,2025,LAW,72,77.053
Monaco,2025,LAW,73,76.392
Mexico City,2024,HAM,22,82.709
Mexico City,2024,HAM,23,82.782
Mexico City,2024,HAM,24,82.54
Mexico City,2024,HAM,25,82.723
Mexico City,2024,HAM,26,82.886
Mexico City,2024,HAM,27,83.293
Mexico City,2024,HAM,30,83.203
Mexico City,2024,HAM,31,81.873
Mexico City,2024,HAM,32,80.371
Mexico City,2024,HAM,33,81.536
Mexico City,2024,HAM,34,82.347
Mexico City,2024,HAM,35,83.332
Mexico City,2024,HAM,36,81.244
Mexico City,2024,HAM,37,81.364
Mexico City,2024,HAM,38,81.635
Mexico City,2024,HAM,39,81.308
Mexico City,2024,HAM,40,81.05
Mexico City,2024,HAM,41,81.169
Mexico City,2024,HAM,42,81.2
Mexico City,2024,HAM,43,81.285
Mexico City,2024,HAM,44,81.125
Mexico City,2024,HAM,45,80.889
Mexico City,2024,HAM,46,80.981
Mexico City,2024,HAM,47,80.561
Mexico City,2024,HAM,48,80.465
Mexico City,2024,HAM,49,80.897
Mexico City,2024,HAM,50,80.748
Mexico City,2024,HAM,51,80.918
Mexico City,2024,HAM,52,81.138
Mexico City,2024,HAM,53,80.9
Mexico City,2024,HAM,54,80.984
Mexico City,2024,HAM,55,81.128
Mexico City,2024,HAM,56,81.474
Mexico City,2024,HAM,57,80.935
Mexico City,2024,HAM,58,80.81
Mexico City,2024,HAM,59,81.281
Mexico City,2024,HAM,60,81.436
Mexico City,2024,HAM,61,81.724
Mexico City,2024,HAM,62,81.068
Mexico City,2024,HAM,63,80.738
Mexico City,2024,HAM,64,80.482
Mexico City,2024,HAM,65,81.013
Mexico City,2024,HAM,66,81.935
Mexico City,2024,HAM,67,80.546
Emilia Romagna,2024,HUL,19,82.086
Emilia Romagna,2024,HUL,20,82.624
Emilia Romagna,2024,HUL,21,82.309
Emilia Romagna,2024,HUL,22,82.218
Emilia Romagna,2024,HUL,23,82.412
Emilia Romagna,2024,HUL,24,82.883
Emilia Romagna,2024,HUL,25,83.102
Emilia Romagna,2024,HUL,26,82.763
Emilia Romagna,2024,HUL,27,82.669
Emilia Romagna,2024,HUL,28,82.322
Emilia Romagna,2024,HUL,29,82.744
Emilia Romagna,2024,HUL,30,82.829
Emilia Romagna,2024,HUL,31,82.732
Emilia Romagna,2024,HUL,32,83.01
Emilia Romagna,2024,HUL,33,83.256
Emilia Romagna,2024,HUL,34,83.561
Emilia Romagna,2024,HUL,35,82.798
Emilia Romagna,2024,HUL,36,82.11
Emilia Romagna,2024,HUL,37,82.575
Emilia Romagna,2024,HUL,38,82.433
Emilia Romagna,2024,HUL,39,82.48
Emilia Romagna,2024,HUL,40,82.62
Emilia Romagna,2024,HUL,41,83.111
Emilia Romagna,2024,HUL,42,82.504
Emilia Romagna,2024,HUL,43,82.265
Emilia Romagna,2024,HUL,44,82.435
Emilia Romagna,2024,HUL,45,82.192
Emilia Romagna,2024,HUL,46,82.481
Emilia Romagna,2024,HUL,47,83.483
Emilia Romagna,2024,HUL,48,82.763
Emilia Romagna,2024,HUL,49,82.264
Emilia Romagna,2024,HUL,50,82.003
Emilia Romagna,2024,HUL,51,81.921
Emilia Romagna,2024,HUL,52,84.008
Emilia Romagna,2024,HUL,53,84.017
Emilia Romagna,2024,HUL,54,83.667
Emilia Romagna,2024,HUL,55,82.255
Emilia Romagna,2024,HUL,56,82.094
Emilia Romagna,2024,HUL,57,82.217
Emilia Romagna,2024,HUL,58,83.902
Canada,2025,ALB,17,78.04
Canada,2025,ALB,18,78.153
Canada,2025,ALB,19,78.09
Canada,2025,ALB,20,78.857
Canada,2025,ALB,21,80.082
Canada,2025,ALB,22,79.244
Canada,2025,ALB,25,79.463
Canada,2025,ALB,26,76.667
Canada,2025,ALB,27,76.734
Canada,2025,ALB,28,76.512
Canada,2025,ALB,29,76.689
Canada,2025,ALB,30,76.633
Canada,2025,ALB,31,76.486
Canada,2025,ALB,32,76.197
Canada,2025,ALB,33,76.402
Canada,2025,ALB,34,76.225
Canada,2025,ALB,35,76.241
Canada,2025,ALB,36,76.564
Canada,2025,ALB,37,76.325
Canada,2025,ALB,38,76.415
Canada,2025,ALB,39,77.003
Canada,2025,ALB,40,77.268
Canada,2025,ALB,41,77.14
Canada,2025,ALB,42,76.857
Hungary,2024,HAM,19,83.35
Hungary,2024,HAM,20,83.201
Hungary,2024,HAM,21,83.332
Hungary,2024,HAM,22,83.47
Hungary,2024,HAM,23,83.18
Hungary,2024,HAM,24,83.622
Hungary,2024,HAM,25,83.698
Hungary,2024,HAM,26,83.145
Hungary,2024,HAM,27,83.334
Hungary,2024,HAM,28,83.481
Hungary,2024,HAM,29,83.306
Hungary,2024,HAM,30,83.342
Hungary,2024,HAM,31,83.485
Hungary,2024,HAM,32,83.585
Hungary,2024,HAM,33,83.532
Hungary,2024,HAM,34,84.117
Hungary,2024,HAM,35,84.355
Hungary,2024,HAM,36,85.12
Hungary,2024,HAM,37,84.527
Hungary,2024,HAM,38,84.655
Hungary,2024,HAM,39,85.372
Hungary,2024,HAM,42,84.801
Hungary,2024,HAM,43,82.518
Hungary,2024,HAM,44,83.074
Hungary,2024,HAM,45,83.133
Hungary,2024,HAM,46,82.969
Hungary,2024,HAM,47,82.937
Hungary,2024,HAM,48,83.097
Hungary,2024,HAM,49,83.09
Hungary,2024,HAM,50,82.906
Hungary,2024,HAM,51,82.67
Hungary,2024,HAM,52,82.991
Hungary,2024,HAM,53,83.021
Hungary,2024,HAM,54,82.58
Hungary,2024,HAM,55,82.153
Hungary,2024,HAM,56,82.587
Hungary,2024,HAM,57,83.011
Hungary,2024,HAM,58,82.885
Hungary,2024,HAM,59,82.236
Hungary,2024,HAM,60,82.364
Hungary,2024,HAM,61,82.841
Hungary,2024,HAM,62,83.18
Hungary,2024,HAM,64,83.263
Hungary,2024,HAM,65,83.1
Hungary,2024,HAM,66,83.508
Bahrain,2024,HAM,20,96.694
Bahrain,2024,HAM,21,96.264
Bahrain,2024,HAM,22,96.51
Bahrain,2024,HAM,23,96.633
Bahrain,2024,HAM,24,96.717
Bahrain,2024,HAM,25,96.666
Bahrain,2024,HAM,26,96.919
Bahrain,2024,HAM,27,96.714
Bahrain,2024,HAM,28,97.201
Bahrain,2024,HAM,29,96.692
Bahrain,2024,HAM,30,96.786
Bahrain,2024,HAM,31,97.244
Bahrain,2024,HAM,32,96.975
Bahrain,2024,HAM,35,97.325
Bahrain,2024,HAM,36,95.489
Bahrain,2024,HAM,37,95.279
Bahrain,2024,HAM,38,95.597
Bahrain,2024,HAM,39,94.966
Bahrain,2024,HAM,40,94.722
Bahrain,2024,HAM,41,95.041
Bahrain,2024,HAM,42,94.94
Bahrain,2024,HAM,43,94.996
Bahrain,2024,HAM,44,94.935
Bahrain,2024,HAM,45,95.169
Bahrain,2024,HAM,46,95.184
Bahrain,2024,HAM,47,95.285
Bahrain,2024,HAM,48,95.226
Bahrain,2024,HAM,49,96.165
Bahrain,2024,HAM,50,95.914
Bahrain,2024,HAM,51,95.612
Bahrain,2024,HAM,52,95.532
Bahrain,2024,HAM,53,95.479
Qatar,2025,STR,21,87.7
Qatar,2025,STR,22,87.637
Qatar,2025,STR,23,87.751
Qatar,2025,STR,26,87.689
Qatar,2025,STR,27,86.151
Qatar,2025,STR,28,86.624
Qatar,2025,STR,29,86.479
Qatar,2025,STR,30,86.277
Qatar,2025,STR,31,86.325
Qatar,2025,STR,32,86.392
Qatar,2025,STR,33,86.163
Qatar,2025,STR,34,87.4
Qatar,2025,STR,35,86.011
Qatar,2025,STR,36,85.715
Qatar,2025,STR,37,86.963
Qatar,2025,STR,38,85.669
Qatar,2025,STR,39,85.627
Qatar,2025,STR,40,85.51
Qatar,2025,STR,41,85.228
Qatar,2025,STR,42,85.632
Qatar,2025,STR,43,85.747
Qatar,2025,STR,44,85.475
Qatar,2025,STR,45,85.698
Qatar,2025,STR,46,85.49
Qatar,2025,STR,47,85.482
Qatar,2025,STR,48,85.373
Bahrain,2024,ZHO,19,97.552
Bahrain,2024,ZHO,20,97.652
Bahrain,2024,ZHO,21,97.749
Bahrain,2024,ZHO,22,97.947
Bahrain,2024,ZHO,23,97.852
Bahrain,2024,ZHO,24,97.788
Bahrain,2024,ZHO,25,97.894
Bahrain,2024,ZHO,26,97.883
Bahrain,2024,ZHO,27,97.995
Bahrain,2024,ZHO,30,98.053
Bahrain,2024,ZHO,31,95.458
Bahrain,2024,ZHO,32,96.297
Bahrain,2024,ZHO,33,96.048
Bahrain,2024,ZHO,34,97.971
Bahrain,2024,ZHO,35,96.518
Bahrain,2024,ZHO,36,96.546
Bahrain,2024,ZHO,37,96.931
Bahrain,2024,ZHO,38,96.805
Bahrain,2024,ZHO,39,96.857
Bahrain,2024,ZHO,40,96.637
Bahrain,2024,ZHO,41,96.683
Bahrain,2024,ZHO,42,96.695
Bahrain,2024,ZHO,43,96.652
Bahrain,2024,ZHO,44,96.771
Bahrain,2024,ZHO,45,97.417
Bahrain,2024,ZHO,46,96.68
Bahrain,2024,ZHO,47,96.741
Bahrain,2024,ZHO,48,96.561
Bahrain,2024,ZHO,49,96.654
Bahrain,2024,ZHO,50,96.72
Bahrain,2024,ZHO,51,96.792
Bahrain,2024,ZHO,52,97.042
Emilia Romagna,2024,HAM,17,82.199
Emilia Romagna,2024,HAM,18,81.846
Emilia Romagna,2024,HAM,19,82.02
Emilia Romagna,2024,HAM,20,81.974
Emilia Romagna,2024,HAM,21,82.222
Emilia Romagna,2024,HAM,22,82.275
Emilia Romagna,2024,HAM,23,81.846
Emilia Romagna,2024,HAM,24,81.561
Emilia Romagna,2024,HAM,25,82.345
Emilia Romagna,2024,HAM,26,81.492
Emilia Romagna,2024,HAM,29,86.346
Emilia Romagna,2024,HAM,30,80.593
Emilia Romagna,2024,HAM,31,80.586
Emilia Romagna,2024,HAM,32,81.737
Emilia Romagna,2024,HAM,33,81.16
Emilia Romagna,2024,HAM,34,80.942
Emilia Romagna,2024,HAM,35,80.964
Emilia Romagna,2024,HAM,36,82.165
Emilia Romagna,2024,HAM,37,83.058
Emilia Romagna,2024,HAM,38,80.748
Emilia Romagna,2024,HAM,39,80.546
Emilia Romagna,2024,HAM,40,80.677
Emilia Romagna,2024,HAM,41,80.837
Emilia Romagna,2024,HAM,42,80.639
Emilia Romagna,2024,HAM,43,80.434
Emilia Romagna,2024,HAM,44,80.331
Emilia Romagna,2024,HAM,45,80.843
Emilia Romagna,2024,HAM,46,80.581
Emilia Romagna,2024,HAM,47,80.944
Emilia Romagna,2024,HAM,48,81.069
Emilia Romagna,2024,HAM,49,80.921
Emilia Romagna,2024,HAM,50,81.182
Emilia Romagna,2024,HAM,51,80.698
Emilia Romagna,2024,HAM,52,80.776
Emilia Romagna,2024,HAM,53,81.176
Emilia Romagna,2024,HAM,54,81.415
Emilia Romagna,2024,HAM,55,80.841
Emilia Romagna,2024,HAM,56,81.027
Emilia Romagna,2024,HAM,57,81.297
Emilia Romagna,2024,HAM,58,81.664
Emilia Romagna,2024,HAM,59,81.561
Emilia Romagna,2025,COL,17,82.606
Emilia Romagna,2025,COL,18,82.45
Emilia Romagna,2025,COL,19,82.905
Emilia Romagna,2025,COL,20,83.061
Emilia Romagna,2025,COL,21,83.692
Emilia Romagna,2025,COL,24,82.944
Emilia Romagna,2025,COL,25,80.823
Emilia Romagna,2025,COL,26,80.798
Emilia Romagna,2025,COL,27,81.731
Emilia Romagna,2025,COL,31,81.605
Emilia Romagna,2025,COL,32,82.419
Emilia Romagna,2025,COL,33,81.448
Emilia Romagna,2025,COL,34,81.564
Emilia Romagna,2025,COL,35,81.305
Emilia Romagna,2025,COL,36,81.167
Emilia Romagna,2025,COL,37,80.98
Emilia Romagna,2025,COL,38,81.788
Emilia Romagna,2025,COL,39,82.117
Emilia Romagna,2025,COL,40,82.797
Emilia Romagna,2025,COL,41,82.763
Emilia Romagna,2025,COL,42,82.252
Emilia Romagna,2025,COL,43,81.885
Emilia Romagna,2025,COL,44,83.96
Emilia Romagna,2025,COL,54,83.245
Emilia Romagna,2025,COL,55,82.756
Emilia Romagna,2025,COL,56,82.104
Emilia Romagna,2025,COL,57,81.047
Emilia Romagna,2025,COL,58,80.345
Emilia Romagna,2025,COL,59,80.773
Japan,2024,SAI,21,97.314
Japan,2024,SAI,22,97.995
Japan,2024,SAI,23,96.575
Japan,2024,SAI,24,96.779
Japan,2024,SAI,25,96.805
Japan,2024,SAI,26,96.945
Japan,2024,SAI,27,97.137
Japan,2024,SAI,28,97.068
Japan,2024,SAI,29,96.845
Japan,2024,SAI,30,97.176
Japan,2024,SAI,31,97.01
Japan,2024,SAI,32,96.901
Japan,2024,SAI,33,97.106
Japan,2024,SAI,34,97.233
Japan,2024,SAI,35,96.901
Japan,2024,SAI,38,96.948
Japan,2024,SAI,39,93.995
Japan,2024,SAI,40,94.419
Japan,2024,SAI,41,94.396
Japan,2024,SAI,43,94.863
Japan,2024,SAI,44,94.75
Japan,2024,SAI,45,94.336
Japan,2024,SAI,46,95.006
Japan,2024,SAI,47,93.841
Japan,2024,SAI,48,95.063
Japan,2024,SAI,49,94.962
Mexico City,2024,OCO,22,83.522
Mexico City,2024,OCO,23,83.517
Mexico City,2024,OCO,24,83.812
Mexico City,2024,OCO,25,83.406
Mexico City,2024,OCO,26,83.79
Mexico City,2024,OCO,27,83.939
Mexico City,2024,OCO,28,83.803
Mexico City,2024,OCO,29,83.115
Mexico City,2024,OCO,30,83.568
Mexico City,2024,OCO,31,83.975
Mexico City,2024,OCO,32,83.171
Mexico City,2024,OCO,33,83.263
Mexico City,2024,OCO,34,84.33
Mexico City,2024,OCO,35,83.486
Mexico City,2024,OCO,36,83.209
Mexico City,2024,OCO,37,83.225
Mexico City,2024,OCO,38,85.002
Mexico City,2024,OCO,39,83.036
Mexico City,2024,OCO,40,83.083
Mexico City,2024,OCO,41,83.257
Mexico City,2024,OCO,42,83.592
Mexico City,2024,OCO,43,82.938
Mexico City,2024,OCO,44,83.034
Mexico City,2024,OCO,45,83.002
Mexico City,2024,OCO,46,83.233
Mexico City,2024,OCO,47,83.038
Mexico City,2024,OCO,50,83.089
Mexico City,2024,OCO,51,81.118
Mexico City,2024,OCO,52,81.207
Mexico City,2024,OCO,53,81.432
Mexico City,2024,OCO,54,81.322
Mexico City,2024,OCO,55,81.159
Mexico City,2024,OCO,56,81.257
Mexico City,2024,OCO,57,81.278
Mexico City,2024,OCO,58,81.491
Mexico City,2024,OCO,59,81.494
Mexico City,2024,OCO,60,81.188
Mexico City,2024,OCO,61,81.122
Mexico City,2024,OCO,62,81.172
Mexico City,2024,OCO,63,81.356
Mexico City,2024,OCO,64,81.429
Mexico City,2024,OCO,65,81.309
Mexico City,2024,OCO,66,81.504
United States,2024,ALO,22,101.297
United States,2024,ALO,23,102.707
United States,2024,ALO,24,101.766
United States,2024,ALO,25,101.879
United States,2024,ALO,28,101.614
United States,2024,ALO,29,100.478
United States,2024,ALO,30,100.48
United States,2024,ALO,31,100.21
United States,2024,ALO,32,100.133
United States,2024,ALO,33,100.6
United States,2024,ALO,34,100.556
United States,2024,ALO,35,100.285
United States,2024,ALO,36,101.231
United States,2024,ALO,37,100.213
United States,2024,ALO,38,100.61
United States,2024,ALO,39,100.14
United States,2024,ALO,40,100.079
United States,2024,ALO,42,99.927
United States,2024,ALO,43,99.445
United States,2024,ALO,44,99.554
United States,2024,ALO,45,99.452
United States,2024,ALO,46,99.999
United States,2024,ALO,47,99.54
United States,2024,ALO,48,99.533
United States,2024,ALO,49,99.638
United States,2024,ALO,50,99.949
United States,2024,ALO,51,99.584
Spain,2024,VER,19,81.223
Spain,2024,VER,20,79.725
Spain,2024,VER,21,79.966
Spain,2024,VER,22,80.304
Spain,2024,VER,23,79.742
Spain,2024,VER,24,79.605
Spain,2024,VER,25,79.701
Spain,2024,VER,26,79.363
Spain,2024,VER,27,79.882
Spain,2024,VER,28,79.694
Spain,2024,VER,29,80.101
Spain,2024,VER,30,79.792
Spain,2024,VER,31,79.807
Spain,2024,VER,32,80.011
Spain,2024,VER,33,79.891
Spain,2024,VER,34,79.836
Spain,2024,VER,35,79.958
Spain,2024,VER,36,80.185
Spain,2024,VER,37,79.926
Spain,2024,VER,38,79.803
Spain,2024,VER,39,79.813
Spain,2024,VER,40,79.669
Spain,2024,VER,41,80.31
Spain,2024,VER,42,79.648
Spain,2024,VER,43,79.92
Spain,2024,VER,46,80.301
Spain,2024,VER,47,77.886
Spain,2024,VER,48,77.998
Spain,2024,VER,49,78.416
Spain,2024,VER,50,78.254
Spain,2024,VER,51,78.074
Spain,2024,VER,52,77.958
Spain,2024,VER,53,77.931
Spain,2024,VER,54,78.14
Spain,2024,VER,55,77.776
Spain,2024,VER,56,78.021
Spain,2024,VER,57,78.354
Spain,2024,VER,58,78.127
Spain,2024,VER,59,78.187
Spain,2024,VER,60,78.114
Spain,2024,VER,61,78.165
Spain,2024,VER,62,78.36
Spain,2024,NOR,17,80.471
Spain,2024,NOR,18,80.908
Spain,2024,NOR,19,80.447
Spain,2024,NOR,20,80.635
Spain,2024,NOR,21,80.816
Spain,2024,NOR,22,80.907
Spain,2024,NOR,25,80.928
Spain,2024,NOR,26,78.503
Spain,2024,NOR,27,79.856
Spain,2024,NOR,28,79.317
Spain,2024,NOR,29,79.835
Spain,2024,NOR,30,79.72
Spain,2024,NOR,31,79.389
Spain,2024,NOR,32,80.145
Spain,2024,NOR,33,79.868
Spain,2024,NOR,34,80.09
Spain,2024,NOR,35,79.855
Spain,2024,NOR,36,80.478
Spain,2024,NOR,37,79.447
Spain,2024,NOR,38,79.225
Spain,2024,NOR,39,79.307
Spain,2024,NOR,40,79.215
Spain,2024,NOR,41,79.745
Spain,2024,NOR,42,78.911
Spain,2024,NOR,43,79.511
Spain,2024,NOR,44,79.499
Spain,2024,NOR,45,79.457
Spain,2024,NOR,46,78.754
Spain,2024,NOR,49,79.419
Spain,2024,NOR,50,77.377
Spain,2024,NOR,51,77.94
Spain,2024,NOR,52,77.115
Spain,2024,NOR,53,77.654
Spain,2024,NOR,54,77.914
Spain,2024,NOR,55,77.987
Spain,2024,NOR,56,78.363
Spain,2024,NOR,57,77.627
Spain,2024,NOR,58,77.893
Spain,2024,NOR,59,78.259
Spain,2024,NOR,60,77.945
Spain,2024,NOR,61,78.271
Spain,2024,NOR,62,77.805
China,2024,ZHO,19,102.887
China,2024,ZHO,32,102.827
China,2024,ZHO,33,102.002
China,2024,ZHO,34,102.746
China,2024,ZHO,35,101.72
China,2024,ZHO,36,101.366
China,2024,ZHO,37,101.283
China,2024,ZHO,38,101.738
China,2024,ZHO,39,101.311
China,2024,ZHO,42,101.749
China,2024,ZHO,43,98.633
China,2024,ZHO,44,99.32
China,2024,ZHO,45,99.682
China,2024,ZHO,46,99.553
China,2024,ZHO,47,99.636
China,2024,ZHO,48,100.046
China,2024,ZHO,49,100.391
China,2024,ZHO,50,101.502
China,2024,ZHO,51,100.534
China,2024,ZHO,52,100.179
Bahrain,2024,GAS,20,97.702
Bahrain,2024,GAS,21,98.036
Bahrain,2024,GAS,22,98.094
Bahrain,2024,GAS,23,97.868
Bahrain,2024,GAS,24,98.104
Bahrain,2024,GAS,25,98.192
Bahrain,2024,GAS,26,98.16
Bahrain,2024,GAS,27,98.379
Bahrain,2024,GAS,28,98.4
Bahrain,2024,GAS,29,98.615
Bahrain,2024,GAS,30,98.55
Bahrain,2024,GAS,33,98.832
Bahrain,2024,GAS,34,96.112
Bahrain,2024,GAS,35,96.622
Bahrain,2024,GAS,36,96.313
Bahrain,2024,GAS,37,96.45
Bahrain,2024,GAS,38,96.629
Bahrain,2024,GAS,39,96.802
Bahrain,2024,GAS,40,96.537
Bahrain,2024,GAS,41,96.742
Bahrain,2024,GAS,42,96.571
Bahrain,2024,GAS,45,96.631
Bahrain,2024,GAS,46,94.805
Bahrain,2024,GAS,47,95.293
Bahrain,2024,GAS,48,95.341
Bahrain,2024,GAS,49,95.411
Bahrain,2024,GAS,50,95.511
Bahrain,2024,GAS,51,95.228
Bahrain,2024,GAS,52,95.334
Abu Dhabi,2025,ANT,17,91.12
Abu Dhabi,2025,ANT,18,91.12
Abu Dhabi,2025,ANT,19,91.805
Abu Dhabi,2025,ANT,20,91.119
Abu Dhabi,2025,ANT,21,91.744
Abu Dhabi,2025,ANT,22,91.807
Abu Dhabi,2025,ANT,23,90.518
Abu Dhabi,2025,ANT,24,90.129
Abu Dhabi,2025,ANT,25,91.287
Abu Dhabi,2025,ANT,26,90.2
Abu Dhabi,2025,ANT,27,89.821
Abu Dhabi,2025,ANT,28,91.272
Abu Dhabi,2025,ANT,29,90.684
Abu Dhabi,2025,ANT,30,90.334
Abu Dhabi,2025,ANT,31,91.188
Abu Dhabi,2025,ANT,34,91.017
Abu Dhabi,2025,ANT,35,88.029
Abu Dhabi,2025,ANT,36,88.319
Abu Dhabi,2025,ANT,37,88.185
Abu Dhabi,2025,ANT,38,88.677
Abu Dhabi,2025,ANT,39,88.959
Abu Dhabi,2025,ANT,40,89.347
Abu Dhabi,2025,ANT,41,89.261
Abu Dhabi,2025,ANT,42,88.13
Abu Dhabi,2025,ANT,43,88.174
Abu Dhabi,2025,ANT,44,88.398
Abu Dhabi,2025,ANT,45,88.503
Abu Dhabi,2025,ANT,46,89.001
Abu Dhabi,2025,ANT,47,88.883
Abu Dhabi,2025,ANT,48,88.104
Abu Dhabi,2025,ANT,49,88.89
Abu Dhabi,2025,ANT,50,88.862
Abu Dhabi,2025,ANT,51,88.865
Abu Dhabi,2025,ANT,52,89.698
Abu Dhabi,2025,ANT,53,88.866
Abu Dhabi,2025,ANT,54,89.395
Saudi Arabia,2025,ALB,19,95.444
Saudi Arabia,2025,ALB,20,95.896
Saudi Arabia,2025,ALB,21,95.854
Saudi Arabia,2025,ALB,24,96.443
Saudi Arabia,2025,ALB,25,94.686
Saudi Arabia,2025,ALB,26,94.623
Saudi Arabia,2025,ALB,27,94.46
Saudi Arabia,2025,ALB,28,94.067
Saudi Arabia,2025,ALB,29,94.532
Saudi Arabia,2025,ALB,30,94.231
Saudi Arabia,2025,ALB,31,94.185
Saudi Arabia,2025,ALB,32,93.923
Saudi Arabia,2025,ALB,33,93.781
Saudi Arabia,2025,ALB,34,93.93
Saudi Arabia,2025,ALB,35,93.79
Saudi Arabia,2025,ALB,36,93.819
Saudi Arabia,2025,ALB,37,93.738
Saudi Arabia,2025,ALB,38,94.178
Saudi Arabia,2025,ALB,39,93.918
Saudi Arabia,2025,ALB,40,94.118
Saudi Arabia,2025,ALB,41,94.089
Saudi Arabia,2025,ALB,42,93.901
Saudi Arabia,2025,ALB,43,93.854
Saudi Arabia,2025,ALB,44,93.952
Saudi Arabia,2025,ALB,45,93.865
Saudi Arabia,2025,ALB,46,93.654
Qatar,2024,ALO,21,86.855
Qatar,2024,ALO,22,86.37
Qatar,2024,ALO,23,86.481
Qatar,2024,ALO,24,86.268
Qatar,2024,ALO,25,86.377
Qatar,2024,ALO,26,86.245
Qatar,2024,ALO,27,86.3
Qatar,2024,ALO,28,86.085
Qatar,2024,ALO,30,85.941
Qatar,2024,ALO,31,85.893
Qatar,2024,ALO,32,85.724
Qatar,2024,ALO,33,85.649
Qatar,2024,ALO,34,85.797
Qatar,2024,ALO,43,87.518
Qatar,2024,ALO,44,87.771
Qatar,2024,ALO,45,85.477
Qatar,2024,ALO,46,85.0
Qatar,2024,ALO,47,84.44
Qatar,2024,ALO,48,84.383
Qatar,2024,ALO,49,84.472
Qatar,2024,ALO,50,84.395
Qatar,2024,ALO,51,84.057
Qatar,2024,ALO,52,84.054
Qatar,2024,ALO,53,84.196
Netherlands,2025,BOR,17,77.7
Netherlands,2025,BOR,18,77.255
Netherlands,2025,BOR,19,77.208
Netherlands,2025,BOR,20,77.384
Netherlands,2025,BOR,21,77.552
Netherlands,2025,BOR,27,77.509
Netherlands,2025,BOR,28,78.246
Netherlands,2025,BOR,29,76.809
Netherlands,2025,BOR,30,76.38
Netherlands,2025,BOR,33,76.58
Netherlands,2025,BOR,36,76.446
Netherlands,2025,BOR,37,76.04
Netherlands,2025,BOR,38,76.063
Netherlands,2025,BOR,39,76.124
Netherlands,2025,BOR,40,75.972
Netherlands,2025,BOR,41,75.653
Netherlands,2025,BOR,42,76.34
Netherlands,2025,BOR,43,75.858
Netherlands,2025,BOR,44,76.614
Netherlands,2025,BOR,45,76.633
Netherlands,2025,BOR,46,76.985
Netherlands,2025,BOR,47,76.622
Netherlands,2025,BOR,48,76.063
Netherlands,2025,BOR,49,76.362
Netherlands,2025,BOR,50,76.305
Netherlands,2025,BOR,51,76.546
Netherlands,2025,BOR,58,77.25
Netherlands,2025,BOR,59,77.651
Netherlands,2025,BOR,62,76.979
Netherlands,2025,BOR,63,74.422
Qatar,2025,HAD,21,87.4
Qatar,2025,HAD,22,87.355
Qatar,2025,HAD,23,87.338
Qatar,2025,HAD,24,87.128
Qatar,2025,HAD,25,87.03
Qatar,2025,HAD,26,87.152
Qatar,2025,HAD,27,87.695
Qatar,2025,HAD,28,86.752
Qatar,2025,HAD,29,86.714
Qatar,2025,HAD,30,86.641
Qatar,2025,HAD,31,86.51
Qatar,2025,HAD,34,86.425
Qatar,2025,HAD,35,85.968
Qatar,2025,HAD,36,85.69
Qatar,2025,HAD,37,85.772
Qatar,2025,HAD,38,86.022
Qatar,2025,HAD,39,85.776
Qatar,2025,HAD,40,85.793
Qatar,2025,HAD,41,85.551
Qatar,2025,HAD,42,85.866
Qatar,2025,HAD,43,85.431
Qatar,2025,HAD,44,85.196
Qatar,2025,HAD,45,85.068
Qatar,2025,HAD,46,84.808
Qatar,2025,HAD,47,84.658
Qatar,2025,HAD,48,84.724
Qatar,2025,HAD,49,84.501
Qatar,2025,HAD,50,84.325
Spain,2024,RIC,19,80.858
Spain,2024,RIC,20,81.415
Spain,2024,RIC,21,81.881
Spain,2024,RIC,22,80.964
Spain,2024,RIC,23,80.849
Spain,2024,RIC,24,81.358
Spain,2024,RIC,25,81.123
Spain,2024,RIC,26,81.122
Spain,2024,RIC,27,81.337
Spain,2024,RIC,28,81.663
Spain,2024,RIC,29,81.558
Spain,2024,RIC,30,81.43
Spain,2024,RIC,31,81.052
Spain,2024,RIC,32,81.542
Spain,2024,RIC,33,81.578
Spain,2024,RIC,34,81.117
Spain,2024,RIC,35,81.033
Spain,2024,RIC,36,81.17
Spain,2024,RIC,37,81.059
Spain,2024,RIC,38,81.14
Spain,2024,RIC,39,81.188
Spain,2024,RIC,40,82.205
Spain,2024,RIC,41,82.415
Spain,2024,RIC,44,81.54
Spain,2024,RIC,45,81.034
Spain,2024,RIC,46,82.469
Spain,2024,RIC,47,80.945
Spain,2024,RIC,48,80.93
Spain,2024,RIC,49,83.762
Spain,2024,RIC,50,81.912
Spain,2024,RIC,51,79.843
Spain,2024,RIC,52,79.585
Spain,2024,RIC,53,81.027
Spain,2024,RIC,54,80.084
Spain,2024,RIC,55,80.277
Spain,2024,RIC,56,80.999
Spain,2024,RIC,57,80.128
Spain,2024,RIC,58,79.768
Spain,2024,RIC,59,81.548
Spain,2024,RIC,60,79.996
Spain,2024,RIC,61,79.556
Abu Dhabi,2024,BOT,21,90.103
Abu Dhabi,2024,BOT,22,89.823
Abu Dhabi,2024,BOT,23,90.476
Abu Dhabi,2024,BOT,24,90.799
Abu Dhabi,2024,BOT,25,90.673
Belgium,2024,RIC,20,109.876
Belgium,2024,RIC,23,110.202
Belgium,2024,RIC,24,108.322
Belgium,2024,RIC,25,108.562
Belgium,2024,RIC,26,108.279
Belgium,2024,RIC,27,108.229
Belgium,2024,RIC,28,108.723
Belgium,2024,RIC,29,108.431
Belgium,2024,RIC,30,108.513
Belgium,2024,RIC,31,108.221
Belgium,2024,RIC,32,108.237
Belgium,2024,RIC,33,107.883
Belgium,2024,RIC,34,107.875
Belgium,2024,RIC,35,108.412
Belgium,2024,RIC,36,109.425
Belgium,2024,RIC,37,108.86
Belgium,2024,RIC,38,107.435
Belgium,2024,RIC,39,108.079
Belgium,2024,RIC,40,107.843
Qatar,2025,LEC,21,87.402
Qatar,2025,LEC,22,87.344
Qatar,2025,LEC,23,87.481
Qatar,2025,LEC,24,87.388
Qatar,2025,LEC,25,87.238
Qatar,2025,LEC,26,87.358
Qatar,2025,LEC,27,87.331
Qatar,2025,LEC,28,87.233
Qatar,2025,LEC,29,87.155
Qatar,2025,LEC,30,87.17
Qatar,2025,LEC,31,86.915
Qatar,2025,LEC,34,86.99
Qatar,2025,LEC,35,85.506
Qatar,2025,LEC,36,85.245
Qatar,2025,LEC,37,85.228
Qatar,2025,LEC,38,85.203
Qatar,2025,LEC,39,85.196
Qatar,2025,LEC,40,85.274
Qatar,2025,LEC,41,85.371
Qatar,2025,LEC,42,86.195
Qatar,2025,LEC,43,85.964
Qatar,2025,LEC,44,85.52
Qatar,2025,LEC,45,85.425
Qatar,2025,LEC,46,85.103
Qatar,2025,LEC,47,84.78
Qatar,2025,LEC,48,84.878
Qatar,2025,LEC,49,84.787
Qatar,2025,LEC,50,84.607
Qatar,2025,LEC,51,84.77
Qatar,2025,LEC,52,84.818
Qatar,2025,LEC,53,84.621
Bahrain,2025,ANT,19,98.365
Bahrain,2025,ANT,20,98.331
Bahrain,2025,ANT,21,98.895
Bahrain,2025,ANT,22,98.68
Bahrain,2025,ANT,23,98.897
Bahrain,2025,ANT,24,98.744
Bahrain,2025,ANT,25,98.642
Bahrain,2025,ANT,26,99.729
Bahrain,2025,ANT,29,99.193
Bahrain,2025,ANT,30,96.69
Bahrain,2025,ANT,31,96.69
Bahrain,2025,ANT,36,97.531
Bahrain,2025,ANT,37,99.917
Bahrain,2025,ANT,38,97.717
Bahrain,2025,ANT,39,96.985
Bahrain,2025,ANT,40,97.577
Bahrain,2025,ANT,41,97.273
Bahrain,2025,ANT,42,97.584
Bahrain,2025,ANT,43,97.697
Bahrain,2025,ANT,44,97.616
Bahrain,2025,ANT,45,97.916
Bahrain,2025,ANT,46,97.827
Bahrain,2025,ANT,47,97.738
Bahrain,2025,ANT,48,97.687
Bahrain,2025,ANT,49,97.488
Bahrain,2025,ANT,50,97.615
Bahrain,2025,ANT,51,97.74
Bahrain,2025,ANT,52,98.021
Bahrain,2025,ANT,53,98.66
Azerbaijan,2025,BEA,23,107.107
Azerbaijan,2025,BEA,24,107.18
Azerbaijan,2025,BEA,25,107.045
Azerbaijan,2025,BEA,26,107.138
Azerbaijan,2025,BEA,27,107.454
Azerbaijan,2025,BEA,30,106.944
Azerbaijan,2025,BEA,31,104.654
Azerbaijan,2025,BEA,32,104.288
Azerbaijan,2025,BEA,33,104.834
Azerbaijan,2025,BEA,34,104.727
Azerbaijan,2025,BEA,35,105.222
Azerbaijan,2025,BEA,36,106.189
Azerbaijan,2025,BEA,37,105.663
Azerbaijan,2025,BEA,38,104.816
Azerbaijan,2025,BEA,39,104.808
Azerbaijan,2025,BEA,40,105.056
Azerbaijan,2025,BEA,41,105.121
Azerbaijan,2025,BEA,42,105.139
Azerbaijan,2025,BEA,43,105.065
Azerbaijan,2025,BEA,44,104.648
Azerbaijan,2025,BEA,45,104.612
Azerbaijan,2025,BEA,46,104.409
Azerbaijan,2025,BEA,47,104.642
Austria,2024,RUS,17,71.382
Austria,2024,RUS,18,71.459
Austria,2024,RUS,19,71.297
Austria,2024,RUS,20,71.569
Austria,2024,RUS,21,71.531
Austria,2024,RUS,24,71.641
Austria,2024,RUS,25,69.563
Austria,2024,RUS,26,69.792
Austria,2024,RUS,27,70.037
Austria,2024,RUS,28,69.864
Austria,2024,RUS,29,70.085
Austria,2024,RUS,30,70.157
Austria,2024,RUS,31,70.18
Austria,2024,RUS,32,69.936
Austria,2024,RUS,33,70.219
Austria,2024,RUS,34,70.093
Austria,2024,RUS,35,70.26
Austria,2024,RUS,36,70.524
Austria,2024,RUS,37,70.598
Austria,2024,RUS,38,70.506
Austria,2024,RUS,39,70.64
Austria,2024,RUS,40,70.724
Austria,2024,RUS,41,70.761
Austria,2024,RUS,42,71.167
Austria,2024,RUS,43,70.797
Austria,2024,RUS,44,70.784
Austria,2024,RUS,45,71.385
Austria,2024,RUS,48,71.402
Austria,2024,RUS,49,69.164
Austria,2024,RUS,50,69.288
Austria,2024,RUS,51,69.342
Austria,2024,RUS,52,69.759
Austria,2024,RUS,53,69.881
Austria,2024,RUS,54,69.872
Austria,2024,RUS,55,70.372
Austria,2024,RUS,56,69.895
Austria,2024,RUS,57,69.711
Austria,2024,RUS,58,70.064
Austria,2024,RUS,59,70.002
Austria,2024,RUS,60,69.961
Austria,2024,RUS,61,70.065
Austria,2024,RUS,62,69.611
Austria,2024,RUS,63,70.05
Austria,2024,RUS,65,70.042
Austria,2024,RUS,67,70.278
Emilia Romagna,2025,LAW,19,82.003
Emilia Romagna,2025,LAW,20,81.977
Emilia Romagna,2025,LAW,21,82.167
Emilia Romagna,2025,LAW,22,82.153
Emilia Romagna,2025,LAW,23,82.063
Emilia Romagna,2025,LAW,24,82.447
Emilia Romagna,2025,LAW,25,82.154
Emilia Romagna,2025,LAW,26,82.499
Emilia Romagna,2025,LAW,27,82.724
Emilia Romagna,2025,LAW,31,82.879
Emilia Romagna,2025,LAW,32,81.274
Emilia Romagna,2025,LAW,33,80.9
Emilia Romagna,2025,LAW,34,81.159
Emilia Romagna,2025,LAW,35,81.108
Emilia Romagna,2025,LAW,36,81.125
Emilia Romagna,2025,LAW,37,81.077
Emilia Romagna,2025,LAW,38,80.993
Emilia Romagna,2025,LAW,39,81.109
Emilia Romagna,2025,LAW,40,81.033
Emilia Romagna,2025,LAW,41,81.218
Emilia Romagna,2025,LAW,42,81.417
Emilia Romagna,2025,LAW,43,81.034
Emilia Romagna,2025,LAW,44,82.025
Emilia Romagna,2025,LAW,54,83.089
Emilia Romagna,2025,LAW,55,82.707
Emilia Romagna,2025,LAW,56,82.477
Emilia Romagna,2025,LAW,57,80.583
Emilia Romagna,2025,LAW,58,80.762
Emilia Romagna,2025,LAW,59,80.565
Spain,2024,BOT,19,81.601
Spain,2024,BOT,20,81.23
Spain,2024,BOT,21,81.612
Spain,2024,BOT,22,81.686
Spain,2024,BOT,23,81.931
Spain,2024,BOT,24,82.239
Spain,2024,BOT,25,81.782
Spain,2024,BOT,26,83.041
Spain,2024,BOT,27,83.001
Spain,2024,BOT,30,83.428
Spain,2024,BOT,31,80.195
Spain,2024,BOT,32,80.47
Spain,2024,BOT,33,81.613
Spain,2024,BOT,34,80.565
Spain,2024,BOT,35,80.744
Spain,2024,BOT,36,80.666
Spain,2024,BOT,37,80.604
Spain,2024,BOT,38,80.815
Spain,2024,BOT,39,80.773
Spain,2024,BOT,40,82.774
Spain,2024,BOT,41,81.055
Spain,2024,BOT,42,84.249
Spain,2024,BOT,43,80.477
Spain,2024,BOT,44,82.645
Spain,2024,BOT,45,81.338
Spain,2024,BOT,46,80.81
Spain,2024,BOT,47,80.891
Spain,2024,BOT,48,81.055
Spain,2024,BOT,49,82.101
Spain,2024,BOT,50,80.644
Spain,2024,BOT,51,81.587
Spain,2024,BOT,52,82.406
Spain,2024,BOT,53,82.596
Spain,2024,BOT,54,83.642
Spain,2024,BOT,55,80.795
Spain,2024,BOT,56,80.81
Spain,2024,BOT,57,80.369
Spain,2024,BOT,58,79.936
Spain,2024,BOT,59,81.902
Spain,2024,BOT,60,80.39
Spain,2024,BOT,61,82.699
Hungary,2025,HUL,19,82.787
Hungary,2025,HUL,20,83.503
Hungary,2025,HUL,21,82.023
Hungary,2025,HUL,22,82.986
Hungary,2025,HUL,23,84.497
Hungary,2025,HUL,24,83.319
Hungary,2025,HUL,25,83.323
Hungary,2025,HUL,26,83.406
Hungary,2025,HUL,27,83.978
Hungary,2025,HUL,28,83.674
Hungary,2025,HUL,29,84.058
Hungary,2025,HUL,30,84.724
Hungary,2025,HUL,31,84.015
Hungary,2025,HUL,32,83.692
Hungary,2025,HUL,33,83.558
Hungary,2025,HUL,34,81.896
Hungary,2025,HUL,35,82.745
Hungary,2025,HUL,36,82.658
Hungary,2025,HUL,37,82.632
Hungary,2025,HUL,38,82.732
Hungary,2025,HUL,39,82.83
Hungary,2025,HUL,40,82.715
Hungary,2025,HUL,43,82.702
Hungary,2025,HUL,44,81.052
Hungary,2025,HUL,45,80.738
Hungary,2025,HUL,46,80.873
Hungary,2025,HUL,47,80.712
Hungary,2025,HUL,48,81.679
Hungary,2025,HUL,49,81.751
Hungary,2025,HUL,50,81.837
Hungary,2025,HUL,51,81.103
Hungary,2025,HUL,52,82.406
Hungary,2025,HUL,53,80.309
Hungary,2025,HUL,54,80.7
Hungary,2025,HUL,55,81.307
Hungary,2025,HUL,56,81.747
Hungary,2025,HUL,57,84.69
Hungary,2025,HUL,58,82.261
Hungary,2025,HUL,59,83.034
Hungary,2025,HUL,60,81.714
Hungary,2025,HUL,61,81.322
Hungary,2025,HUL,62,82.025
Hungary,2025,HUL,63,82.547
Hungary,2025,HUL,64,81.974
Hungary,2025,HUL,65,80.683
Monaco,2025,OCO,26,77.72
Monaco,2025,OCO,27,76.527
Monaco,2025,OCO,30,76.705
Monaco,2025,OCO,31,75.796
Monaco,2025,OCO,32,75.43
Monaco,2025,OCO,33,75.503
Monaco,2025,OCO,34,75.22
Monaco,2025,OCO,35,75.157
Monaco,2025,OCO,36,75.846
Monaco,2025,OCO,38,76.149
Monaco,2025,OCO,39,76.298
Monaco,2025,OCO,40,78.41
Monaco,2025,OCO,41,76.525
Monaco,2025,OCO,42,78.126
Monaco,2025,OCO,43,76.24
Monaco,2025,OCO,44,76.584
Monaco,2025,OCO,45,77.324
Monaco,2025,OCO,46,78.452
Monaco,2025,OCO,47,77.007
Monaco,2025,OCO,48,77.341
Monaco,2025,OCO,49,78.068
Monaco,2025,OCO,50,78.235
Monaco,2025,OCO,51,77.902
Monaco,2025,OCO,52,78.424
Monaco,2025,OCO,53,77.45
Monaco,2025,OCO,54,79.133
Monaco,2025,OCO,55,77.744
Monaco,2025,OCO,56,78.492
Monaco,2025,OCO,57,77.541
Monaco,2025,OCO,58,77.871
Monaco,2025,OCO,59,77.184
Monaco,2025,OCO,60,77.137
Monaco,2025,OCO,61,77.606
Monaco,2025,OCO,62,77.644
Monaco,2025,OCO,63,77.67
Monaco,2025,OCO,64,78.295
Monaco,2025,OCO,65,77.903
Monaco,2025,OCO,66,78.271
Monaco,2025,OCO,67,78.81
Monaco,2025,OCO,68,77.401
Monaco,2025,OCO,69,77.467
Monaco,2025,OCO,70,76.985
Monaco,2025,OCO,71,77.069
Monaco,2025,OCO,72,76.828
Monaco,2025,OCO,73,76.768
Emilia Romagna,2024,GAS,19,82.419
Emilia Romagna,2024,GAS,20,82.231
Emilia Romagna,2024,GAS,21,82.233
Emilia Romagna,2024,GAS,22,82.44
Emilia Romagna,2024,GAS,23,82.296
Emilia Romagna,2024,GAS,24,82.614
Emilia Romagna,2024,GAS,25,82.518
Emilia Romagna,2024,GAS,26,82.607
Emilia Romagna,2024,GAS,27,82.757
Emilia Romagna,2024,GAS,28,82.721
Emilia Romagna,2024,GAS,29,83.109
Emilia Romagna,2024,GAS,32,83.551
Emilia Romagna,2024,GAS,33,81.407
Emilia Romagna,2024,GAS,34,81.633
Emilia Romagna,2024,GAS,35,81.706
Emilia Romagna,2024,GAS,36,83.386
Emilia Romagna,2024,GAS,37,81.485
Emilia Romagna,2024,GAS,38,81.658
Emilia Romagna,2024,GAS,39,81.667
Emilia Romagna,2024,GAS,40,81.622
Emilia Romagna,2024,GAS,41,83.459
Emilia Romagna,2024,GAS,42,83.03
Emilia Romagna,2024,GAS,43,83.721
Emilia Romagna,2024,GAS,44,81.633
Emilia Romagna,2024,GAS,45,81.908
Emilia Romagna,2024,GAS,46,83.463
Emilia Romagna,2024,GAS,47,82.874
Emilia Romagna,2024,GAS,48,82.242
Emilia Romagna,2024,GAS,49,81.85
Emilia Romagna,2024,GAS,50,81.981
Emilia Romagna,2024,GAS,51,81.905
Emilia Romagna,2024,GAS,52,82.176
Emilia Romagna,2024,GAS,53,82.187
Emilia Romagna,2024,GAS,54,81.945
Emilia Romagna,2024,GAS,55,82.249
Emilia Romagna,2024,GAS,56,82.53
Emilia Romagna,2024,GAS,57,83.8
Emilia Romagna,2024,GAS,58,82.959
Great Britain,2024,OCO,17,72.263
Great Britain,2024,OCO,18,72.349
Great Britain,2024,OCO,21,72.182
Great Britain,2024,OCO,22,71.198
Great Britain,2024,OCO,23,71.526
Great Britain,2024,OCO,24,70.86
Great Britain,2024,OCO,25,70.897
Great Britain,2024,OCO,26,71.155
Great Britain,2024,OCO,27,71.193
Great Britain,2024,OCO,28,71.267
Great Britain,2024,OCO,29,71.369
Great Britain,2024,OCO,30,72.031
Great Britain,2024,OCO,31,71.95
Great Britain,2024,OCO,32,71.737
Great Britain,2024,OCO,33,71.938
Great Britain,2024,OCO,34,71.658
Great Britain,2024,OCO,35,72.058
Great Britain,2024,OCO,36,72.553
Great Britain,2024,OCO,37,71.583
Great Britain,2024,OCO,38,71.745
Great Britain,2024,OCO,39,71.375
Great Britain,2024,OCO,40,71.967
Great Britain,2024,OCO,41,72.992
Great Britain,2024,OCO,42,72.323
Great Britain,2024,OCO,45,71.754
Great Britain,2024,OCO,46,69.649
Great Britain,2024,OCO,47,69.894
Great Britain,2024,OCO,48,70.161
Great Britain,2024,OCO,49,70.225
Great Britain,2024,OCO,50,70.189
Great Britain,2024,OCO,51,70.526
Great Britain,2024,OCO,52,70.93
Great Britain,2024,OCO,53,70.468
Great Britain,2024,OCO,54,70.776
Great Britain,2024,OCO,55,70.459
Great Britain,2024,OCO,56,70.504
Great Britain,2024,OCO,57,70.491
Great Britain,2024,OCO,58,70.762
Great Britain,2024,OCO,59,71.106
Great Britain,2024,OCO,60,71.355
Great Britain,2024,OCO,61,70.962
Great Britain,2024,OCO,62,72.917
Great Britain,2024,OCO,64,71.462
Great Britain,2024,OCO,66,71.411
Great Britain,2024,OCO,67,71.192
Saudi Arabia,2024,HAM,21,94.225
Saudi Arabia,2024,HAM,22,94.016
Saudi Arabia,2024,HAM,23,94.419
Saudi Arabia,2024,HAM,24,94.041
Saudi Arabia,2024,HAM,25,94.025
Saudi Arabia,2024,HAM,26,93.532
Saudi Arabia,2024,HAM,27,93.518
Saudi Arabia,2024,HAM,28,93.918
Saudi Arabia,2024,HAM,29,93.56
Saudi Arabia,2024,HAM,30,93.567
Saudi Arabia,2024,HAM,31,93.354
Saudi Arabia,2024,HAM,32,93.384
Saudi Arabia,2024,HAM,33,93.406
Saudi Arabia,2024,HAM,34,93.36
Saudi Arabia,2024,HAM,35,93.693
Saudi Arabia,2024,HAM,38,93.742
Saudi Arabia,2024,HAM,39,91.746
Saudi Arabia,2024,HAM,40,92.315
Saudi Arabia,2024,HAM,41,92.37
Saudi Arabia,2024,HAM,42,92.201
Saudi Arabia,2024,HAM,43,92.027
Saudi Arabia,2024,HAM,44,92.041
Saudi Arabia,2024,HAM,45,92.232
Saudi Arabia,2024,HAM,46,91.943
Austria,2024,SAR,18,73.584
Austria,2024,SAR,19,74.433
Austria,2024,SAR,22,72.772
Austria,2024,SAR,23,71.128
Austria,2024,SAR,24,73.689
Austria,2024,SAR,25,70.753
Austria,2024,SAR,26,72.872
Austria,2024,SAR,27,72.961
Austria,2024,SAR,28,71.549
Austria,2024,SAR,29,71.795
Austria,2024,SAR,30,72.662
Austria,2024,SAR,31,71.427
Austria,2024,SAR,32,71.943
Austria,2024,SAR,33,71.733
Austria,2024,SAR,34,73.633
Austria,2024,SAR,35,71.821
Austria,2024,SAR,36,72.035
Austria,2024,SAR,37,71.802
Austria,2024,SAR,38,71.778
Austria,2024,SAR,39,71.889
Austria,2024,SAR,40,72.015
Austria,2024,SAR,41,72.322
Austria,2024,SAR,42,72.077
Austria,2024,SAR,43,72.177
Austria,2024,SAR,44,72.175
Austria,2024,SAR,45,72.287
Austria,2024,SAR,46,72.42
Austria,2024,SAR,47,72.051
Austria,2024,SAR,48,71.899
Austria,2024,SAR,51,71.902
Austria,2024,SAR,52,70.498
Austria,2024,SAR,53,70.774
Austria,2024,SAR,54,70.667
Austria,2024,SAR,55,70.629
Austria,2024,SAR,56,70.776
Austria,2024,SAR,57,70.644
Austria,2024,SAR,58,74.583
Austria,2024,SAR,59,70.755
Austria,2024,SAR,60,70.657
Austria,2024,SAR,61,70.406
Austria,2024,SAR,63,71.008
Austria,2024,SAR,65,71.949
Mexico City,2025,GAS,19,84.226
Mexico City,2025,GAS,20,84.317
Mexico City,2025,GAS,21,84.399
Mexico City,2025,GAS,22,84.562
Mexico City,2025,GAS,23,85.593
Mexico City,2025,GAS,24,84.322
Mexico City,2025,GAS,25,84.402
Mexico City,2025,GAS,26,84.502
Mexico City,2025,GAS,27,84.556
Mexico City,2025,GAS,28,84.534
Mexico City,2025,GAS,29,85.115
Mexico City,2025,GAS,30,85.084
Mexico City,2025,GAS,31,84.764
Mexico City,2025,GAS,32,84.697
Mexico City,2025,GAS,35,84.889
Mexico City,2025,GAS,36,83.026
Mexico City,2025,GAS,37,83.228
Mexico City,2025,GAS,38,83.886
Mexico City,2025,GAS,39,82.727
Mexico City,2025,GAS,40,82.475
Mexico City,2025,GAS,41,82.665
Mexico City,2025,GAS,42,82.467
Mexico City,2025,GAS,43,82.663
Mexico City,2025,GAS,44,82.271
Mexico City,2025,GAS,45,82.708
Mexico City,2025,GAS,46,82.538
Mexico City,2025,GAS,47,82.63
Mexico City,2025,GAS,48,82.744
Mexico City,2025,GAS,49,82.685
Mexico City,2025,GAS,50,82.693
Mexico City,2025,GAS,51,82.637
Mexico City,2025,GAS,52,82.601
Mexico City,2025,GAS,53,82.64
Mexico City,2025,GAS,54,82.361
Mexico City,2025,GAS,55,82.515
Mexico City,2025,GAS,56,82.578
Mexico City,2025,GAS,57,82.582
Mexico City,2025,GAS,58,82.699
Mexico City,2025,GAS,59,84.793
Mexico City,2025,GAS,60,83.014
Mexico City,2025,GAS,61,82.713
Mexico City,2025,GAS,62,84.423
Mexico City,2025,GAS,63,82.632
Bahrain,2025,OCO,19,98.465
Bahrain,2025,OCO,20,98.4
Bahrain,2025,OCO,21,98.619
Bahrain,2025,OCO,22,98.787
Bahrain,2025,OCO,23,98.632
Bahrain,2025,OCO,24,98.918
Bahrain,2025,OCO,25,98.84
Bahrain,2025,OCO,26,99.405
Bahrain,2025,OCO,29,99.882
Bahrain,2025,OCO,30,97.161
Bahrain,2025,OCO,31,97.098
Bahrain,2025,OCO,36,97.53
Bahrain,2025,OCO,37,98.212
Bahrain,2025,OCO,38,97.401
Bahrain,2025,OCO,39,98.081
Bahrain,2025,OCO,40,97.541
Bahrain,2025,OCO,41,97.48
Bahrain,2025,OCO,42,97.447
Bahrain,2025,OCO,43,97.716
Bahrain,2025,OCO,44,97.703
Bahrain,2025,OCO,45,97.955
Bahrain,2025,OCO,46,97.639
Bahrain,2025,OCO,47,97.66
Bahrain,2025,OCO,48,97.842
Bahrain,2025,OCO,49,97.874
Bahrain,2025,OCO,50,97.806
Bahrain,2025,OCO,51,98.191
Bahrain,2025,OCO,52,98.332
Bahrain,2025,OCO,53,98.395
Emilia Romagna,2025,RUS,19,81.556
Emilia Romagna,2025,RUS,20,81.534
Emilia Romagna,2025,RUS,21,82.08
Emilia Romagna,2025,RUS,22,81.948
Emilia Romagna,2025,RUS,23,81.643
Emilia Romagna,2025,RUS,24,82.576
Emilia Romagna,2025,RUS,25,82.149
Emilia Romagna,2025,RUS,26,81.552
Emilia Romagna,2025,RUS,27,81.727
Emilia Romagna,2025,RUS,31,81.414
Emilia Romagna,2025,RUS,32,81.258
Emilia Romagna,2025,RUS,33,80.688
Emilia Romagna,2025,RUS,34,81.267
Emilia Romagna,2025,RUS,35,82.475
Emilia Romagna,2025,RUS,36,81.852
Emilia Romagna,2025,RUS,37,80.675
Emilia Romagna,2025,RUS,38,80.544
Emilia Romagna,2025,RUS,39,80.462
Emilia Romagna,2025,RUS,40,80.514
Emilia Romagna,2025,RUS,41,80.114
Emilia Romagna,2025,RUS,42,80.516
Emilia Romagna,2025,RUS,43,80.309
Emilia Romagna,2025,RUS,44,80.277
Emilia Romagna,2025,RUS,54,80.211
Emilia Romagna,2025,RUS,55,81.275
Emilia Romagna,2025,RUS,56,79.733
Emilia Romagna,2025,RUS,57,80.938
Emilia Romagna,2025,RUS,58,80.517
Emilia Romagna,2025,RUS,59,79.867
Great Britain,2024,RUS,17,71.382
Great Britain,2024,RUS,18,71.459
Great Britain,2024,RUS,19,71.297
Great Britain,2024,RUS,20,71.569
Great Britain,2024,RUS,21,71.531
Great Britain,2024,RUS,24,71.641
Great Britain,2024,RUS,25,69.563
Great Britain,2024,RUS,26,69.792
Great Britain,2024,RUS,27,70.037
Great Britain,2024,RUS,28,69.864
Great Britain,2024,RUS,29,70.085
Great Britain,2024,RUS,30,70.157
Great Britain,2024,RUS,31,70.18
Great Britain,2024,RUS,32,69.936
Great Britain,2024,RUS,33,70.219
Great Britain,2024,RUS,34,70.093
Great Britain,2024,RUS,35,70.26
Great Britain,2024,RUS,36,70.524
Great Britain,2024,RUS,37,70.598
Great Britain,2024,RUS,38,70.506
Great Britain,2024,RUS,39,70.64
Great Britain,2024,RUS,40,70.724
Great Britain,2024,RUS,41,70.761
Great Britain,2024,RUS,42,71.167
Great Britain,2024,RUS,43,70.797
Great Britain,2024,RUS,44,70.784
Great Britain,2024,RUS,45,71.385
Great Britain,2024,RUS,48,71.402
Great Britain,2024,RUS,49,69.164
Great Britain,2024,RUS,50,69.288
Great Britain,2024,RUS,51,69.342
Great Britain,2024,RUS,52,69.759
Great Britain,2024,RUS,53,69.881
Great Britain,2024,RUS,54,69.872
Great Britain,2024,RUS,55,70.372
Great Britain,2024,RUS,56,69.895
Great Britain,2024,RUS,57,69.711
Great Britain,2024,RUS,58,70.064
Great Britain,2024,RUS,59,70.002
Great Britain,2024,RUS,60,69.961
Great Britain,2024,RUS,61,70.065
Great Britain,2024,RUS,62,69.611
Great Britain,2024,RUS,63,70.05
Great Britain,2024,RUS,65,70.042
Great Britain,2024,RUS,67,70.278
Abu Dhabi,2024,HAM,19,89.756
Abu Dhabi,2024,HAM,20,89.849
Abu Dhabi,2024,HAM,21,89.807
Abu Dhabi,2024,HAM,22,89.719
Abu Dhabi,2024,HAM,23,89.655
Abu Dhabi,2024,HAM,24,89.787
Abu Dhabi,2024,HAM,25,89.698
Abu Dhabi,2024,HAM,26,89.616
Abu Dhabi,2024,HAM,27,89.833
Abu Dhabi,2024,HAM,28,89.844
Abu Dhabi,2024,HAM,29,89.481
Abu Dhabi,2024,HAM,30,89.756
Abu Dhabi,2024,HAM,32,89.486
Abu Dhabi,2024,HAM,33,89.802
Abu Dhabi,2024,HAM,36,89.589
Abu Dhabi,2024,HAM,37,87.803
Abu Dhabi,2024,HAM,38,87.741
Abu Dhabi,2024,HAM,39,88.061
Abu Dhabi,2024,HAM,40,88.001
Abu Dhabi,2024,HAM,41,87.726
Abu Dhabi,2024,HAM,42,88.653
Abu Dhabi,2024,HAM,43,87.692
Abu Dhabi,2024,HAM,44,87.556
Abu Dhabi,2024,HAM,45,87.278
Abu Dhabi,2024,HAM,46,87.629
Abu Dhabi,2024,HAM,47,87.571
Abu Dhabi,2024,HAM,48,87.586
Abu Dhabi,2024,HAM,49,87.727
Abu Dhabi,2024,HAM,50,87.49
Abu Dhabi,2024,HAM,51,87.735
Abu Dhabi,2024,HAM,52,87.319
Miami,2024,SAI,17,93.245
Miami,2024,SAI,18,93.23
Miami,2024,SAI,19,93.065
Miami,2024,SAI,20,92.838
Miami,2024,SAI,21,92.628
Miami,2024,SAI,22,92.778
Miami,2024,SAI,24,92.775
Miami,2024,SAI,25,92.64
Miami,2024,SAI,26,92.455
Miami,2024,SAI,33,92.573
Miami,2024,SAI,34,93.197
Miami,2024,SAI,35,92.109
Miami,2024,SAI,36,91.423
Miami,2024,SAI,37,92.105
Miami,2024,SAI,38,92.315
Miami,2024,SAI,39,91.366
Miami,2024,SAI,40,92.198
Miami,2024,SAI,41,92.455
Miami,2024,SAI,42,92.006
Miami,2024,SAI,43,91.581
Miami,2024,SAI,44,91.052
Miami,2024,SAI,45,91.362
Miami,2024,SAI,46,91.501
Miami,2024,SAI,47,91.348
Miami,2024,SAI,48,91.523
Miami,2024,SAI,49,91.392
Miami,2024,SAI,50,91.415
Miami,2024,SAI,51,91.546
Miami,2024,SAI,52,91.039
Miami,2024,SAI,53,91.363
China,2025,SAI,22,98.151
China,2025,SAI,23,98.143
China,2025,SAI,24,97.758
China,2025,SAI,25,98.047
China,2025,SAI,26,98.187
China,2025,SAI,27,98.346
China,2025,SAI,28,98.083
China,2025,SAI,29,98.196
China,2025,SAI,30,97.951
China,2025,SAI,31,97.762
China,2025,SAI,32,98.252
China,2025,SAI,33,97.904
China,2025,SAI,34,97.783
China,2025,SAI,35,98.061
China,2025,SAI,36,98.752
China,2025,SAI,37,98.984
China,2025,SAI,38,97.803
China,2025,SAI,39,97.364
China,2025,SAI,40,97.18
China,2025,SAI,41,97.55
China,2025,SAI,42,97.462
China,2025,SAI,43,97.379
China,2025,SAI,44,98.879
China,2025,SAI,45,97.55
China,2025,SAI,46,97.193
China,2025,SAI,47,97.355
China,2025,SAI,48,97.144
China,2025,SAI,49,97.349
China,2025,SAI,50,96.891
China,2025,SAI,51,96.779
China,2025,SAI,52,96.854
Great Britain,2024,HUL,19,71.664
Great Britain,2024,HUL,20,71.23
Great Britain,2024,HUL,21,71.199
Great Britain,2024,HUL,22,71.421
Great Britain,2024,HUL,23,71.541
Great Britain,2024,HUL,24,71.518
Great Britain,2024,HUL,25,71.189
Great Britain,2024,HUL,26,71.213
Great Britain,2024,HUL,27,71.192
Great Britain,2024,HUL,28,72.233
Great Britain,2024,HUL,29,71.405
Great Britain,2024,HUL,30,71.731
Great Britain,2024,HUL,31,71.636
Great Britain,2024,HUL,32,71.717
Great Britain,2024,HUL,33,71.697
Great Britain,2024,HUL,34,71.689
Great Britain,2024,HUL,35,71.825
Great Britain,2024,HUL,36,71.779
Great Britain,2024,HUL,37,71.823
Great Britain,2024,HUL,38,71.794
Great Britain,2024,HUL,41,71.808
Great Britain,2024,HUL,42,72.764
Great Britain,2024,HUL,43,70.745
Great Britain,2024,HUL,44,70.492
Great Britain,2024,HUL,45,70.45
Great Britain,2024,HUL,46,70.264
Great Britain,2024,HUL,47,70.5
Great Britain,2024,HUL,48,70.474
Great Britain,2024,HUL,49,70.492
Great Britain,2024,HUL,50,70.848
Great Britain,2024,HUL,51,70.603
Great Britain,2024,HUL,52,70.215
Great Britain,2024,HUL,53,70.404
Great Britain,2024,HUL,54,70.866
Great Britain,2024,HUL,55,70.723
Great Britain,2024,HUL,56,70.577
Great Britain,2024,HUL,57,70.772
Great Britain,2024,HUL,58,70.949
Great Britain,2024,HUL,59,70.703
Great Britain,2024,HUL,60,70.939
Great Britain,2024,HUL,61,70.893
Great Britain,2024,HUL,62,70.669
Great Britain,2024,HUL,64,70.666
Great Britain,2024,HUL,67,71.177
Saudi Arabia,2024,RIC,21,96.073
Saudi Arabia,2024,RIC,22,96.779
Saudi Arabia,2024,RIC,23,96.433
Saudi Arabia,2024,RIC,24,95.855
Saudi Arabia,2024,RIC,25,94.935
Saudi Arabia,2024,RIC,26,94.739
Saudi Arabia,2024,RIC,27,94.973
Saudi Arabia,2024,RIC,28,95.648
Saudi Arabia,2024,RIC,29,95.285
Saudi Arabia,2024,RIC,30,95.649
Saudi Arabia,2024,RIC,31,95.608
Saudi Arabia,2024,RIC,32,95.433
Saudi Arabia,2024,RIC,33,95.804
Saudi Arabia,2024,RIC,34,95.753
Saudi Arabia,2024,RIC,35,95.25
Saudi Arabia,2024,RIC,36,94.658
Saudi Arabia,2024,RIC,37,94.92
Saudi Arabia,2024,RIC,38,94.125
Saudi Arabia,2024,RIC,39,93.821
Saudi Arabia,2024,RIC,40,93.974
Saudi Arabia,2024,RIC,41,93.494
Saudi Arabia,2024,RIC,42,94.574
Saudi Arabia,2024,RIC,43,95.812
Saudi Arabia,2024,RIC,44,93.705
Saudi Arabia,2024,RIC,45,93.436
Abu Dhabi,2024,NOR,19,89.222
Abu Dhabi,2024,NOR,20,89.139
Abu Dhabi,2024,NOR,21,89.213
Abu Dhabi,2024,NOR,22,89.133
Abu Dhabi,2024,NOR,23,89.189
Abu Dhabi,2024,NOR,24,89.262
Abu Dhabi,2024,NOR,25,89.484
Abu Dhabi,2024,NOR,28,89.21
Abu Dhabi,2024,NOR,29,88.325
Abu Dhabi,2024,NOR,30,88.439
Abu Dhabi,2024,NOR,32,88.235
Abu Dhabi,2024,NOR,33,88.414
Abu Dhabi,2024,NOR,34,88.126
Abu Dhabi,2024,NOR,35,88.108
Abu Dhabi,2024,NOR,36,87.974
Abu Dhabi,2024,NOR,37,87.875
Abu Dhabi,2024,NOR,38,88.076
Abu Dhabi,2024,NOR,39,87.907
Abu Dhabi,2024,NOR,40,87.76
Abu Dhabi,2024,NOR,41,87.707
Abu Dhabi,2024,NOR,42,87.857
Abu Dhabi,2024,NOR,43,88.162
Abu Dhabi,2024,NOR,44,88.002
Abu Dhabi,2024,NOR,45,87.962
Abu Dhabi,2024,NOR,46,88.055
Abu Dhabi,2024,NOR,47,88.078
Abu Dhabi,2024,NOR,48,88.237
Abu Dhabi,2024,NOR,49,88.205
Abu Dhabi,2024,NOR,50,88.371
Abu Dhabi,2024,NOR,51,88.128
Abu Dhabi,2024,NOR,52,87.867
Abu Dhabi,2024,NOR,53,87.438
Spain,2025,LEC,19,81.481
Spain,2025,LEC,20,80.585
Spain,2025,LEC,21,80.775
Spain,2025,LEC,22,80.107
Spain,2025,LEC,23,79.918
Spain,2025,LEC,24,79.467
Spain,2025,LEC,25,79.578
Spain,2025,LEC,26,79.611
Spain,2025,LEC,27,79.983
Spain,2025,LEC,28,79.981
Spain,2025,LEC,29,80.061
Spain,2025,LEC,30,79.979
Spain,2025,LEC,31,80.088
Spain,2025,LEC,32,80.085
Spain,2025,LEC,33,80.007
Spain,2025,LEC,34,80.24
Spain,2025,LEC,35,80.338
Spain,2025,LEC,36,80.399
Spain,2025,LEC,37,81.159
Spain,2025,LEC,38,81.111
Spain,2025,LEC,39,80.825
Spain,2025,LEC,42,80.912
Spain,2025,LEC,43,79.354
Spain,2025,LEC,44,79.57
Spain,2025,LEC,45,79.321
Spain,2025,LEC,46,79.181
Spain,2025,LEC,47,79.877
Spain,2025,LEC,48,79.806
Spain,2025,LEC,49,79.304
Spain,2025,LEC,50,79.735
Spain,2025,LEC,51,79.697
Spain,2025,LEC,52,79.815
Spain,2025,LEC,53,79.831
Spain,2025,LEC,54,79.674
Spain,2025,LEC,61,79.826
Spain,2025,LEC,62,77.547
Bahrain,2024,HUL,22,97.862
Bahrain,2024,HUL,23,96.858
Bahrain,2024,HUL,24,96.725
Bahrain,2024,HUL,25,96.626
Bahrain,2024,HUL,26,96.652
Bahrain,2024,HUL,27,96.548
Bahrain,2024,HUL,28,96.647
Bahrain,2024,HUL,29,97.254
Bahrain,2024,HUL,30,96.837
Bahrain,2024,HUL,31,96.691
Bahrain,2024,HUL,32,96.578
Bahrain,2024,HUL,33,96.935
Bahrain,2024,HUL,34,96.784
Bahrain,2024,HUL,35,96.692
Bahrain,2024,HUL,36,96.959
Bahrain,2024,HUL,37,96.795
Bahrain,2024,HUL,38,96.723
Bahrain,2024,HUL,39,100.083
Bahrain,2024,HUL,40,97.476
Bahrain,2024,HUL,43,97.088
Bahrain,2024,HUL,44,95.76
Bahrain,2024,HUL,45,95.59
Bahrain,2024,HUL,46,95.119
Bahrain,2024,HUL,47,94.834
Bahrain,2024,HUL,48,95.226
Bahrain,2024,HUL,49,95.146
Bahrain,2024,HUL,50,95.494
Bahrain,2024,HUL,51,95.167
Bahrain,2024,HUL,52,95.529
Bahrain,2024,MAG,20,97.792
Bahrain,2024,MAG,21,98.062
Bahrain,2024,MAG,22,98.01
Bahrain,2024,MAG,23,98.147
Bahrain,2024,MAG,24,98.293
Bahrain,2024,MAG,25,98.156
Bahrain,2024,MAG,26,98.29
Bahrain,2024,MAG,27,98.093
Bahrain,2024,MAG,28,98.226
Bahrain,2024,MAG,29,97.936
Bahrain,2024,MAG,30,97.965
Bahrain,2024,MAG,31,98.04
Bahrain,2024,MAG,34,98.0
Bahrain,2024,MAG,35,95.57
Bahrain,2024,MAG,36,95.698
Bahrain,2024,MAG,37,95.851
Bahrain,2024,MAG,38,95.741
Bahrain,2024,MAG,39,96.042
Bahrain,2024,MAG,40,95.876
Bahrain,2024,MAG,41,96.071
Bahrain,2024,MAG,42,96.34
Bahrain,2024,MAG,43,96.31
Bahrain,2024,MAG,44,96.232
Bahrain,2024,MAG,45,96.249
Bahrain,2024,MAG,46,96.349
Bahrain,2024,MAG,47,96.446
Bahrain,2024,MAG,48,96.454
Bahrain,2024,MAG,49,96.679
Bahrain,2024,MAG,50,96.842
Bahrain,2024,MAG,51,97.035
Bahrain,2024,MAG,52,96.929
Belgium,2024,LEC,20,108.346
Belgium,2024,LEC,21,108.279
Belgium,2024,LEC,22,108.38
Belgium,2024,LEC,23,108.356
Belgium,2024,LEC,24,108.449
Belgium,2024,LEC,27,108.444
Belgium,2024,LEC,28,107.034
Belgium,2024,LEC,29,107.039
Belgium,2024,LEC,30,107.517
Belgium,2024,LEC,31,107.311
Belgium,2024,LEC,32,107.018
Belgium,2024,LEC,33,107.064
Belgium,2024,LEC,34,107.013
Belgium,2024,LEC,35,107.023
Belgium,2024,LEC,36,108.321
Belgium,2024,LEC,37,109.289
Belgium,2024,LEC,38,107.601
Belgium,2024,LEC,39,107.142
Belgium,2024,LEC,40,107.539
Canada,2024,SAI,18,87.583
Canada,2024,SAI,19,87.479
Canada,2024,SAI,20,86.898
Canada,2024,SAI,21,87.228
Canada,2024,SAI,22,88.099
Canada,2024,SAI,23,86.895
Canada,2024,SAI,30,86.839
Canada,2024,SAI,31,90.223
Canada,2024,SAI,32,92.345
Canada,2024,SAI,33,91.832
Canada,2024,SAI,34,90.702
Canada,2024,SAI,35,88.45
Canada,2024,SAI,36,88.699
Canada,2024,SAI,37,87.905
Canada,2024,SAI,38,87.295
Canada,2024,SAI,39,86.824
Canada,2024,SAI,40,87.238
Canada,2024,SAI,42,86.208
Canada,2024,SAI,45,85.861
Canada,2024,SAI,46,84.895
Saudi Arabia,2025,STR,19,96.123
Saudi Arabia,2025,STR,20,95.768
Saudi Arabia,2025,STR,21,95.717
Saudi Arabia,2025,STR,22,95.665
Saudi Arabia,2025,STR,23,95.747
Saudi Arabia,2025,STR,24,95.642
Saudi Arabia,2025,STR,25,95.691
Saudi Arabia,2025,STR,26,95.267
Saudi Arabia,2025,STR,27,95.29
Saudi Arabia,2025,STR,28,95.219
Saudi Arabia,2025,STR,29,95.394
Saudi Arabia,2025,STR,30,95.171
Saudi Arabia,2025,STR,31,95.254
Saudi Arabia,2025,STR,32,96.856
Saudi Arabia,2025,STR,33,95.746
Saudi Arabia,2025,STR,34,95.184
Saudi Arabia,2025,STR,35,95.18
Saudi Arabia,2025,STR,36,95.19
Saudi Arabia,2025,STR,37,95.173
Saudi Arabia,2025,STR,38,95.966
Saudi Arabia,2025,STR,41,95.327
Saudi Arabia,2025,STR,42,93.453
Saudi Arabia,2025,STR,43,93.372
Saudi Arabia,2025,STR,44,92.876
Saudi Arabia,2025,STR,45,92.745
Azerbaijan,2024,PER,19,109.43
Azerbaijan,2024,PER,20,107.572
Azerbaijan,2024,PER,21,107.655
Azerbaijan,2024,PER,22,107.719
Azerbaijan,2024,PER,23,108.111
Azerbaijan,2024,PER,24,107.46
Azerbaijan,2024,PER,25,107.385
Azerbaijan,2024,PER,26,107.485
Azerbaijan,2024,PER,27,107.591
Azerbaijan,2024,PER,28,107.333
Azerbaijan,2024,PER,29,107.464
Azerbaijan,2024,PER,30,107.633
Azerbaijan,2024,PER,31,107.536
Azerbaijan,2024,PER,32,107.927
Azerbaijan,2024,PER,33,107.63
Azerbaijan,2024,PER,34,108.442
Azerbaijan,2024,PER,35,108.143
Azerbaijan,2024,PER,37,108.209
Azerbaijan,2024,PER,38,108.328
Azerbaijan,2024,PER,39,107.787
Azerbaijan,2024,PER,40,107.632
Azerbaijan,2024,PER,41,107.609
Azerbaijan,2024,PER,42,107.089
Azerbaijan,2024,PER,43,107.139
Azerbaijan,2024,PER,44,107.96
Azerbaijan,2024,PER,45,107.43
Azerbaijan,2024,HAM,19,108.632
Azerbaijan,2024,HAM,20,108.563
Azerbaijan,2024,HAM,21,108.495
Azerbaijan,2024,HAM,22,109.616
Azerbaijan,2024,HAM,23,110.666
Azerbaijan,2024,HAM,24,108.588
Azerbaijan,2024,HAM,25,108.433
Azerbaijan,2024,HAM,26,108.29
Azerbaijan,2024,HAM,27,107.828
Azerbaijan,2024,HAM,28,107.898
Azerbaijan,2024,HAM,29,108.045
Azerbaijan,2024,HAM,30,107.777
Azerbaijan,2024,HAM,31,108.494
Azerbaijan,2024,HAM,32,108.128
Azerbaijan,2024,HAM,33,107.867
Azerbaijan,2024,HAM,34,107.33
Azerbaijan,2024,HAM,35,109.101
Azerbaijan,2024,HAM,37,107.998
Azerbaijan,2024,HAM,38,110.671
Azerbaijan,2024,HAM,39,109.22
Azerbaijan,2024,HAM,40,109.264
Azerbaijan,2024,HAM,41,108.576
Azerbaijan,2024,HAM,42,108.492
Azerbaijan,2024,HAM,43,107.3
Azerbaijan,2024,HAM,44,107.679
Abu Dhabi,2025,LAW,17,91.366
Abu Dhabi,2025,LAW,18,91.343
Abu Dhabi,2025,LAW,19,91.426
Abu Dhabi,2025,LAW,20,91.815
Abu Dhabi,2025,LAW,23,91.884
Abu Dhabi,2025,LAW,24,89.826
Abu Dhabi,2025,LAW,25,89.26
Abu Dhabi,2025,LAW,26,89.498
Abu Dhabi,2025,LAW,27,89.337
Abu Dhabi,2025,LAW,28,89.501
Abu Dhabi,2025,LAW,29,89.554
Abu Dhabi,2025,LAW,30,89.665
Abu Dhabi,2025,LAW,31,89.6
Abu Dhabi,2025,LAW,32,89.416
Abu Dhabi,2025,LAW,33,89.158
Abu Dhabi,2025,LAW,34,89.444
Abu Dhabi,2025,LAW,35,89.499
Abu Dhabi,2025,LAW,36,89.26
Abu Dhabi,2025,LAW,37,89.353
Abu Dhabi,2025,LAW,38,89.616
Abu Dhabi,2025,LAW,39,89.496
Abu Dhabi,2025,LAW,40,88.886
Abu Dhabi,2025,LAW,41,89.814
Abu Dhabi,2025,LAW,42,90.032
Abu Dhabi,2025,LAW,43,89.609
Abu Dhabi,2025,LAW,44,90.371
Abu Dhabi,2025,LAW,45,90.123
Abu Dhabi,2025,LAW,46,89.762
Abu Dhabi,2025,LAW,47,89.987
Abu Dhabi,2025,LAW,48,88.99
Abu Dhabi,2025,LAW,49,89.319
Abu Dhabi,2025,LAW,50,89.009
Abu Dhabi,2025,LAW,51,88.99
Abu Dhabi,2025,LAW,52,89.008
Abu Dhabi,2025,LAW,53,89.121
Singapore,2024,VER,17,97.851
Singapore,2024,VER,18,97.987
Singapore,2024,VER,19,98.068
Singapore,2024,VER,20,98.017
Singapore,2024,VER,21,98.123
Singapore,2024,VER,22,98.172
Singapore,2024,VER,23,98.192
Singapore,2024,VER,24,98.231
Singapore,2024,VER,25,98.399
Singapore,2024,VER,26,98.641
Singapore,2024,VER,27,98.575
Singapore,2024,VER,28,98.927
Singapore,2024,VER,31,99.265
Singapore,2024,VER,32,96.688
Singapore,2024,VER,33,96.824
Singapore,2024,VER,34,97.022
Singapore,2024,VER,35,96.871
Singapore,2024,VER,36,97.1
Singapore,2024,VER,37,96.968
Singapore,2024,VER,38,96.984
Singapore,2024,VER,39,97.071
Singapore,2024,VER,40,96.957
Singapore,2024,VER,41,96.962
Singapore,2024,VER,42,97.38
Singapore,2024,VER,43,96.865
Singapore,2024,VER,44,96.582
Singapore,2024,VER,45,96.414
Singapore,2024,VER,46,96.618
Singapore,2024,VER,47,96.5
Singapore,2024,VER,48,96.628
Singapore,2024,VER,49,96.739
Singapore,2024,VER,50,96.602
Singapore,2024,VER,51,97.055
Singapore,2024,VER,52,97.132
Singapore,2024,VER,53,96.842
Singapore,2024,VER,54,96.843
Singapore,2024,VER,55,96.748
Singapore,2024,VER,56,96.427
Singapore,2024,VER,57,96.387
Singapore,2024,VER,58,96.402
Canada,2024,HUL,20,87.468
Canada,2024,HUL,21,87.628
Canada,2024,HUL,22,87.075
Canada,2024,HUL,23,86.395
Canada,2024,HUL,30,86.137
Canada,2024,HUL,31,88.818
Canada,2024,HUL,32,95.98
Canada,2024,HUL,33,91.076
Canada,2024,HUL,34,91.331
Canada,2024,HUL,35,89.317
Canada,2024,HUL,36,88.716
Canada,2024,HUL,37,87.583
Canada,2024,HUL,38,86.971
Canada,2024,HUL,39,86.001
Canada,2024,HUL,40,86.349
Canada,2024,HUL,42,87.576
Canada,2024,HUL,43,85.838
Canada,2024,HUL,46,86.465
Canada,2024,HUL,47,83.459
Canada,2024,HUL,48,81.928
Canada,2024,HUL,50,80.989
Canada,2024,HUL,51,79.892
Canada,2024,HUL,59,79.655
Canada,2024,HUL,60,81.788
Canada,2024,HUL,61,78.283
Canada,2024,HUL,62,78.547
Canada,2024,HUL,63,78.779
Canada,2024,HUL,64,78.039
Canada,2024,HUL,65,77.484
Abu Dhabi,2024,LEC,19,89.841
Abu Dhabi,2024,LEC,22,90.082
Abu Dhabi,2024,LEC,23,89.802
Abu Dhabi,2024,LEC,24,90.437
Abu Dhabi,2024,LEC,25,89.185
Abu Dhabi,2024,LEC,26,88.912
Abu Dhabi,2024,LEC,27,89.084
Abu Dhabi,2024,LEC,28,88.873
Abu Dhabi,2024,LEC,29,88.443
Abu Dhabi,2024,LEC,32,88.56
Abu Dhabi,2024,LEC,33,88.536
Abu Dhabi,2024,LEC,34,88.518
Abu Dhabi,2024,LEC,35,88.536
Abu Dhabi,2024,LEC,36,88.312
Abu Dhabi,2024,LEC,37,88.09
Abu Dhabi,2024,LEC,38,88.305
Abu Dhabi,2024,LEC,39,88.189
Abu Dhabi,2024,LEC,40,88.135
Abu Dhabi,2024,LEC,41,88.565
Abu Dhabi,2024,LEC,42,88.403
Abu Dhabi,2024,LEC,43,88.49
Abu Dhabi,2024,LEC,44,88.571
Abu Dhabi,2024,LEC,45,88.743
Abu Dhabi,2024,LEC,46,88.312
Abu Dhabi,2024,LEC,47,88.303
Abu Dhabi,2024,LEC,48,88.252
Abu Dhabi,2024,LEC,49,88.171
Abu Dhabi,2024,LEC,50,88.36
Abu Dhabi,2024,LEC,51,88.213
Abu Dhabi,2024,LEC,52,88.018
Emilia Romagna,2024,ALO,19,82.39
Emilia Romagna,2024,ALO,20,82.686
Emilia Romagna,2024,ALO,21,82.909
Emilia Romagna,2024,ALO,22,84.339
Emilia Romagna,2024,ALO,23,83.368
Emilia Romagna,2024,ALO,24,82.938
Emilia Romagna,2024,ALO,25,82.961
Emilia Romagna,2024,ALO,26,82.953
Emilia Romagna,2024,ALO,27,82.911
Emilia Romagna,2024,ALO,28,82.757
Emilia Romagna,2024,ALO,29,82.927
Emilia Romagna,2024,ALO,30,82.913
Emilia Romagna,2024,ALO,31,82.896
Emilia Romagna,2024,ALO,32,82.557
Emilia Romagna,2024,ALO,33,82.688
Emilia Romagna,2024,ALO,34,82.576
Emilia Romagna,2024,ALO,35,83.13
Emilia Romagna,2024,ALO,36,82.783
Emilia Romagna,2024,ALO,37,82.708
Emilia Romagna,2024,ALO,38,83.838
Emilia Romagna,2024,ALO,39,82.905
Emilia Romagna,2024,ALO,42,82.903
Emilia Romagna,2024,ALO,43,79.851
Emilia Romagna,2024,ALO,44,81.029
Emilia Romagna,2024,ALO,45,80.979
Emilia Romagna,2024,ALO,46,81.053
Emilia Romagna,2024,ALO,47,81.032
Emilia Romagna,2024,ALO,48,81.045
Emilia Romagna,2024,ALO,49,80.925
Emilia Romagna,2024,ALO,50,81.045
Emilia Romagna,2024,ALO,51,81.536
Emilia Romagna,2024,ALO,52,82.027
Emilia Romagna,2024,ALO,53,81.176
Emilia Romagna,2024,ALO,54,80.474
Emilia Romagna,2024,ALO,55,80.988
Emilia Romagna,2024,ALO,56,82.508
Austria,2024,VER,17,70.957
Austria,2024,VER,18,70.981
Austria,2024,VER,19,71.364
Austria,2024,VER,20,71.515
Austria,2024,VER,21,71.548
Austria,2024,VER,22,71.3
Austria,2024,VER,25,71.549
Austria,2024,VER,26,69.766
Austria,2024,VER,27,69.506
Austria,2024,VER,28,69.451
Austria,2024,VER,29,69.581
Austria,2024,VER,30,69.696
Austria,2024,VER,31,69.661
Austria,2024,VER,32,69.696
Austria,2024,VER,33,69.576
Austria,2024,VER,34,69.455
Austria,2024,VER,35,69.482
Austria,2024,VER,36,69.958
Austria,2024,VER,37,69.907
Austria,2024,VER,38,70.12
Austria,2024,VER,39,70.143
Austria,2024,VER,40,70.258
Austria,2024,VER,41,70.217
Austria,2024,VER,42,71.114
Austria,2024,VER,43,70.628
Austria,2024,VER,44,70.904
Austria,2024,VER,45,70.479
Austria,2024,VER,46,70.349
Austria,2024,VER,47,70.288
Austria,2024,VER,48,70.658
Austria,2024,VER,49,70.36
Austria,2024,VER,50,70.543
Austria,2024,VER,53,70.738
Austria,2024,VER,54,68.772
Austria,2024,VER,55,68.789
Austria,2024,VER,56,69.213
Austria,2024,VER,57,68.623
Austria,2024,VER,58,68.975
Austria,2024,VER,59,69.183
Austria,2024,VER,60,70.646
Austria,2024,VER,61,69.399
Austria,2024,VER,62,70.003
Austria,2024,VER,63,69.528
Austria,2024,VER,67,70.412
Japan,2024,ALO,21,97.615
Japan,2024,ALO,22,97.565
Japan,2024,ALO,23,97.721
Japan,2024,ALO,24,97.64
Japan,2024,ALO,25,97.435
Japan,2024,ALO,26,97.423
Japan,2024,ALO,27,97.289
Japan,2024,ALO,28,97.359
Japan,2024,ALO,29,97.341
Japan,2024,ALO,30,97.782
Japan,2024,ALO,31,97.643
Japan,2024,ALO,32,97.451
Japan,2024,ALO,35,97.635
Japan,2024,ALO,36,95.771
Japan,2024,ALO,37,95.353
Japan,2024,ALO,38,95.381
Japan,2024,ALO,39,95.487
Japan,2024,ALO,40,95.97
Japan,2024,ALO,41,95.808
Japan,2024,ALO,43,95.574
Japan,2024,ALO,44,96.092
Japan,2024,ALO,45,95.615
Japan,2024,ALO,46,95.636
Japan,2024,ALO,47,95.827
Japan,2024,ALO,48,95.862
Japan,2024,ALO,49,95.861
Italy,2025,OCO,17,84.481
Italy,2025,OCO,18,84.394
Italy,2025,OCO,19,84.639
Italy,2025,OCO,20,84.425
Italy,2025,OCO,21,84.21
Italy,2025,OCO,22,84.006
Italy,2025,OCO,23,83.713
Italy,2025,OCO,24,83.79
Italy,2025,OCO,25,83.998
Italy,2025,OCO,26,84.249
Italy,2025,OCO,27,83.974
Italy,2025,OCO,28,83.945
Italy,2025,OCO,29,83.74
Italy,2025,OCO,30,83.649
Italy,2025,OCO,31,83.632
Italy,2025,OCO,32,83.849
Italy,2025,OCO,33,83.916
Italy,2025,OCO,34,83.711
Italy,2025,OCO,35,83.592
Italy,2025,OCO,36,83.408
Italy,2025,OCO,37,83.703
Italy,2025,OCO,38,83.457
Italy,2025,OCO,39,83.384
Italy,2025,OCO,41,83.377
Italy,2025,OCO,42,83.491
Italy,2025,OCO,43,83.541
Italy,2025,OCO,44,83.187
Italy,2025,OCO,45,83.124
Italy,2025,OCO,46,83.136
Spain,2025,ANT,17,81.899
Spain,2025,ANT,18,82.217
Spain,2025,ANT,19,82.441
Spain,2025,ANT,20,82.26
Spain,2025,ANT,23,82.54
Spain,2025,ANT,24,81.65
Spain,2025,ANT,25,80.507
Spain,2025,ANT,26,80.894
Spain,2025,ANT,27,80.774
Spain,2025,ANT,28,80.696
Spain,2025,ANT,29,80.485
Spain,2025,ANT,30,80.518
Spain,2025,ANT,31,80.395
Spain,2025,ANT,32,80.529
Spain,2025,ANT,33,80.475
Spain,2025,ANT,34,80.549
Spain,2025,ANT,35,80.924
Spain,2025,ANT,36,80.728
Spain,2025,ANT,37,80.73
Spain,2025,ANT,38,80.752
Spain,2025,ANT,39,80.581
Spain,2025,ANT,40,80.371
Spain,2025,ANT,41,80.456
Spain,2025,ANT,42,80.705
Spain,2025,ANT,43,80.713
Spain,2025,ANT,44,80.711
Spain,2025,ANT,45,81.604
Spain,2025,ANT,46,81.289
Spain,2025,ANT,47,80.941
Belgium,2025,VER,22,107.072
Belgium,2025,VER,23,107.124
Belgium,2025,VER,24,106.867
Belgium,2025,VER,25,106.823
Belgium,2025,VER,26,106.648
Belgium,2025,VER,27,106.713
Belgium,2025,VER,28,106.523
Belgium,2025,VER,29,106.644
Belgium,2025,VER,30,106.55
Belgium,2025,VER,31,106.328
Belgium,2025,VER,32,106.484
Belgium,2025,VER,33,106.631
Belgium,2025,VER,34,106.648
Belgium,2025,VER,35,106.346
Belgium,2025,VER,36,106.617
Belgium,2025,VER,37,106.582
Belgium,2025,VER,38,106.342
Belgium,2025,VER,39,106.388
Belgium,2025,VER,40,106.163
United States,2024,COL,22,101.087
United States,2024,COL,23,101.25
United States,2024,COL,24,101.312
United States,2024,COL,25,101.227
United States,2024,COL,26,100.756
United States,2024,COL,27,100.9
United States,2024,COL,28,100.451
United States,2024,COL,29,100.205
United States,2024,COL,30,100.542
United States,2024,COL,31,100.366
United States,2024,COL,32,100.535
United States,2024,COL,33,100.27
United States,2024,COL,34,100.238
United States,2024,COL,35,100.306
United States,2024,COL,36,100.195
United States,2024,COL,37,100.026
United States,2024,COL,38,101.395
United States,2024,COL,42,100.11
United States,2024,COL,43,98.533
United States,2024,COL,44,98.528
United States,2024,COL,45,98.876
United States,2024,COL,46,98.532
United States,2024,COL,47,97.611
United States,2024,COL,48,97.991
United States,2024,COL,49,98.326
United States,2024,COL,50,98.412
United States,2024,COL,51,98.026
United States,2024,COL,52,98.665
United States,2024,RUS,22,99.965
United States,2024,RUS,23,100.019
United States,2024,RUS,24,100.174
United States,2024,RUS,25,100.06
United States,2024,RUS,26,99.692
United States,2024,RUS,27,100.158
United States,2024,RUS,28,99.889
United States,2024,RUS,29,99.235
United States,2024,RUS,30,99.624
United States,2024,RUS,31,99.577
United States,2024,RUS,32,99.634
United States,2024,RUS,33,99.553
United States,2024,RUS,34,100.373
United States,2024,RUS,35,100.071
United States,2024,RUS,36,99.925
United States,2024,RUS,37,99.152
United States,2024,RUS,38,99.451
United States,2024,RUS,39,99.331
United States,2024,RUS,42,98.997
United States,2024,RUS,43,97.656
United States,2024,RUS,44,98.118
United States,2024,RUS,45,97.826
United States,2024,RUS,46,97.963
United States,2024,RUS,47,97.782
United States,2024,RUS,48,97.79
United States,2024,RUS,49,98.041
United States,2024,RUS,50,98.001
United States,2024,RUS,51,97.943
United States,2024,RUS,52,98.059
Hungary,2024,STR,19,85.007
Hungary,2024,STR,20,85.119
Hungary,2024,STR,21,84.747
Hungary,2024,STR,22,85.063
Hungary,2024,STR,23,84.807
Hungary,2024,STR,24,85.801
Hungary,2024,STR,25,85.558
Hungary,2024,STR,26,85.743
Hungary,2024,STR,27,85.992
Hungary,2024,STR,28,86.225
Hungary,2024,STR,29,84.903
Hungary,2024,STR,30,84.409
Hungary,2024,STR,31,84.176
Hungary,2024,STR,32,84.439
Hungary,2024,STR,33,84.233
Hungary,2024,STR,34,84.743
Hungary,2024,STR,35,84.849
Hungary,2024,STR,36,84.497
Hungary,2024,STR,37,85.8
Hungary,2024,STR,38,84.94
Hungary,2024,STR,39,85.623
Hungary,2024,STR,40,84.328
Hungary,2024,STR,41,84.379
Hungary,2024,STR,42,84.445
Hungary,2024,STR,43,84.463
Hungary,2024,STR,44,84.594
Hungary,2024,STR,47,84.749
Hungary,2024,STR,48,82.836
Hungary,2024,STR,49,82.338
Hungary,2024,STR,50,82.778
Hungary,2024,STR,51,82.628
Hungary,2024,STR,52,83.071
Hungary,2024,STR,53,82.675
Hungary,2024,STR,54,82.826
Hungary,2024,STR,55,82.938
Hungary,2024,STR,56,82.648
Hungary,2024,STR,57,82.791
Hungary,2024,STR,58,82.929
Hungary,2024,STR,59,83.052
Hungary,2024,STR,60,83.017
Hungary,2024,STR,61,83.361
Hungary,2024,STR,63,83.024
Hungary,2024,STR,64,83.829
Hungary,2024,STR,65,83.773
Hungary,2024,STR,66,83.183
Emilia Romagna,2024,SAI,17,81.671
Emilia Romagna,2024,SAI,18,82.173
Emilia Romagna,2024,SAI,19,81.738
Emilia Romagna,2024,SAI,20,82.113
Emilia Romagna,2024,SAI,21,82.025
Emilia Romagna,2024,SAI,22,82.006
Emilia Romagna,2024,SAI,23,81.926
Emilia Romagna,2024,SAI,24,81.812
Emilia Romagna,2024,SAI,25,81.773
Emilia Romagna,2024,SAI,26,81.468
Emilia Romagna,2024,SAI,29,81.588
Emilia Romagna,2024,SAI,30,81.597
Emilia Romagna,2024,SAI,31,80.648
Emilia Romagna,2024,SAI,32,80.652
Emilia Romagna,2024,SAI,33,80.636
Emilia Romagna,2024,SAI,34,80.724
Emilia Romagna,2024,SAI,35,80.848
Emilia Romagna,2024,SAI,36,80.705
Emilia Romagna,2024,SAI,37,80.849
Emilia Romagna,2024,SAI,38,80.466
Emilia Romagna,2024,SAI,39,80.496
Emilia Romagna,2024,SAI,40,80.531
Emilia Romagna,2024,SAI,41,80.519
Emilia Romagna,2024,SAI,42,80.615
Emilia Romagna,2024,SAI,43,80.667
Emilia Romagna,2024,SAI,44,80.701
Emilia Romagna,2024,SAI,45,81.066
Emilia Romagna,2024,SAI,46,81.256
Emilia Romagna,2024,SAI,47,81.064
Emilia Romagna,2024,SAI,48,82.064
Emilia Romagna,2024,SAI,49,80.999
Emilia Romagna,2024,SAI,50,80.737
Emilia Romagna,2024,SAI,51,80.988
Emilia Romagna,2024,SAI,52,81.748
Emilia Romagna,2024,SAI,53,81.601
Emilia Romagna,2024,SAI,54,81.238
Emilia Romagna,2024,SAI,55,80.827
Emilia Romagna,2024,SAI,56,80.803
Emilia Romagna,2024,SAI,57,80.959
Emilia Romagna,2024,SAI,58,80.759
Emilia Romagna,2024,SAI,59,80.792
Spain,2024,ALB,17,83.579
Spain,2024,ALB,20,83.526
Spain,2024,ALB,21,80.005
Spain,2024,ALB,22,80.288
Spain,2024,ALB,23,80.494
Spain,2024,ALB,24,81.052
Spain,2024,ALB,25,81.181
Spain,2024,ALB,26,80.945
Spain,2024,ALB,27,81.477
Spain,2024,ALB,28,81.645
Spain,2024,ALB,29,81.416
Spain,2024,ALB,30,81.102
Spain,2024,ALB,31,81.419
Spain,2024,ALB,32,81.252
Spain,2024,ALB,33,81.17
Spain,2024,ALB,34,80.993
Spain,2024,ALB,35,81.283
Spain,2024,ALB,36,81.636
Spain,2024,ALB,37,81.479
Spain,2024,ALB,38,81.577
Spain,2024,ALB,39,81.737
Spain,2024,ALB,40,82.269
Spain,2024,ALB,41,81.587
Spain,2024,ALB,42,82.155
Spain,2024,ALB,45,84.25
Spain,2024,ALB,46,79.132
Spain,2024,ALB,47,83.125
Spain,2024,ALB,48,79.852
Spain,2024,ALB,49,82.037
Spain,2024,ALB,50,79.881
Spain,2024,ALB,51,80.077
Spain,2024,ALB,52,81.43
Spain,2024,ALB,53,80.131
Spain,2024,ALB,54,80.22
Spain,2024,ALB,55,80.3
Spain,2024,ALB,56,80.197
Spain,2024,ALB,57,81.742
Spain,2024,ALB,58,80.119
Spain,2024,ALB,59,89.605
Spain,2024,ALB,60,80.097
Spain,2024,ALB,61,79.876
Singapore,2024,PIA,17,98.088
Singapore,2024,PIA,18,98.532
Singapore,2024,PIA,19,98.188
Singapore,2024,PIA,20,98.749
Singapore,2024,PIA,21,98.317
Singapore,2024,PIA,22,98.275
Singapore,2024,PIA,23,98.415
Singapore,2024,PIA,24,98.262
Singapore,2024,PIA,25,98.403
Singapore,2024,PIA,26,98.516
Singapore,2024,PIA,27,98.839
Singapore,2024,PIA,28,98.644
Singapore,2024,PIA,29,97.7
Singapore,2024,PIA,30,97.944
Singapore,2024,PIA,31,98.29
Singapore,2024,PIA,32,98.149
Singapore,2024,PIA,33,98.194
Singapore,2024,PIA,34,98.288
Singapore,2024,PIA,35,98.038
Singapore,2024,PIA,36,98.322
Singapore,2024,PIA,37,98.147
Singapore,2024,PIA,40,98.437
Singapore,2024,PIA,41,96.61
Singapore,2024,PIA,42,96.265
Singapore,2024,PIA,43,95.888
Singapore,2024,PIA,44,96.167
Singapore,2024,PIA,45,97.363
Singapore,2024,PIA,46,97.258
Singapore,2024,PIA,47,96.324
Singapore,2024,PIA,48,96.33
Singapore,2024,PIA,49,95.745
Singapore,2024,PIA,50,95.881
Singapore,2024,PIA,51,98.31
Singapore,2024,PIA,52,97.269
Singapore,2024,PIA,53,96.856
Singapore,2024,PIA,54,97.406
Singapore,2024,PIA,55,96.841
Singapore,2024,PIA,56,95.995
Singapore,2024,PIA,57,96.355
Singapore,2024,PIA,58,96.07
Netherlands,2024,MAG,17,77.588
Netherlands,2024,MAG,18,77.967
Netherlands,2024,MAG,19,77.549
Netherlands,2024,MAG,20,77.358
Netherlands,2024,MAG,21,77.272
Netherlands,2024,MAG,22,76.648
Netherlands,2024,MAG,23,77.458
Netherlands,2024,MAG,24,76.944
Netherlands,2024,MAG,25,76.991
Netherlands,2024,MAG,26,76.749
Netherlands,2024,MAG,27,76.882
Netherlands,2024,MAG,28,76.738
Netherlands,2024,MAG,29,77.082
Netherlands,2024,MAG,30,77.536
Netherlands,2024,MAG,31,77.662
Netherlands,2024,MAG,32,77.191
Netherlands,2024,MAG,33,77.873
Netherlands,2024,MAG,34,77.676
Netherlands,2024,MAG,35,77.281
Netherlands,2024,MAG,36,76.949
Netherlands,2024,MAG,37,77.085
Netherlands,2024,MAG,38,77.16
Netherlands,2024,MAG,39,77.434
Netherlands,2024,MAG,42,80.604
Netherlands,2024,MAG,43,74.954
Netherlands,2024,MAG,44,75.403
Netherlands,2024,MAG,45,75.504
Netherlands,2024,MAG,46,75.231
Netherlands,2024,MAG,47,75.452
Netherlands,2024,MAG,48,76.422
Netherlands,2024,MAG,49,76.252
Netherlands,2024,MAG,50,78.402
Netherlands,2024,MAG,51,75.944
Netherlands,2024,MAG,52,76.33
Netherlands,2024,MAG,53,76.419
Netherlands,2024,MAG,54,76.3
Netherlands,2024,MAG,55,77.928
Netherlands,2024,MAG,56,76.386
Netherlands,2024,MAG,57,77.754
Netherlands,2024,MAG,58,76.902
Netherlands,2024,MAG,59,76.562
Netherlands,2024,MAG,60,76.88
Netherlands,2024,MAG,61,76.605
Netherlands,2024,MAG,62,77.0
Netherlands,2024,MAG,63,78.763
Netherlands,2024,MAG,64,76.399
Netherlands,2024,MAG,65,76.365
Netherlands,2024,MAG,66,76.667
Netherlands,2024,MAG,67,76.261
Great Britain,2025,ALO,19,71.589
Great Britain,2025,ALO,20,71.609
Great Britain,2025,ALO,21,71.629
Great Britain,2025,ALO,22,71.951
Great Britain,2025,ALO,23,71.446
Great Britain,2025,ALO,24,71.422
Great Britain,2025,ALO,25,71.566
Great Britain,2025,ALO,26,71.676
Great Britain,2025,ALO,27,71.649
Great Britain,2025,ALO,28,72.243
Great Britain,2025,ALO,29,72.033
Great Britain,2025,ALO,31,73.447
Great Britain,2025,ALO,32,71.899
Great Britain,2025,ALO,35,72.085
Great Britain,2025,ALO,36,70.934
Great Britain,2025,ALO,37,70.727
Great Britain,2025,ALO,38,70.697
Great Britain,2025,ALO,39,70.58
Great Britain,2025,ALO,40,69.935
Great Britain,2025,ALO,41,70.175
Great Britain,2025,ALO,42,70.057
Great Britain,2025,ALO,43,69.964
Great Britain,2025,ALO,44,70.068
Great Britain,2025,ALO,45,70.338
Great Britain,2025,ALO,46,70.255
Great Britain,2025,ALO,47,69.971
Great Britain,2025,ALO,48,70.129
Great Britain,2025,ALO,49,70.302
Great Britain,2025,ALO,50,70.203
Great Britain,2025,ALO,51,70.313
Great Britain,2025,ALO,52,70.329
Great Britain,2025,ALO,53,70.325
Great Britain,2025,ALO,54,70.207
Great Britain,2025,ALO,55,71.177
Great Britain,2025,ALO,56,70.859
Great Britain,2025,ALO,57,70.609
Great Britain,2025,ALO,58,70.195
Great Britain,2025,ALO,59,70.254
Great Britain,2025,ALO,60,70.252
Great Britain,2025,ALO,61,70.149
Great Britain,2025,ALO,62,70.198
Great Britain,2025,ALO,63,70.172
Great Britain,2025,ALO,64,70.462
Great Britain,2025,ALO,65,70.255
Spain,2025,HAD,17,82.316
Spain,2025,HAD,18,82.553
Spain,2025,HAD,21,82.581
Spain,2025,HAD,22,80.72
Spain,2025,HAD,23,81.418
Spain,2025,HAD,24,81.467
Spain,2025,HAD,25,81.367
Spain,2025,HAD,26,81.183
Spain,2025,HAD,27,81.315
Spain,2025,HAD,28,80.979
Spain,2025,HAD,29,81.005
Spain,2025,HAD,30,80.651
Spain,2025,HAD,31,80.858
Spain,2025,HAD,32,80.909
Spain,2025,HAD,33,80.781
Spain,2025,HAD,34,80.907
Spain,2025,HAD,35,80.954
Spain,2025,HAD,36,81.023
Spain,2025,HAD,37,81.135
Spain,2025,HAD,38,81.07
Spain,2025,HAD,39,80.912
Spain,2025,HAD,40,80.738
Spain,2025,HAD,41,80.977
Spain,2025,HAD,42,80.989
Spain,2025,HAD,43,81.11
Spain,2025,HAD,44,81.033
Spain,2025,HAD,45,80.842
Spain,2025,HAD,46,80.882
Spain,2025,HAD,47,80.875
Spain,2025,HAD,50,81.963
Spain,2025,HAD,51,80.047
Spain,2025,HAD,52,79.611
Spain,2025,HAD,53,79.702
Spain,2025,HAD,61,79.595
Spain,2025,HAD,62,80.227
United States,2025,LEC,21,100.055
United States,2025,LEC,24,101.601
United States,2025,LEC,25,99.416
United States,2025,LEC,26,99.125
United States,2025,LEC,27,99.245
United States,2025,LEC,28,99.427
United States,2025,LEC,29,99.024
United States,2025,LEC,30,99.823
United States,2025,LEC,31,98.643
United States,2025,LEC,32,99.144
United States,2025,LEC,33,99.016
United States,2025,LEC,34,99.285
United States,2025,LEC,36,99.011
United States,2025,LEC,37,98.683
United States,2025,LEC,38,98.651
United States,2025,LEC,39,98.668
United States,2025,LEC,40,98.381
United States,2025,LEC,41,98.245
United States,2025,LEC,42,98.404
United States,2025,LEC,43,98.902
United States,2025,LEC,44,98.633
United States,2025,LEC,45,98.606
United States,2025,LEC,46,98.339
United States,2025,LEC,47,98.545
United States,2025,LEC,48,98.231
United States,2025,LEC,49,98.531
United States,2025,LEC,50,98.684
United States,2025,LEC,51,98.82
United States,2025,LEC,52,100.437
Mexico City,2025,SAI,21,82.58
Mexico City,2025,SAI,22,81.821
Mexico City,2025,SAI,23,82.713
Mexico City,2025,SAI,24,82.262
Mexico City,2025,SAI,25,82.603
Mexico City,2025,SAI,26,82.295
Mexico City,2025,SAI,27,82.913
Mexico City,2025,SAI,28,82.733
Mexico City,2025,SAI,29,83.053
Mexico City,2025,SAI,30,82.569
Mexico City,2025,SAI,31,82.893
Mexico City,2025,SAI,32,82.875
Mexico City,2025,SAI,33,82.622
Mexico City,2025,SAI,34,82.679
Mexico City,2025,SAI,35,83.752
Mexico City,2025,SAI,36,83.36
Mexico City,2025,SAI,37,82.873
Mexico City,2025,SAI,38,82.83
Mexico City,2025,SAI,39,83.162
Mexico City,2025,SAI,40,82.869
Mexico City,2025,SAI,41,82.796
Mexico City,2025,SAI,42,82.907
Mexico City,2025,SAI,43,82.412
Mexico City,2025,SAI,44,82.186
Mexico City,2025,SAI,45,81.96
Mexico City,2025,SAI,48,82.711
Mexico City,2025,SAI,49,80.098
Mexico City,2025,SAI,50,80.851
Mexico City,2025,SAI,51,81.63
Mexico City,2025,SAI,52,81.15
Mexico City,2025,SAI,53,80.911
Mexico City,2025,SAI,54,80.984
Mexico City,2025,SAI,55,80.95
Mexico City,2025,SAI,58,81.337
Mexico City,2025,SAI,59,81.243
Mexico City,2025,SAI,60,81.145
Mexico City,2025,SAI,61,81.576
Mexico City,2025,SAI,62,81.518
Mexico City,2025,SAI,63,81.633
Canada,2024,RUS,18,87.601
Canada,2024,RUS,19,87.357
Canada,2024,RUS,20,86.526
Canada,2024,RUS,21,86.014
Canada,2024,RUS,22,88.455
Canada,2024,RUS,23,87.579
Canada,2024,RUS,24,86.894
Canada,2024,RUS,30,86.76
Canada,2024,RUS,31,86.524
Canada,2024,RUS,32,89.841
Canada,2024,RUS,33,90.484
Canada,2024,RUS,34,89.317
Canada,2024,RUS,35,87.683
Canada,2024,RUS,36,87.325
Canada,2024,RUS,37,86.649
Canada,2024,RUS,38,86.242
Canada,2024,RUS,39,85.494
Canada,2024,RUS,40,85.417
Canada,2024,RUS,42,84.556
Canada,2024,RUS,43,85.692
Canada,2024,RUS,44,83.694
Canada,2024,RUS,47,84.325
Canada,2024,RUS,48,82.977
Canada,2024,RUS,50,81.029
Canada,2024,RUS,51,78.145
Canada,2024,RUS,59,80.258
Canada,2024,RUS,60,79.943
Canada,2024,RUS,61,77.103
Canada,2024,RUS,62,76.786
Canada,2024,RUS,63,76.782
Canada,2024,RUS,64,78.447
Mexico City,2025,NOR,19,82.644
Mexico City,2025,NOR,20,82.405
Mexico City,2025,NOR,21,82.306
Mexico City,2025,NOR,22,82.237
Mexico City,2025,NOR,23,82.372
Mexico City,2025,NOR,24,82.713
Mexico City,2025,NOR,25,82.599
Mexico City,2025,NOR,26,82.658
Mexico City,2025,NOR,27,82.813
Mexico City,2025,NOR,28,82.952
Mexico City,2025,NOR,29,82.762
Mexico City,2025,NOR,30,82.705
Mexico City,2025,NOR,31,82.793
Mexico City,2025,NOR,32,83.121
Mexico City,2025,NOR,33,83.228
Mexico City,2025,NOR,36,83.304
Mexico City,2025,NOR,37,82.205
Mexico City,2025,NOR,38,81.999
Mexico City,2025,NOR,39,80.864
Mexico City,2025,NOR,40,81.588
Mexico City,2025,NOR,41,81.523
Mexico City,2025,NOR,42,81.694
Mexico City,2025,NOR,43,81.487
Mexico City,2025,NOR,44,81.531
Mexico City,2025,NOR,45,81.553
Mexico City,2025,NOR,46,80.764
Mexico City,2025,NOR,47,81.26
Mexico City,2025,NOR,48,81.248
Mexico City,2025,NOR,49,81.568
Mexico City,2025,NOR,50,81.182
Mexico City,2025,NOR,51,81.448
Mexico City,2025,NOR,52,81.38
Mexico City,2025,NOR,53,81.096
Mexico City,2025,NOR,54,81.264
Mexico City,2025,NOR,55,81.294
Mexico City,2025,NOR,56,81.613
Mexico City,2025,NOR,57,81.69
Mexico City,2025,NOR,58,81.383
Mexico City,2025,NOR,59,81.781
Mexico City,2025,NOR,60,81.515
Mexico City,2025,NOR,61,81.588
Mexico City,2025,NOR,62,81.786
Mexico City,2025,NOR,63,81.714
Mexico City,2025,NOR,64,81.861
Mexico City,2025,NOR,65,82.062
São Paulo,2025,HUL,24,75.459
São Paulo,2025,HUL,25,75.153
São Paulo,2025,HUL,26,75.484
São Paulo,2025,HUL,27,75.886
São Paulo,2025,HUL,28,75.691
São Paulo,2025,HUL,29,75.552
São Paulo,2025,HUL,30,76.229
São Paulo,2025,HUL,31,75.705
São Paulo,2025,HUL,32,75.419
São Paulo,2025,HUL,33,76.344
São Paulo,2025,HUL,34,76.378
São Paulo,2025,HUL,35,75.474
São Paulo,2025,HUL,38,75.618
São Paulo,2025,HUL,39,73.773
São Paulo,2025,HUL,40,73.474
São Paulo,2025,HUL,41,74.766
São Paulo,2025,HUL,42,73.91
São Paulo,2025,HUL,43,74.337
São Paulo,2025,HUL,44,74.548
São Paulo,2025,HUL,45,74.683
São Paulo,2025,HUL,46,74.534
São Paulo,2025,HUL,47,74.5
São Paulo,2025,HUL,48,75.136
São Paulo,2025,HUL,49,74.684
São Paulo,2025,HUL,50,76.238
São Paulo,2025,HUL,51,74.791
São Paulo,2025,HUL,52,74.578
São Paulo,2025,HUL,53,74.848
São Paulo,2025,HUL,54,75.0
São Paulo,2025,HUL,55,74.604
São Paulo,2025,HUL,56,74.609
São Paulo,2025,HUL,57,74.851
São Paulo,2025,HUL,58,74.683
São Paulo,2025,HUL,59,74.526
São Paulo,2025,HUL,60,74.678
São Paulo,2025,HUL,61,74.923
São Paulo,2025,HUL,62,74.781
São Paulo,2025,HUL,63,74.945
São Paulo,2025,HUL,64,74.577
São Paulo,2025,HUL,65,74.884
São Paulo,2025,HUL,66,75.113
São Paulo,2025,HUL,67,76.553
Singapore,2024,RIC,19,98.261
Singapore,2024,RIC,20,98.639
Singapore,2024,RIC,21,98.892
Singapore,2024,RIC,22,98.801
Singapore,2024,RIC,23,98.625
Singapore,2024,RIC,24,98.992
Singapore,2024,RIC,25,99.074
Singapore,2024,RIC,26,99.495
Singapore,2024,RIC,27,100.181
Singapore,2024,RIC,28,100.285
Singapore,2024,RIC,29,100.194
Singapore,2024,RIC,30,99.251
Singapore,2024,RIC,31,99.563
Singapore,2024,RIC,32,101.16
Singapore,2024,RIC,33,99.528
Singapore,2024,RIC,34,99.378
Singapore,2024,RIC,35,100.561
Singapore,2024,RIC,36,100.666
Singapore,2024,RIC,37,100.011
Singapore,2024,RIC,38,98.639
Singapore,2024,RIC,39,98.286
Singapore,2024,RIC,40,98.564
Singapore,2024,RIC,41,98.602
Singapore,2024,RIC,42,101.769
Singapore,2024,RIC,43,101.223
Singapore,2024,RIC,44,99.045
Singapore,2024,RIC,45,98.963
Singapore,2024,RIC,48,103.383
Singapore,2024,RIC,49,97.01
Singapore,2024,RIC,50,97.411
Singapore,2024,RIC,51,97.247
Singapore,2024,RIC,52,96.765
Singapore,2024,RIC,53,97.348
Singapore,2024,RIC,54,97.382
Singapore,2024,RIC,55,100.45
São Paulo,2025,ALB,24,75.732
São Paulo,2025,ALB,25,75.803
São Paulo,2025,ALB,26,75.652
São Paulo,2025,ALB,27,75.956
São Paulo,2025,ALB,28,75.687
São Paulo,2025,ALB,29,75.751
São Paulo,2025,ALB,30,75.63
São Paulo,2025,ALB,31,76.068
São Paulo,2025,ALB,32,75.673
São Paulo,2025,ALB,33,76.378
São Paulo,2025,ALB,34,76.412
São Paulo,2025,ALB,37,77.045
São Paulo,2025,ALB,38,73.495
São Paulo,2025,ALB,39,73.875
São Paulo,2025,ALB,40,73.683
São Paulo,2025,ALB,41,74.502
São Paulo,2025,ALB,42,74.924
São Paulo,2025,ALB,43,74.517
São Paulo,2025,ALB,44,74.872
São Paulo,2025,ALB,45,74.768
São Paulo,2025,ALB,46,74.683
São Paulo,2025,ALB,47,74.603
São Paulo,2025,ALB,48,75.614
São Paulo,2025,ALB,49,74.876
São Paulo,2025,ALB,50,74.896
São Paulo,2025,ALB,51,74.961
São Paulo,2025,ALB,52,74.977
São Paulo,2025,ALB,53,74.96
São Paulo,2025,ALB,54,75.021
São Paulo,2025,ALB,57,75.285
São Paulo,2025,ALB,58,72.509
São Paulo,2025,ALB,59,72.655
São Paulo,2025,ALB,60,72.4
São Paulo,2025,ALB,61,73.249
São Paulo,2025,ALB,62,73.329
São Paulo,2025,ALB,63,73.011
São Paulo,2025,ALB,64,73.345
São Paulo,2025,ALB,65,73.314
São Paulo,2025,ALB,66,73.849
São Paulo,2025,ALB,67,73.895
Austria,2025,STR,19,71.888
Austria,2025,STR,20,72.378
Austria,2025,STR,21,72.658
Austria,2025,STR,22,72.212
Austria,2025,STR,23,72.175
Austria,2025,STR,24,72.043
Austria,2025,STR,25,72.036
Austria,2025,STR,28,74.015
Austria,2025,STR,29,70.566
Austria,2025,STR,31,70.51
Austria,2025,STR,32,70.779
Austria,2025,STR,33,71.083
Austria,2025,STR,34,70.665
Austria,2025,STR,35,70.641
Austria,2025,STR,36,70.94
Austria,2025,STR,37,70.873
Austria,2025,STR,38,70.773
Austria,2025,STR,39,70.916
Austria,2025,STR,40,70.713
Austria,2025,STR,41,71.073
Austria,2025,STR,42,72.291
Austria,2025,STR,43,70.744
Austria,2025,STR,44,72.04
Austria,2025,STR,45,71.08
Austria,2025,STR,46,71.177
Austria,2025,STR,47,70.812
Austria,2025,STR,48,71.063
Austria,2025,STR,49,72.237
Austria,2025,STR,50,71.192
Austria,2025,STR,51,71.003
Austria,2025,STR,52,71.336
Austria,2025,STR,55,71.151
Austria,2025,STR,56,69.214
Austria,2025,STR,57,69.463
Austria,2025,STR,58,69.452
Austria,2025,STR,59,71.393
Austria,2025,STR,60,69.582
Austria,2025,STR,61,69.624
Austria,2025,STR,62,69.808
Austria,2025,STR,63,69.664
Austria,2025,STR,64,69.276
Austria,2025,STR,65,69.554
Netherlands,2025,HUL,17,77.644
Netherlands,2025,HUL,18,76.945
Netherlands,2025,HUL,21,77.162
Netherlands,2025,HUL,27,76.864
Netherlands,2025,HUL,28,78.54
Netherlands,2025,HUL,29,78.01
Netherlands,2025,HUL,30,76.935
Netherlands,2025,HUL,33,76.741
Netherlands,2025,HUL,36,75.6
Netherlands,2025,HUL,37,76.241
Netherlands,2025,HUL,38,75.624
Netherlands,2025,HUL,39,75.622
Netherlands,2025,HUL,40,75.58
Netherlands,2025,HUL,41,75.592
Netherlands,2025,HUL,42,75.603
Netherlands,2025,HUL,43,75.335
Netherlands,2025,HUL,44,78.554
Netherlands,2025,HUL,45,76.753
Netherlands,2025,HUL,46,76.38
Netherlands,2025,HUL,47,75.584
Netherlands,2025,HUL,48,75.462
Netherlands,2025,HUL,49,76.547
Netherlands,2025,HUL,50,76.22
Netherlands,2025,HUL,51,77.317
Netherlands,2025,HUL,58,76.46
Netherlands,2025,HUL,59,76.95
Netherlands,2025,HUL,60,76.416
Netherlands,2025,HUL,61,75.161
Netherlands,2025,HUL,62,74.912
Netherlands,2025,HUL,63,75.87
Netherlands,2025,HUL,64,75.589
Canada,2025,PIA,19,75.57
Canada,2025,PIA,20,76.705
Canada,2025,PIA,21,75.886
Canada,2025,PIA,22,75.826
Canada,2025,PIA,23,76.049
Canada,2025,PIA,24,75.95
Canada,2025,PIA,25,75.775
Canada,2025,PIA,26,75.903
Canada,2025,PIA,27,75.764
Canada,2025,PIA,28,75.694
Canada,2025,PIA,29,75.582
Canada,2025,PIA,30,75.739
Canada,2025,PIA,31,75.272
Canada,2025,PIA,32,75.373
Canada,2025,PIA,33,75.415
Canada,2025,PIA,34,75.438
Canada,2025,PIA,35,75.323
Canada,2025,PIA,36,75.444
Canada,2025,PIA,37,75.717
Canada,2025,PIA,38,75.255
Canada,2025,PIA,39,75.203
Canada,2025,PIA,40,75.662
Canada,2025,PIA,41,75.761
Canada,2025,PIA,42,75.417
Canada,2025,PIA,43,75.441
Canada,2025,PIA,44,75.653
Canada,2025,PIA,47,75.723
Canada,2025,PIA,50,74.896
Canada,2025,PIA,51,74.531
Canada,2025,PIA,52,74.719
Canada,2025,PIA,53,74.584
Canada,2025,PIA,54,74.643
Canada,2025,PIA,55,74.989
Canada,2025,PIA,56,74.497
Canada,2025,PIA,57,75.526
Canada,2025,PIA,58,74.366
Canada,2025,PIA,59,75.324
Canada,2025,PIA,60,75.104
Canada,2025,PIA,61,74.498
Canada,2025,PIA,62,74.368
Emilia Romagna,2024,VER,17,81.362
Emilia Romagna,2024,VER,18,81.328
Emilia Romagna,2024,VER,19,81.411
Emilia Romagna,2024,VER,20,81.517
Emilia Romagna,2024,VER,21,81.55
Emilia Romagna,2024,VER,22,81.608
Emilia Romagna,2024,VER,23,81.763
Emilia Romagna,2024,VER,26,81.988
Emilia Romagna,2024,VER,27,80.482
Emilia Romagna,2024,VER,28,80.943
Emilia Romagna,2024,VER,29,80.709
Emilia Romagna,2024,VER,30,80.615
Emilia Romagna,2024,VER,31,80.571
Emilia Romagna,2024,VER,32,80.545
Emilia Romagna,2024,VER,33,80.713
Emilia Romagna,2024,VER,34,81.141
Emilia Romagna,2024,VER,35,80.76
Emilia Romagna,2024,VER,36,80.8
Emilia Romagna,2024,VER,37,80.704
Emilia Romagna,2024,VER,38,80.484
Emilia Romagna,2024,VER,39,80.366
Emilia Romagna,2024,VER,40,80.547
Emilia Romagna,2024,VER,41,80.645
Emilia Romagna,2024,VER,42,80.675
Emilia Romagna,2024,VER,43,80.832
Emilia Romagna,2024,VER,44,80.757
Emilia Romagna,2024,VER,45,80.834
Emilia Romagna,2024,VER,46,81.364
Emilia Romagna,2024,VER,47,80.7
Emilia Romagna,2024,VER,48,80.909
Emilia Romagna,2024,VER,49,80.923
Emilia Romagna,2024,VER,50,80.823
Emilia Romagna,2024,VER,51,80.817
Emilia Romagna,2024,VER,52,80.736
Emilia Romagna,2024,VER,53,80.556
Emilia Romagna,2024,VER,54,80.638
Emilia Romagna,2024,VER,55,80.918
Emilia Romagna,2024,VER,56,80.962
Emilia Romagna,2024,VER,57,80.49
Emilia Romagna,2024,VER,58,80.511
Emilia Romagna,2024,VER,59,80.513
United States,2025,RUS,20,100.138
United States,2025,RUS,21,100.159
United States,2025,RUS,22,100.59
United States,2025,RUS,23,100.02
United States,2025,RUS,24,100.201
United States,2025,RUS,25,100.152
United States,2025,RUS,26,100.488
United States,2025,RUS,27,100.546
United States,2025,RUS,28,100.459
United States,2025,RUS,29,100.499
United States,2025,RUS,30,100.631
United States,2025,RUS,31,100.988
United States,2025,RUS,32,100.683
United States,2025,RUS,35,100.54
United States,2025,RUS,36,98.224
United States,2025,RUS,37,98.437
United States,2025,RUS,38,98.53
United States,2025,RUS,39,98.927
United States,2025,RUS,40,98.695
United States,2025,RUS,41,99.092
United States,2025,RUS,42,99.26
United States,2025,RUS,43,99.439
United States,2025,RUS,44,99.225
United States,2025,RUS,45,98.9
United States,2025,RUS,46,98.879
United States,2025,RUS,47,98.735
United States,2025,RUS,48,98.71
United States,2025,RUS,49,98.507
United States,2025,RUS,50,98.879
United States,2025,RUS,51,98.782
United States,2025,RUS,52,98.852
Qatar,2025,BOR,21,87.704
Qatar,2025,BOR,22,87.562
Qatar,2025,BOR,23,87.864
Qatar,2025,BOR,24,87.577
Qatar,2025,BOR,25,88.015
Qatar,2025,BOR,26,87.582
Qatar,2025,BOR,27,87.896
Qatar,2025,BOR,28,87.398
Qatar,2025,BOR,29,87.622
Qatar,2025,BOR,30,87.794
Qatar,2025,BOR,31,87.682
Qatar,2025,BOR,34,87.179
Qatar,2025,BOR,35,85.591
Qatar,2025,BOR,36,85.731
Qatar,2025,BOR,37,85.722
Qatar,2025,BOR,38,86.228
Qatar,2025,BOR,39,86.246
Qatar,2025,BOR,40,86.126
Qatar,2025,BOR,41,86.028
Qatar,2025,BOR,42,86.139
Qatar,2025,BOR,43,85.853
Qatar,2025,BOR,44,85.946
Qatar,2025,BOR,45,85.911
Qatar,2025,BOR,46,85.736
Qatar,2025,BOR,47,85.676
Qatar,2025,BOR,48,85.94
Qatar,2025,BOR,49,85.765
Qatar,2025,BOR,50,85.815
Qatar,2025,BOR,51,86.061
Qatar,2025,BOR,52,86.028
Qatar,2025,BOR,53,85.98
Canada,2024,ZHO,18,88.591
Canada,2024,ZHO,19,87.715
Canada,2024,ZHO,20,88.23
Canada,2024,ZHO,21,89.249
Canada,2024,ZHO,22,88.014
Canada,2024,ZHO,23,88.028
Canada,2024,ZHO,30,89.086
Canada,2024,ZHO,31,89.176
Canada,2024,ZHO,32,93.635
Canada,2024,ZHO,33,91.705
Canada,2024,ZHO,34,91.437
Canada,2024,ZHO,35,89.049
Canada,2024,ZHO,36,89.16
Canada,2024,ZHO,37,87.649
Canada,2024,ZHO,38,88.11
Canada,2024,ZHO,39,87.928
Canada,2024,ZHO,40,87.877
Canada,2024,ZHO,42,87.729
Canada,2024,ZHO,43,87.01
Canada,2024,ZHO,46,87.246
Canada,2024,ZHO,48,96.767
Canada,2024,ZHO,49,86.473
Canada,2024,ZHO,50,84.909
Canada,2024,ZHO,58,82.924
Canada,2024,ZHO,59,80.998
Canada,2024,ZHO,60,80.26
Canada,2024,ZHO,61,79.699
Canada,2024,ZHO,62,79.574
Canada,2024,ZHO,63,79.003
Canada,2024,ZHO,64,78.754
Abu Dhabi,2025,LEC,19,89.872
Abu Dhabi,2025,LEC,20,89.529
Abu Dhabi,2025,LEC,21,89.256
Abu Dhabi,2025,LEC,22,89.055
Abu Dhabi,2025,LEC,23,88.891
Abu Dhabi,2025,LEC,24,89.595
Abu Dhabi,2025,LEC,25,89.019
Abu Dhabi,2025,LEC,26,88.171
Abu Dhabi,2025,LEC,27,88.044
Abu Dhabi,2025,LEC,28,88.098
Abu Dhabi,2025,LEC,29,88.149
Abu Dhabi,2025,LEC,30,88.391
Abu Dhabi,2025,LEC,31,88.471
Abu Dhabi,2025,LEC,32,88.548
Abu Dhabi,2025,LEC,33,88.854
Abu Dhabi,2025,LEC,34,88.664
Abu Dhabi,2025,LEC,35,88.58
Abu Dhabi,2025,LEC,36,88.453
Abu Dhabi,2025,LEC,37,88.303
Abu Dhabi,2025,LEC,38,88.35
Abu Dhabi,2025,LEC,41,88.152
Abu Dhabi,2025,LEC,42,88.125
Abu Dhabi,2025,LEC,43,87.269
Abu Dhabi,2025,LEC,44,86.919
Abu Dhabi,2025,LEC,45,86.847
Abu Dhabi,2025,LEC,46,86.725
Abu Dhabi,2025,LEC,47,86.856
Abu Dhabi,2025,LEC,48,86.974
Abu Dhabi,2025,LEC,49,86.845
Abu Dhabi,2025,LEC,50,86.936
Abu Dhabi,2025,LEC,51,87.213
Abu Dhabi,2025,LEC,52,87.376
Abu Dhabi,2025,LEC,53,87.55
Abu Dhabi,2025,LEC,54,89.005
Singapore,2025,NOR,18,97.177
Singapore,2025,NOR,19,97.444
Singapore,2025,NOR,20,97.559
Singapore,2025,NOR,21,97.016
Singapore,2025,NOR,22,96.638
Singapore,2025,NOR,23,96.688
Singapore,2025,NOR,24,96.81
Singapore,2025,NOR,25,96.959
Singapore,2025,NOR,28,97.153
Singapore,2025,NOR,29,95.623
Singapore,2025,NOR,30,95.697
Singapore,2025,NOR,31,95.765
Singapore,2025,NOR,32,95.721
Singapore,2025,NOR,33,95.636
Singapore,2025,NOR,34,95.709
Singapore,2025,NOR,35,95.847
Singapore,2025,NOR,36,95.987
Singapore,2025,NOR,37,95.555
Singapore,2025,NOR,38,95.996
Singapore,2025,NOR,39,96.0
Singapore,2025,NOR,40,95.926
Singapore,2025,NOR,41,96.261
Singapore,2025,NOR,42,97.06
Singapore,2025,NOR,43,96.631
Singapore,2025,NOR,44,96.633
Singapore,2025,NOR,46,96.381
Singapore,2025,NOR,47,97.012
Singapore,2025,NOR,48,97.318
Singapore,2025,NOR,49,97.376
Singapore,2025,NOR,50,96.25
Singapore,2025,NOR,51,95.958
Singapore,2025,NOR,52,96.275
Singapore,2025,NOR,53,96.69
Singapore,2025,NOR,54,97.814
Singapore,2025,NOR,55,96.67
Singapore,2025,NOR,56,96.39
Singapore,2025,NOR,57,96.324
Singapore,2025,NOR,58,96.115
China,2025,STR,20,99.558
China,2025,STR,21,99.33
China,2025,STR,22,99.383
China,2025,STR,23,98.686
China,2025,STR,24,98.773
China,2025,STR,25,98.747
China,2025,STR,26,98.884
China,2025,STR,27,98.845
China,2025,STR,28,98.537
China,2025,STR,29,98.214
China,2025,STR,30,98.102
China,2025,STR,31,98.178
China,2025,STR,32,98.159
China,2025,STR,33,98.149
China,2025,STR,34,98.22
China,2025,STR,35,97.928
China,2025,STR,38,97.867
China,2025,STR,39,96.567
China,2025,STR,40,96.044
China,2025,STR,41,97.018
China,2025,STR,42,96.964
China,2025,STR,43,96.445
China,2025,STR,44,96.493
China,2025,STR,45,96.569
China,2025,STR,46,97.086
China,2025,STR,47,96.644
China,2025,STR,48,96.913
China,2025,STR,49,96.645
China,2025,STR,50,96.662
China,2025,STR,51,96.883
China,2025,STR,52,96.957
Hungary,2024,TSU,17,84.898
Hungary,2024,TSU,18,85.093
Hungary,2024,TSU,19,86.101
Hungary,2024,TSU,20,85.376
Hungary,2024,TSU,21,85.258
Hungary,2024,TSU,22,85.469
Hungary,2024,TSU,23,85.546
Hungary,2024,TSU,24,85.26
Hungary,2024,TSU,25,86.283
Hungary,2024,TSU,26,85.654
Hungary,2024,TSU,27,86.937
Hungary,2024,TSU,28,85.762
Hungary,2024,TSU,31,85.787
Hungary,2024,TSU,32,83.848
Hungary,2024,TSU,33,83.745
Hungary,2024,TSU,34,85.2
Hungary,2024,TSU,35,84.094
Hungary,2024,TSU,36,84.079
Hungary,2024,TSU,37,84.67
Hungary,2024,TSU,38,85.245
Hungary,2024,TSU,39,84.513
Hungary,2024,TSU,40,84.631
Hungary,2024,TSU,41,84.271
Hungary,2024,TSU,42,84.412
Hungary,2024,TSU,43,84.34
Hungary,2024,TSU,44,84.583
Hungary,2024,TSU,45,84.591
Hungary,2024,TSU,46,84.575
Hungary,2024,TSU,47,84.108
Hungary,2024,TSU,48,84.103
Hungary,2024,TSU,49,84.695
Hungary,2024,TSU,50,84.101
Hungary,2024,TSU,51,83.996
Hungary,2024,TSU,52,83.827
Hungary,2024,TSU,53,83.64
Hungary,2024,TSU,54,83.696
Hungary,2024,TSU,55,83.557
Hungary,2024,TSU,56,83.664
Hungary,2024,TSU,57,83.59
Hungary,2024,TSU,58,83.533
Hungary,2024,TSU,59,83.84
Hungary,2024,TSU,60,83.918
Hungary,2024,TSU,61,83.792
Hungary,2024,TSU,63,83.728
Hungary,2024,TSU,64,84.013
Hungary,2024,TSU,65,84.217
Hungary,2024,TSU,66,84.149
Azerbaijan,2024,OCO,17,111.138
Azerbaijan,2024,OCO,18,112.19
Azerbaijan,2024,OCO,19,110.598
Azerbaijan,2024,OCO,20,110.988
Azerbaijan,2024,OCO,21,110.801
Azerbaijan,2024,OCO,22,110.349
Azerbaijan,2024,OCO,23,110.499
Azerbaijan,2024,OCO,24,110.812
Azerbaijan,2024,OCO,25,110.527
Azerbaijan,2024,OCO,26,110.162
Azerbaijan,2024,OCO,27,109.944
Azerbaijan,2024,OCO,28,109.753
Azerbaijan,2024,OCO,29,109.607
Azerbaijan,2024,OCO,30,109.526
Azerbaijan,2024,OCO,31,109.485
Azerbaijan,2024,OCO,32,109.702
Azerbaijan,2024,OCO,33,109.419
Azerbaijan,2024,OCO,34,109.086
Azerbaijan,2024,OCO,35,109.383
Azerbaijan,2024,OCO,37,108.831
Azerbaijan,2024,OCO,38,109.555
Azerbaijan,2024,OCO,39,109.112
Azerbaijan,2024,OCO,40,108.944
Azerbaijan,2024,OCO,41,109.273
Azerbaijan,2024,OCO,42,109.059
Azerbaijan,2024,OCO,43,109.315
Azerbaijan,2024,OCO,44,108.994
Qatar,2024,HAM,21,86.383
Qatar,2024,HAM,22,86.026
Qatar,2024,HAM,23,86.189
Qatar,2024,HAM,24,85.618
Qatar,2024,HAM,25,85.734
Qatar,2024,HAM,26,85.378
Qatar,2024,HAM,27,85.326
Qatar,2024,HAM,28,85.227
Qatar,2024,HAM,30,86.598
Qatar,2024,HAM,31,85.396
Qatar,2024,HAM,32,85.272
Qatar,2024,HAM,33,85.253
Qatar,2024,HAM,43,85.713
Qatar,2024,HAM,44,89.654
Qatar,2024,HAM,45,87.093
Qatar,2024,HAM,46,85.28
Qatar,2024,HAM,49,84.726
Qatar,2024,HAM,50,85.096
Qatar,2024,HAM,51,84.806
Qatar,2024,HAM,52,84.462
Qatar,2024,HAM,53,83.865
Italy,2024,MAG,19,86.533
Italy,2024,MAG,20,85.109
Italy,2024,MAG,21,85.154
Italy,2024,MAG,22,84.793
Italy,2024,MAG,23,85.071
Italy,2024,MAG,24,85.057
Italy,2024,MAG,25,85.131
Italy,2024,MAG,26,85.504
Italy,2024,MAG,27,85.199
Italy,2024,MAG,28,84.64
Italy,2024,MAG,29,84.415
Italy,2024,MAG,30,84.799
Italy,2024,MAG,31,84.573
Italy,2024,MAG,32,84.458
Italy,2024,MAG,33,84.408
Italy,2024,MAG,34,84.853
Italy,2024,MAG,35,84.702
Italy,2024,MAG,36,84.17
Italy,2024,MAG,37,84.276
Italy,2024,MAG,38,83.95
Italy,2024,MAG,39,84.803
Italy,2024,MAG,40,84.463
Italy,2024,MAG,41,84.282
Italy,2024,MAG,42,84.625
Italy,2024,MAG,43,84.628
Italy,2024,MAG,44,84.605
Italy,2024,MAG,45,85.205
Italy,2024,MAG,46,84.272
Italy,2024,MAG,47,84.124
Italy,2024,MAG,48,83.971
Italy,2024,MAG,49,83.741
Belgium,2024,STR,20,110.086
Belgium,2024,STR,21,110.632
Belgium,2024,STR,22,109.579
Belgium,2024,STR,23,109.507
Belgium,2024,STR,24,109.574
Belgium,2024,STR,25,109.81
Belgium,2024,STR,26,109.549
Belgium,2024,STR,27,109.528
Belgium,2024,STR,28,109.62
Belgium,2024,STR,29,109.339
Belgium,2024,STR,30,109.122
Belgium,2024,STR,31,108.849
Belgium,2024,STR,32,108.928
Belgium,2024,STR,33,108.865
Belgium,2024,STR,34,108.845
Belgium,2024,STR,35,109.135
Belgium,2024,STR,36,109.297
Belgium,2024,STR,37,108.973
Belgium,2024,STR,38,110.136
Belgium,2024,STR,39,109.703
Belgium,2024,STR,40,108.933
Abu Dhabi,2025,SAI,17,91.855
Abu Dhabi,2025,SAI,20,91.17
Abu Dhabi,2025,SAI,21,89.219
Abu Dhabi,2025,SAI,22,89.22
Abu Dhabi,2025,SAI,23,89.3
Abu Dhabi,2025,SAI,24,89.44
Abu Dhabi,2025,SAI,25,89.327
Abu Dhabi,2025,SAI,26,89.657
Abu Dhabi,2025,SAI,27,89.766
Abu Dhabi,2025,SAI,28,89.825
Abu Dhabi,2025,SAI,29,89.888
Abu Dhabi,2025,SAI,30,89.946
Abu Dhabi,2025,SAI,31,90.072
Abu Dhabi,2025,SAI,32,89.924
Abu Dhabi,2025,SAI,33,89.724
Abu Dhabi,2025,SAI,34,89.965
Abu Dhabi,2025,SAI,35,89.656
Abu Dhabi,2025,SAI,36,89.576
Abu Dhabi,2025,SAI,37,89.41
Abu Dhabi,2025,SAI,38,89.212
Abu Dhabi,2025,SAI,39,89.601
Abu Dhabi,2025,SAI,40,89.938
Abu Dhabi,2025,SAI,41,89.976
Abu Dhabi,2025,SAI,42,90.502
Abu Dhabi,2025,SAI,43,89.679
Abu Dhabi,2025,SAI,44,89.485
Abu Dhabi,2025,SAI,45,89.431
Abu Dhabi,2025,SAI,46,89.336
Abu Dhabi,2025,SAI,47,89.242
Abu Dhabi,2025,SAI,48,89.373
Abu Dhabi,2025,SAI,49,89.272
Abu Dhabi,2025,SAI,50,89.168
Abu Dhabi,2025,SAI,51,89.162
Abu Dhabi,2025,SAI,52,89.052
Abu Dhabi,2025,SAI,53,89.09
Abu Dhabi,2025,SAI,54,89.496
São Paulo,2024,BOT,19,85.189
São Paulo,2024,BOT,20,85.089
São Paulo,2024,BOT,21,84.984
São Paulo,2024,BOT,22,84.726
São Paulo,2024,BOT,23,85.144
São Paulo,2024,BOT,24,84.966
São Paulo,2024,BOT,26,85.203
São Paulo,2024,BOT,29,87.132
São Paulo,2024,BOT,34,110.114
São Paulo,2024,BOT,35,100.982
São Paulo,2024,BOT,45,95.37
São Paulo,2024,BOT,46,86.05
São Paulo,2024,BOT,47,84.963
São Paulo,2024,BOT,48,84.722
São Paulo,2024,BOT,49,84.284
São Paulo,2024,BOT,50,84.112
São Paulo,2024,BOT,52,83.925
São Paulo,2024,BOT,53,84.36
São Paulo,2024,BOT,54,84.36
São Paulo,2024,BOT,55,84.444
São Paulo,2024,BOT,56,83.957
São Paulo,2024,BOT,57,83.508
São Paulo,2024,BOT,58,83.451
São Paulo,2024,BOT,59,83.185
São Paulo,2024,BOT,60,83.418
São Paulo,2024,BOT,61,82.911
São Paulo,2024,BOT,62,83.177
São Paulo,2024,BOT,63,83.241
São Paulo,2024,BOT,64,83.015
São Paulo,2024,BOT,65,82.996
Mexico City,2024,MAG,22,83.18
Mexico City,2024,MAG,23,83.219
Mexico City,2024,MAG,24,83.068
Mexico City,2024,MAG,25,83.315
Mexico City,2024,MAG,26,83.45
Mexico City,2024,MAG,27,83.901
Mexico City,2024,MAG,28,83.847
Mexico City,2024,MAG,29,84.049
Mexico City,2024,MAG,32,83.805
Mexico City,2024,MAG,33,81.832
Mexico City,2024,MAG,34,81.947
Mexico City,2024,MAG,35,81.946
Mexico City,2024,MAG,36,82.252
Mexico City,2024,MAG,37,81.357
Mexico City,2024,MAG,38,81.795
Mexico City,2024,MAG,39,82.09
Mexico City,2024,MAG,40,82.812
Mexico City,2024,MAG,41,81.414
Mexico City,2024,MAG,42,81.683
Mexico City,2024,MAG,43,81.779
Mexico City,2024,MAG,44,81.621
Mexico City,2024,MAG,45,81.551
Mexico City,2024,MAG,46,81.62
Mexico City,2024,MAG,47,81.41
Mexico City,2024,MAG,48,81.437
Mexico City,2024,MAG,49,81.127
Mexico City,2024,MAG,50,81.466
Mexico City,2024,MAG,51,81.066
Mexico City,2024,MAG,52,81.033
Mexico City,2024,MAG,53,81.086
Mexico City,2024,MAG,54,81.0
Mexico City,2024,MAG,55,80.885
Mexico City,2024,MAG,56,81.144
Mexico City,2024,MAG,57,80.892
Mexico City,2024,MAG,58,80.774
Mexico City,2024,MAG,59,80.691
Mexico City,2024,MAG,60,80.821
Mexico City,2024,MAG,61,80.729
Mexico City,2024,MAG,62,80.637
Mexico City,2024,MAG,63,80.835
Mexico City,2024,MAG,64,80.785
Mexico City,2024,MAG,65,80.864
Mexico City,2024,MAG,66,80.787
Mexico City,2024,MAG,67,81.019
Australia,2024,MAG,20,82.848
Australia,2024,MAG,21,82.809
Australia,2024,MAG,22,82.86
Australia,2024,MAG,23,83.315
Australia,2024,MAG,24,84.285
Australia,2024,MAG,25,83.33
Australia,2024,MAG,26,83.502
Australia,2024,MAG,27,83.485
Australia,2024,MAG,28,83.525
Australia,2024,MAG,29,83.467
Australia,2024,MAG,30,83.456
Australia,2024,MAG,31,83.407
Australia,2024,MAG,32,83.216
Australia,2024,MAG,35,83.396
Australia,2024,MAG,36,82.34
Australia,2024,MAG,37,82.109
Australia,2024,MAG,38,82.261
Australia,2024,MAG,39,82.085
Australia,2024,MAG,40,81.845
Australia,2024,MAG,41,81.771
Australia,2024,MAG,42,83.189
Australia,2024,MAG,43,81.914
Australia,2024,MAG,44,82.053
Australia,2024,MAG,45,81.082
Australia,2024,MAG,46,81.637
Australia,2024,MAG,47,81.463
Australia,2024,MAG,48,81.538
Australia,2024,MAG,49,81.67
Australia,2024,MAG,50,81.386
Australia,2024,MAG,51,81.666
Australia,2024,MAG,52,81.42
Monaco,2025,ALO,26,77.685
Monaco,2025,ALO,27,76.293
Monaco,2025,ALO,28,76.744
Monaco,2025,ALO,29,76.414
Monaco,2025,ALO,30,76.279
Monaco,2025,ALO,31,77.307
Monaco,2025,ALO,32,76.142
Italy,2024,ZHO,19,85.245
Italy,2024,ZHO,20,85.777
Italy,2024,ZHO,21,85.588
Italy,2024,ZHO,22,85.743
Italy,2024,ZHO,23,85.876
Italy,2024,ZHO,24,86.061
Italy,2024,ZHO,25,86.041
Italy,2024,ZHO,26,85.583
Italy,2024,ZHO,27,85.549
Italy,2024,ZHO,28,85.603
Italy,2024,ZHO,29,85.699
Italy,2024,ZHO,30,85.515
Italy,2024,ZHO,31,85.491
Italy,2024,ZHO,32,85.478
Italy,2024,ZHO,33,85.356
Italy,2024,ZHO,34,85.451
Italy,2024,ZHO,35,85.487
Italy,2024,ZHO,36,85.52
Italy,2024,ZHO,37,86.606
Italy,2024,ZHO,38,85.205
Italy,2024,ZHO,39,86.652
Italy,2024,ZHO,40,85.584
Italy,2024,ZHO,41,85.82
Italy,2024,ZHO,42,86.437
Italy,2024,ZHO,43,87.64
Italy,2024,ZHO,44,86.916
Italy,2024,ZHO,45,86.918
Italy,2024,ZHO,46,85.632
Italy,2024,ZHO,47,85.857
Italy,2024,ZHO,48,87.442
Emilia Romagna,2024,OCO,17,83.049
Emilia Romagna,2024,OCO,18,83.06
Emilia Romagna,2024,OCO,19,83.082
Emilia Romagna,2024,OCO,20,83.179
Emilia Romagna,2024,OCO,21,83.156
Emilia Romagna,2024,OCO,22,83.219
Emilia Romagna,2024,OCO,23,83.376
Emilia Romagna,2024,OCO,24,83.609
Emilia Romagna,2024,OCO,27,83.042
Emilia Romagna,2024,OCO,28,81.834
Emilia Romagna,2024,OCO,29,82.056
Emilia Romagna,2024,OCO,30,82.261
Emilia Romagna,2024,OCO,31,82.557
Emilia Romagna,2024,OCO,32,82.589
Emilia Romagna,2024,OCO,33,82.454
Emilia Romagna,2024,OCO,34,82.35
Emilia Romagna,2024,OCO,35,83.217
Emilia Romagna,2024,OCO,36,82.909
Emilia Romagna,2024,OCO,37,82.364
Emilia Romagna,2024,OCO,38,81.304
Emilia Romagna,2024,OCO,39,82.062
Emilia Romagna,2024,OCO,40,82.139
Emilia Romagna,2024,OCO,41,82.04
Emilia Romagna,2024,OCO,42,82.145
Emilia Romagna,2024,OCO,43,82.224
Emilia Romagna,2024,OCO,44,82.081
Emilia Romagna,2024,OCO,45,83.818
Emilia Romagna,2024,OCO,46,82.572
Emilia Romagna,2024,OCO,47,83.905
Emilia Romagna,2024,OCO,48,85.675
Emilia Romagna,2024,OCO,49,82.55
Emilia Romagna,2024,OCO,50,84.384
Emilia Romagna,2024,OCO,51,83.073
Emilia Romagna,2024,OCO,52,84.114
Emilia Romagna,2024,OCO,53,82.762
Emilia Romagna,2024,OCO,54,82.756
Emilia Romagna,2024,OCO,55,83.855
Emilia Romagna,2024,OCO,56,82.991
Emilia Romagna,2024,OCO,57,83.017
Emilia Romagna,2024,OCO,58,83.961
Saudi Arabia,2024,ALB,21,95.278
Saudi Arabia,2024,ALB,22,94.82
Saudi Arabia,2024,ALB,23,96.016
Saudi Arabia,2024,ALB,24,95.363
Saudi Arabia,2024,ALB,25,95.967
Saudi Arabia,2024,ALB,26,96.124
Saudi Arabia,2024,ALB,27,96.633
Saudi Arabia,2024,ALB,28,96.127
Saudi Arabia,2024,ALB,29,96.166
Saudi Arabia,2024,ALB,30,95.687
Saudi Arabia,2024,ALB,31,96.135
Saudi Arabia,2024,ALB,32,95.84
Saudi Arabia,2024,ALB,33,95.621
Saudi Arabia,2024,ALB,34,95.221
Saudi Arabia,2024,ALB,35,94.524
Saudi Arabia,2024,ALB,36,95.05
Saudi Arabia,2024,ALB,37,93.987
Saudi Arabia,2024,ALB,38,93.939
Saudi Arabia,2024,ALB,39,93.673
Saudi Arabia,2024,ALB,40,93.504
Saudi Arabia,2024,ALB,41,93.424
Saudi Arabia,2024,ALB,42,93.75
Saudi Arabia,2024,ALB,43,92.85
Saudi Arabia,2024,ALB,44,92.994
Saudi Arabia,2024,ALB,45,92.997
Saudi Arabia,2024,ALB,46,92.564
Emilia Romagna,2024,PIA,17,81.734
Emilia Romagna,2024,PIA,18,81.912
Emilia Romagna,2024,PIA,19,81.867
Emilia Romagna,2024,PIA,20,82.042
Emilia Romagna,2024,PIA,21,81.853
Emilia Romagna,2024,PIA,22,82.212
Emilia Romagna,2024,PIA,25,81.869
Emilia Romagna,2024,PIA,26,79.907
Emilia Romagna,2024,PIA,27,80.577
Emilia Romagna,2024,PIA,28,80.785
Emilia Romagna,2024,PIA,29,80.599
Emilia Romagna,2024,PIA,30,80.313
Emilia Romagna,2024,PIA,31,80.578
Emilia Romagna,2024,PIA,32,80.728
Emilia Romagna,2024,PIA,33,80.839
Emilia Romagna,2024,PIA,34,80.701
Emilia Romagna,2024,PIA,35,80.96
Emilia Romagna,2024,PIA,36,80.913
Emilia Romagna,2024,PIA,37,80.684
Emilia Romagna,2024,PIA,38,80.587
Emilia Romagna,2024,PIA,39,80.499
Emilia Romagna,2024,PIA,40,80.801
Emilia Romagna,2024,PIA,41,81.001
Emilia Romagna,2024,PIA,42,80.966
Emilia Romagna,2024,PIA,43,81.122
Emilia Romagna,2024,PIA,44,81.333
Emilia Romagna,2024,PIA,45,80.843
Emilia Romagna,2024,PIA,46,80.888
Emilia Romagna,2024,PIA,47,81.038
Emilia Romagna,2024,PIA,48,81.485
Emilia Romagna,2024,PIA,49,81.416
Emilia Romagna,2024,PIA,50,81.309
Emilia Romagna,2024,PIA,51,80.979
Emilia Romagna,2024,PIA,52,81.203
Emilia Romagna,2024,PIA,53,80.777
Emilia Romagna,2024,PIA,54,80.699
Emilia Romagna,2024,PIA,55,80.413
Emilia Romagna,2024,PIA,56,80.394
Emilia Romagna,2024,PIA,57,80.44
Emilia Romagna,2024,PIA,58,80.602
Emilia Romagna,2024,PIA,59,80.698
Belgium,2025,NOR,22,106.544
Belgium,2025,NOR,23,106.44
Belgium,2025,NOR,24,106.534
Belgium,2025,NOR,25,106.193
Belgium,2025,NOR,26,106.199
Belgium,2025,NOR,27,107.66
Belgium,2025,NOR,28,106.389
Belgium,2025,NOR,29,105.965
Belgium,2025,NOR,30,106.0
Belgium,2025,NOR,31,105.889
Belgium,2025,NOR,32,106.131
Belgium,2025,NOR,33,105.964
Belgium,2025,NOR,34,106.097
Belgium,2025,NOR,35,107.12
Belgium,2025,NOR,36,105.975
Belgium,2025,NOR,37,105.974
Belgium,2025,NOR,38,105.789
Belgium,2025,NOR,39,105.686
Belgium,2025,NOR,40,105.674
Italy,2024,GAS,19,86.182
Italy,2024,GAS,20,85.403
Italy,2024,GAS,21,85.058
Italy,2024,GAS,22,84.878
Italy,2024,GAS,23,85.105
Italy,2024,GAS,24,86.161
Italy,2024,GAS,25,85.882
Italy,2024,GAS,26,85.988
Italy,2024,GAS,27,85.742
Italy,2024,GAS,28,87.191
Italy,2024,GAS,29,85.823
Italy,2024,GAS,32,86.079
Italy,2024,GAS,33,84.423
Italy,2024,GAS,34,84.252
Italy,2024,GAS,35,84.383
Italy,2024,GAS,36,84.822
Italy,2024,GAS,37,85.591
Italy,2024,GAS,38,84.386
Italy,2024,GAS,39,85.229
Italy,2024,GAS,40,84.591
Italy,2024,GAS,41,85.104
Italy,2024,GAS,42,85.772
Italy,2024,GAS,43,84.605
Italy,2024,GAS,44,85.142
Italy,2024,GAS,45,86.175
Italy,2024,GAS,46,85.425
Italy,2024,GAS,47,84.403
Italy,2024,GAS,48,83.923
Miami,2025,ALB,45,91.169
Miami,2025,ALB,46,91.122
Miami,2025,ALB,47,91.073
Miami,2025,ALB,48,91.012
Miami,2025,ALB,49,91.055
Miami,2025,ALB,50,90.839
Miami,2025,ALB,51,90.95
Miami,2025,ALB,52,90.687
Miami,2025,ALB,53,90.684
Las Vegas,2025,BEA,23,96.892
Las Vegas,2025,BEA,24,97.219
Las Vegas,2025,BEA,25,96.938
Las Vegas,2025,BEA,26,96.328
Las Vegas,2025,BEA,27,95.893
Las Vegas,2025,BEA,28,96.019
Las Vegas,2025,BEA,29,95.962
Las Vegas,2025,BEA,30,95.781
Las Vegas,2025,BEA,31,97.025
Las Vegas,2025,BEA,32,96.786
Las Vegas,2025,BEA,33,96.464
Las Vegas,2025,BEA,34,96.545
Las Vegas,2025,BEA,35,96.53
Las Vegas,2025,BEA,36,95.994
Las Vegas,2025,BEA,37,95.829
Las Vegas,2025,BEA,38,95.855
Las Vegas,2025,BEA,39,96.12
Las Vegas,2025,BEA,40,95.874
Las Vegas,2025,BEA,41,95.917
Las Vegas,2025,BEA,42,95.72
Las Vegas,2025,BEA,43,95.51
Las Vegas,2025,BEA,44,95.501
Las Vegas,2025,BEA,45,95.397
Las Vegas,2025,BEA,46,95.333
Italy,2024,ALB,19,86.454
Italy,2024,ALB,20,85.254
Italy,2024,ALB,21,85.074
Italy,2024,ALB,22,84.86
Italy,2024,ALB,23,85.053
Italy,2024,ALB,24,85.132
Italy,2024,ALB,25,85.196
Italy,2024,ALB,26,84.707
Italy,2024,ALB,27,85.065
Italy,2024,ALB,28,84.949
Italy,2024,ALB,29,84.793
Italy,2024,ALB,30,84.871
Italy,2024,ALB,31,84.754
Italy,2024,ALB,32,85.229
Italy,2024,ALB,33,84.412
Italy,2024,ALB,34,86.282
Italy,2024,ALB,35,85.57
Italy,2024,ALB,36,84.994
Italy,2024,ALB,37,84.748
Italy,2024,ALB,38,85.882
Italy,2024,ALB,39,85.214
Italy,2024,ALB,40,84.971
Italy,2024,ALB,41,84.552
Italy,2024,ALB,42,84.372
Italy,2024,ALB,43,84.874
Italy,2024,ALB,44,84.669
Italy,2024,ALB,45,84.678
Italy,2024,ALB,46,84.569
Italy,2024,ALB,47,84.554
Italy,2024,ALB,48,84.383
Italy,2024,ALB,49,84.149
Mexico City,2024,PER,24,81.879
Mexico City,2024,PER,25,82.109
Mexico City,2024,PER,26,82.118
Mexico City,2024,PER,27,82.399
Mexico City,2024,PER,28,82.772
Mexico City,2024,PER,29,82.818
Mexico City,2024,PER,30,82.965
Mexico City,2024,PER,31,82.754
Mexico City,2024,PER,32,82.814
Mexico City,2024,PER,33,83.202
Mexico City,2024,PER,34,83.089
Mexico City,2024,PER,35,83.096
Mexico City,2024,PER,36,83.571
Mexico City,2024,PER,37,83.64
Mexico City,2024,PER,38,83.72
Mexico City,2024,PER,39,83.74
Mexico City,2024,PER,40,83.586
Mexico City,2024,PER,41,85.538
Mexico City,2024,PER,42,84.347
Mexico City,2024,PER,45,83.677
Mexico City,2024,PER,46,81.589
Mexico City,2024,PER,47,80.97
Mexico City,2024,PER,48,81.516
Mexico City,2024,PER,49,81.19
Mexico City,2024,PER,50,82.073
Mexico City,2024,PER,51,81.537
Mexico City,2024,PER,52,81.288
Mexico City,2024,PER,53,81.392
Mexico City,2024,PER,54,81.25
Mexico City,2024,PER,55,81.369
Mexico City,2024,PER,56,81.485
Mexico City,2024,PER,57,81.919
Mexico City,2024,PER,58,81.479
Mexico City,2024,PER,59,81.527
Mexico City,2024,PER,60,81.682
Mexico City,2024,PER,61,81.586
Mexico City,2024,PER,62,81.642
Mexico City,2024,PER,63,81.915
Mexico City,2024,PER,64,81.857
Mexico City,2025,HAM,19,83.934
Mexico City,2025,HAM,20,83.161
Mexico City,2025,HAM,21,83.68
Mexico City,2025,HAM,22,83.135
Mexico City,2025,HAM,25,83.373
Mexico City,2025,HAM,26,81.961
Mexico City,2025,HAM,27,83.645
Mexico City,2025,HAM,28,81.896
Mexico City,2025,HAM,29,81.711
Mexico City,2025,HAM,30,82.38
Mexico City,2025,HAM,31,82.134
Mexico City,2025,HAM,32,81.994
Mexico City,2025,HAM,33,82.267
Mexico City,2025,HAM,34,81.999
Mexico City,2025,HAM,35,83.203
Mexico City,2025,HAM,36,83.018
Mexico City,2025,HAM,37,82.488
Mexico City,2025,HAM,38,82.3
Mexico City,2025,HAM,39,82.703
Mexico City,2025,HAM,40,82.447
Mexico City,2025,HAM,41,82.253
Mexico City,2025,HAM,42,82.459
Mexico City,2025,HAM,43,82.288
Mexico City,2025,HAM,44,82.132
Mexico City,2025,HAM,45,82.179
Mexico City,2025,HAM,46,82.35
Mexico City,2025,HAM,49,82.363
Mexico City,2025,HAM,50,80.726
Mexico City,2025,HAM,51,80.601
Mexico City,2025,HAM,52,80.93
Mexico City,2025,HAM,53,80.813
Mexico City,2025,HAM,54,80.941
Mexico City,2025,HAM,55,81.071
Mexico City,2025,HAM,56,81.315
Mexico City,2025,HAM,57,82.144
Mexico City,2025,HAM,58,81.075
Mexico City,2025,HAM,59,81.045
Mexico City,2025,HAM,60,81.067
Mexico City,2025,HAM,61,81.426
Mexico City,2025,HAM,62,81.042
Mexico City,2025,HAM,63,83.139
Mexico City,2025,HAM,64,81.637
Bahrain,2024,OCO,19,98.12
Bahrain,2024,OCO,20,98.332
Bahrain,2024,OCO,21,98.185
Bahrain,2024,OCO,22,99.363
Bahrain,2024,OCO,23,98.655
Bahrain,2024,OCO,24,98.407
Bahrain,2024,OCO,25,98.42
Bahrain,2024,OCO,26,98.494
Bahrain,2024,OCO,27,98.665
Bahrain,2024,OCO,28,98.549
Bahrain,2024,OCO,29,98.372
Bahrain,2024,OCO,32,98.556
Bahrain,2024,OCO,33,96.887
Bahrain,2024,OCO,34,96.704
Bahrain,2024,OCO,35,96.226
Bahrain,2024,OCO,36,96.354
Bahrain,2024,OCO,37,97.229
Bahrain,2024,OCO,38,96.58
Bahrain,2024,OCO,39,96.814
Bahrain,2024,OCO,40,96.552
Bahrain,2024,OCO,41,96.608
Bahrain,2024,OCO,42,96.621
Bahrain,2024,OCO,43,96.592
Bahrain,2024,OCO,44,96.679
Bahrain,2024,OCO,45,96.649
Bahrain,2024,OCO,46,98.049
Bahrain,2024,OCO,47,96.975
Bahrain,2024,OCO,48,96.656
Bahrain,2024,OCO,49,97.117
Bahrain,2024,OCO,50,97.726
Bahrain,2024,OCO,51,97.784
Bahrain,2024,OCO,52,97.091
Abu Dhabi,2025,HUL,19,89.601
Abu Dhabi,2025,HUL,20,89.736
Abu Dhabi,2025,HUL,21,90.485
Abu Dhabi,2025,HUL,22,91.706
Abu Dhabi,2025,HUL,23,90.732
Abu Dhabi,2025,HUL,24,90.908
Abu Dhabi,2025,HUL,25,91.273
Abu Dhabi,2025,HUL,26,90.113
Abu Dhabi,2025,HUL,27,89.979
Abu Dhabi,2025,HUL,28,90.353
Abu Dhabi,2025,HUL,29,90.575
Abu Dhabi,2025,HUL,30,90.573
Abu Dhabi,2025,HUL,31,90.519
Abu Dhabi,2025,HUL,32,91.724
Abu Dhabi,2025,HUL,33,90.152
Abu Dhabi,2025,HUL,34,90.907
Abu Dhabi,2025,HUL,35,90.063
Abu Dhabi,2025,HUL,36,89.611
Abu Dhabi,2025,HUL,37,89.383
Abu Dhabi,2025,HUL,38,89.423
Abu Dhabi,2025,HUL,39,89.693
Abu Dhabi,2025,HUL,40,89.822
Abu Dhabi,2025,HUL,41,89.96
Abu Dhabi,2025,HUL,44,90.223
Abu Dhabi,2025,HUL,45,87.172
Abu Dhabi,2025,HUL,46,87.574
Abu Dhabi,2025,HUL,47,87.05
Abu Dhabi,2025,HUL,48,87.541
Abu Dhabi,2025,HUL,49,87.831
Abu Dhabi,2025,HUL,50,89.021
Abu Dhabi,2025,HUL,51,87.977
Abu Dhabi,2025,HUL,52,88.244
Abu Dhabi,2025,HUL,53,87.742
Abu Dhabi,2025,HUL,54,88.41
Saudi Arabia,2024,TSU,21,95.06
Saudi Arabia,2024,TSU,22,94.71
Saudi Arabia,2024,TSU,23,95.698
Saudi Arabia,2024,TSU,24,96.285
Saudi Arabia,2024,TSU,25,95.882
Saudi Arabia,2024,TSU,26,96.548
Saudi Arabia,2024,TSU,27,96.662
Saudi Arabia,2024,TSU,28,96.093
Saudi Arabia,2024,TSU,29,95.668
Saudi Arabia,2024,TSU,30,96.731
Saudi Arabia,2024,TSU,31,96.041
Saudi Arabia,2024,TSU,32,95.939
Saudi Arabia,2024,TSU,33,95.694
Saudi Arabia,2024,TSU,34,96.118
Saudi Arabia,2024,TSU,35,94.768
Saudi Arabia,2024,TSU,36,94.781
Saudi Arabia,2024,TSU,37,94.358
Saudi Arabia,2024,TSU,38,94.233
Saudi Arabia,2024,TSU,39,93.961
Saudi Arabia,2024,TSU,40,93.894
Saudi Arabia,2024,TSU,41,93.601
Saudi Arabia,2024,TSU,42,93.731
Saudi Arabia,2024,TSU,43,93.623
Saudi Arabia,2024,TSU,44,93.767
Saudi Arabia,2024,TSU,45,93.523
São Paulo,2024,SAI,19,84.874
São Paulo,2024,SAI,20,84.201
São Paulo,2024,SAI,21,85.301
São Paulo,2024,SAI,22,84.631
São Paulo,2024,SAI,23,87.774
São Paulo,2024,SAI,24,85.187
São Paulo,2024,SAI,26,85.684
Spain,2025,BOR,17,83.056
Spain,2025,BOR,18,84.138
Spain,2025,BOR,21,83.443
Spain,2025,BOR,22,81.974
Spain,2025,BOR,23,81.164
Spain,2025,BOR,24,81.452
Spain,2025,BOR,25,81.483
Spain,2025,BOR,26,81.192
Spain,2025,BOR,27,81.225
Spain,2025,BOR,28,80.999
Spain,2025,BOR,29,81.159
Spain,2025,BOR,30,81.54
Spain,2025,BOR,31,81.448
Spain,2025,BOR,32,81.612
Spain,2025,BOR,33,82.119
Spain,2025,BOR,34,81.904
Spain,2025,BOR,35,81.874
Spain,2025,BOR,36,81.666
Spain,2025,BOR,37,81.104
Spain,2025,BOR,38,81.163
Spain,2025,BOR,39,81.432
Spain,2025,BOR,40,81.004
Spain,2025,BOR,41,80.881
Spain,2025,BOR,42,81.106
Spain,2025,BOR,43,81.291
Spain,2025,BOR,44,83.179
Spain,2025,BOR,45,83.274
Spain,2025,BOR,46,81.547
Spain,2025,BOR,47,84.398
Spain,2025,BOR,48,81.519
Spain,2025,BOR,51,81.264
Spain,2025,BOR,52,78.297
Spain,2025,BOR,53,79.386
Spain,2025,BOR,61,79.454
Spain,2025,BOR,62,80.362
Emilia Romagna,2024,LEC,17,81.964
Emilia Romagna,2024,LEC,18,81.714
Emilia Romagna,2024,LEC,19,81.719
Emilia Romagna,2024,LEC,20,81.672
Emilia Romagna,2024,LEC,21,81.757
Emilia Romagna,2024,LEC,22,81.669
Emilia Romagna,2024,LEC,23,82.018
Emilia Romagna,2024,LEC,24,81.943
Emilia Romagna,2024,LEC,27,81.6
Emilia Romagna,2024,LEC,28,79.935
Emilia Romagna,2024,LEC,29,80.928
Emilia Romagna,2024,LEC,30,80.502
Emilia Romagna,2024,LEC,31,80.426
Emilia Romagna,2024,LEC,32,80.944
Emilia Romagna,2024,LEC,33,80.645
Emilia Romagna,2024,LEC,34,80.589
Emilia Romagna,2024,LEC,35,80.726
Emilia Romagna,2024,LEC,36,80.812
Emilia Romagna,2024,LEC,37,80.562
Emilia Romagna,2024,LEC,38,80.36
Emilia Romagna,2024,LEC,39,80.194
Emilia Romagna,2024,LEC,40,80.507
Emilia Romagna,2024,LEC,41,80.582
Emilia Romagna,2024,LEC,42,80.928
Emilia Romagna,2024,LEC,43,80.24
Emilia Romagna,2024,LEC,44,80.942
Emilia Romagna,2024,LEC,45,80.702
Emilia Romagna,2024,LEC,46,80.431
Emilia Romagna,2024,LEC,47,80.596
Emilia Romagna,2024,LEC,48,81.313
Emilia Romagna,2024,LEC,49,81.513
Emilia Romagna,2024,LEC,50,80.798
Emilia Romagna,2024,LEC,51,80.414
Emilia Romagna,2024,LEC,52,80.364
Emilia Romagna,2024,LEC,53,80.358
Emilia Romagna,2024,LEC,54,80.889
Emilia Romagna,2024,LEC,55,80.398
Emilia Romagna,2024,LEC,56,80.636
Emilia Romagna,2024,LEC,57,80.415
Emilia Romagna,2024,LEC,58,80.752
Emilia Romagna,2024,LEC,59,80.553
Saudi Arabia,2024,SAR,21,95.251
Saudi Arabia,2024,SAR,22,95.082
Saudi Arabia,2024,SAR,23,95.601
Saudi Arabia,2024,SAR,24,95.016
Saudi Arabia,2024,SAR,25,95.133
Saudi Arabia,2024,SAR,26,96.539
Saudi Arabia,2024,SAR,27,96.497
Saudi Arabia,2024,SAR,28,96.198
Saudi Arabia,2024,SAR,29,95.886
Saudi Arabia,2024,SAR,30,96.047
Saudi Arabia,2024,SAR,31,95.75
Saudi Arabia,2024,SAR,32,95.879
Saudi Arabia,2024,SAR,33,95.897
Saudi Arabia,2024,SAR,34,95.7
Saudi Arabia,2024,SAR,35,94.843
Saudi Arabia,2024,SAR,36,94.716
Saudi Arabia,2024,SAR,37,94.576
Saudi Arabia,2024,SAR,38,94.228
Saudi Arabia,2024,SAR,39,93.763
Saudi Arabia,2024,SAR,40,93.97
Saudi Arabia,2024,SAR,41,93.547
Saudi Arabia,2024,SAR,42,93.838
Saudi Arabia,2024,SAR,43,93.648
Saudi Arabia,2024,SAR,44,93.766
Saudi Arabia,2024,SAR,45,95.215
Hungary,2024,VER,17,84.778
Hungary,2024,VER,18,84.69
Hungary,2024,VER,19,84.691
Hungary,2024,VER,20,84.523
Hungary,2024,VER,23,84.501
Hungary,2024,VER,24,82.769
Hungary,2024,VER,25,82.791
Hungary,2024,VER,26,82.782
Hungary,2024,VER,27,82.716
Hungary,2024,VER,28,82.655
Hungary,2024,VER,29,82.763
Hungary,2024,VER,30,82.807
Hungary,2024,VER,31,83.15
Hungary,2024,VER,32,83.416
Hungary,2024,VER,33,83.134
Hungary,2024,VER,34,83.585
Hungary,2024,VER,35,84.275
Hungary,2024,VER,36,85.757
Hungary,2024,VER,37,84.08
Hungary,2024,VER,38,84.491
Hungary,2024,VER,39,85.536
Hungary,2024,VER,40,84.675
Hungary,2024,VER,41,85.005
Hungary,2024,VER,42,83.221
Hungary,2024,VER,43,83.392
Hungary,2024,VER,44,83.393
Hungary,2024,VER,45,83.717
Hungary,2024,VER,46,83.827
Hungary,2024,VER,47,84.003
Hungary,2024,VER,48,84.228
Hungary,2024,VER,51,84.253
Hungary,2024,VER,52,80.908
Hungary,2024,VER,53,81.171
Hungary,2024,VER,54,82.092
Hungary,2024,VER,55,82.292
Hungary,2024,VER,56,82.987
Hungary,2024,VER,57,82.774
Hungary,2024,VER,58,82.626
Hungary,2024,VER,59,82.195
Hungary,2024,VER,60,81.868
Hungary,2024,VER,61,82.483
Hungary,2024,VER,62,82.761
Hungary,2024,VER,64,83.09
Hungary,2024,VER,65,83.764
Hungary,2024,VER,66,82.803
Hungary,2024,PER,17,85.364
Hungary,2024,PER,18,84.877
Hungary,2024,PER,19,85.188
Hungary,2024,PER,20,84.89
Hungary,2024,PER,21,84.827
Hungary,2024,PER,22,85.042
Hungary,2024,PER,23,85.118
Hungary,2024,PER,24,85.187
Hungary,2024,PER,25,86.52
Hungary,2024,PER,26,85.37
Hungary,2024,PER,27,85.68
Hungary,2024,PER,30,85.554
Hungary,2024,PER,31,85.518
Hungary,2024,PER,32,82.613
Hungary,2024,PER,33,82.822
Hungary,2024,PER,34,82.536
Hungary,2024,PER,35,82.938
Hungary,2024,PER,36,84.416
Hungary,2024,PER,37,82.922
Hungary,2024,PER,38,84.5
Hungary,2024,PER,39,82.197
Hungary,2024,PER,40,82.752
Hungary,2024,PER,41,82.577
Hungary,2024,PER,42,82.905
Hungary,2024,PER,43,82.539
Hungary,2024,PER,44,82.731
Hungary,2024,PER,45,82.923
Hungary,2024,PER,46,82.927
Hungary,2024,PER,49,83.579
Hungary,2024,PER,50,81.096
Hungary,2024,PER,51,81.299
Hungary,2024,PER,52,81.603
Hungary,2024,PER,53,81.584
Hungary,2024,PER,54,81.705
Hungary,2024,PER,55,81.577
Hungary,2024,PER,56,81.618
Hungary,2024,PER,57,81.902
Hungary,2024,PER,58,81.944
Hungary,2024,PER,59,82.151
Hungary,2024,PER,60,82.444
Hungary,2024,PER,61,82.645
Hungary,2024,PER,63,82.435
Hungary,2024,PER,64,82.891
Hungary,2024,PER,65,83.425
Hungary,2024,PER,66,84.173
Great Britain,2024,SAR,18,73.584
Great Britain,2024,SAR,19,74.433
Great Britain,2024,SAR,22,72.772
Great Britain,2024,SAR,23,71.128
Great Britain,2024,SAR,24,73.689
Great Britain,2024,SAR,25,70.753
Great Britain,2024,SAR,26,72.872
Great Britain,2024,SAR,27,72.961
Great Britain,2024,SAR,28,71.549
Great Britain,2024,SAR,29,71.795
Great Britain,2024,SAR,30,72.662
Great Britain,2024,SAR,31,71.427
Great Britain,2024,SAR,32,71.943
Great Britain,2024,SAR,33,71.733
Great Britain,2024,SAR,34,73.633
Great Britain,2024,SAR,35,71.821
Great Britain,2024,SAR,36,72.035
Great Britain,2024,SAR,37,71.802
Great Britain,2024,SAR,38,71.778
Great Britain,2024,SAR,39,71.889
Great Britain,2024,SAR,40,72.015
Great Britain,2024,SAR,41,72.322
Great Britain,2024,SAR,42,72.077
Great Britain,2024,SAR,43,72.177
Great Britain,2024,SAR,44,72.175
Great Britain,2024,SAR,45,72.287
Great Britain,2024,SAR,46,72.42
Great Britain,2024,SAR,47,72.051
Great Britain,2024,SAR,48,71.899
Great Britain,2024,SAR,51,71.902
Great Britain,2024,SAR,52,70.498
Great Britain,2024,SAR,53,70.774
Great Britain,2024,SAR,54,70.667
Great Britain,2024,SAR,55,70.629
Great Britain,2024,SAR,56,70.776
Great Britain,2024,SAR,57,70.644
Great Britain,2024,SAR,58,74.583
Great Britain,2024,SAR,59,70.755
Great Britain,2024,SAR,60,70.657
Great Britain,2024,SAR,61,70.406
Great Britain,2024,SAR,63,71.008
Great Britain,2024,SAR,65,71.949
United States,2024,LEC,21,99.756
United States,2024,LEC,22,99.506
United States,2024,LEC,23,99.411
United States,2024,LEC,24,99.878
United States,2024,LEC,25,99.699
United States,2024,LEC,28,99.583
United States,2024,LEC,29,98.662
United States,2024,LEC,30,99.067
United States,2024,LEC,31,99.034
United States,2024,LEC,32,98.667
United States,2024,LEC,33,98.825
United States,2024,LEC,34,99.032
United States,2024,LEC,35,98.633
United States,2024,LEC,36,98.897
United States,2024,LEC,37,98.643
United States,2024,LEC,38,98.477
United States,2024,LEC,39,98.57
United States,2024,LEC,40,97.834
United States,2024,LEC,42,98.287
United States,2024,LEC,43,98.179
United States,2024,LEC,44,98.257
United States,2024,LEC,45,98.697
United States,2024,LEC,46,98.349
United States,2024,LEC,47,99.177
United States,2024,LEC,48,98.471
United States,2024,LEC,49,98.313
United States,2024,LEC,50,98.326
United States,2024,LEC,51,97.951
United States,2024,LEC,52,97.875
Las Vegas,2025,GAS,21,96.838
Las Vegas,2025,GAS,22,97.17
Las Vegas,2025,GAS,23,96.92
Las Vegas,2025,GAS,24,97.141
Las Vegas,2025,GAS,25,97.262
Las Vegas,2025,GAS,26,97.06
Las Vegas,2025,GAS,27,97.221
Las Vegas,2025,GAS,28,97.035
Las Vegas,2025,GAS,29,96.844
Las Vegas,2025,GAS,30,97.001
Las Vegas,2025,GAS,31,96.997
Las Vegas,2025,GAS,32,97.104
Las Vegas,2025,GAS,33,97.072
Las Vegas,2025,GAS,34,97.327
Las Vegas,2025,GAS,35,97.019
Las Vegas,2025,GAS,36,96.782
Las Vegas,2025,GAS,37,96.945
Las Vegas,2025,GAS,38,96.698
Las Vegas,2025,GAS,39,96.724
Las Vegas,2025,GAS,40,96.475
Las Vegas,2025,GAS,41,96.338
Las Vegas,2025,GAS,42,96.039
Las Vegas,2025,GAS,43,96.053
Las Vegas,2025,GAS,44,95.934
Las Vegas,2025,GAS,45,95.674
Las Vegas,2025,GAS,46,96.43
United States,2025,NOR,21,100.061
United States,2025,NOR,22,100.082
United States,2025,NOR,23,99.989
United States,2025,NOR,24,99.336
United States,2025,NOR,25,99.739
United States,2025,NOR,26,99.556
United States,2025,NOR,27,99.902
United States,2025,NOR,28,99.784
United States,2025,NOR,29,99.657
United States,2025,NOR,30,99.549
United States,2025,NOR,31,99.624
United States,2025,NOR,34,100.121
United States,2025,NOR,36,98.212
United States,2025,NOR,37,98.307
United States,2025,NOR,38,98.491
United States,2025,NOR,39,98.157
United States,2025,NOR,40,98.504
United States,2025,NOR,41,98.355
United States,2025,NOR,42,98.852
United States,2025,NOR,43,99.785
United States,2025,NOR,44,98.861
United States,2025,NOR,45,98.777
United States,2025,NOR,46,98.427
United States,2025,NOR,47,98.146
United States,2025,NOR,48,97.735
United States,2025,NOR,49,97.869
United States,2025,NOR,50,98.379
United States,2025,NOR,51,98.495
United States,2025,NOR,52,99.118
Saudi Arabia,2024,LEC,20,93.94
Saudi Arabia,2024,LEC,21,93.949
Saudi Arabia,2024,LEC,22,93.722
Saudi Arabia,2024,LEC,23,93.702
Saudi Arabia,2024,LEC,24,93.602
Saudi Arabia,2024,LEC,25,93.511
Saudi Arabia,2024,LEC,26,93.136
Saudi Arabia,2024,LEC,27,93.51
Saudi Arabia,2024,LEC,28,93.151
Saudi Arabia,2024,LEC,29,93.202
Saudi Arabia,2024,LEC,30,93.305
Saudi Arabia,2024,LEC,31,92.863
Saudi Arabia,2024,LEC,32,92.606
Saudi Arabia,2024,LEC,33,92.959
Saudi Arabia,2024,LEC,34,93.064
Saudi Arabia,2024,LEC,35,93.097
Saudi Arabia,2024,LEC,36,93.013
Saudi Arabia,2024,LEC,37,92.915
Saudi Arabia,2024,LEC,38,92.674
Saudi Arabia,2024,LEC,39,92.632
Saudi Arabia,2024,LEC,40,92.722
Saudi Arabia,2024,LEC,41,92.282
Saudi Arabia,2024,LEC,42,92.504
Saudi Arabia,2024,LEC,43,92.66
Saudi Arabia,2024,LEC,44,92.556
Saudi Arabia,2024,LEC,45,92.679
Saudi Arabia,2024,LEC,46,92.552
Hungary,2024,PIA,17,84.237
Hungary,2024,PIA,20,84.248
Hungary,2024,PIA,21,83.603
Hungary,2024,PIA,22,83.474
Hungary,2024,PIA,23,83.267
Hungary,2024,PIA,24,83.102
Hungary,2024,PIA,25,83.095
Hungary,2024,PIA,26,82.962
Hungary,2024,PIA,27,82.654
Hungary,2024,PIA,28,82.747
Hungary,2024,PIA,29,82.79
Hungary,2024,PIA,30,82.704
Hungary,2024,PIA,31,83.041
Hungary,2024,PIA,32,83.172
Hungary,2024,PIA,33,83.397
Hungary,2024,PIA,34,85.863
Hungary,2024,PIA,35,84.729
Hungary,2024,PIA,36,84.557
Hungary,2024,PIA,37,84.193
Hungary,2024,PIA,38,84.384
Hungary,2024,PIA,39,84.171
Hungary,2024,PIA,40,84.24
Hungary,2024,PIA,41,83.76
Hungary,2024,PIA,42,83.95
Hungary,2024,PIA,43,84.071
Hungary,2024,PIA,44,84.2
Hungary,2024,PIA,45,84.033
Hungary,2024,PIA,46,84.104
Hungary,2024,PIA,49,84.211
Hungary,2024,PIA,50,82.39
Hungary,2024,PIA,51,81.863
Hungary,2024,PIA,52,81.716
Hungary,2024,PIA,53,81.861
Hungary,2024,PIA,54,82.367
Hungary,2024,PIA,55,82.161
Hungary,2024,PIA,56,81.858
Hungary,2024,PIA,57,82.191
Hungary,2024,PIA,58,82.505
Hungary,2024,PIA,59,82.431
Hungary,2024,PIA,60,82.008
Hungary,2024,PIA,61,82.542
Hungary,2024,PIA,62,82.06
Hungary,2024,PIA,64,82.157
Hungary,2024,PIA,65,83.06
Hungary,2024,PIA,66,82.771
Austria,2025,LAW,19,71.577
Austria,2025,LAW,20,71.524
Austria,2025,LAW,21,71.748
Austria,2025,LAW,22,71.876
Austria,2025,LAW,23,71.413
Austria,2025,LAW,24,71.457
Austria,2025,LAW,25,71.628
Austria,2025,LAW,26,71.622
Austria,2025,LAW,27,71.517
Austria,2025,LAW,28,71.628
Austria,2025,LAW,29,72.809
Austria,2025,LAW,31,73.076
Austria,2025,LAW,34,71.821
Austria,2025,LAW,35,71.013
Austria,2025,LAW,36,70.671
Austria,2025,LAW,37,70.664
Austria,2025,LAW,38,70.707
Austria,2025,LAW,39,71.39
Austria,2025,LAW,40,70.35
Austria,2025,LAW,41,70.087
Austria,2025,LAW,42,70.122
Austria,2025,LAW,43,69.996
Austria,2025,LAW,44,70.163
Austria,2025,LAW,45,70.36
Austria,2025,LAW,46,70.118
Austria,2025,LAW,47,70.085
Austria,2025,LAW,48,70.068
Austria,2025,LAW,49,70.244
Austria,2025,LAW,50,70.224
Austria,2025,LAW,51,70.413
Austria,2025,LAW,52,70.177
Austria,2025,LAW,53,70.374
Austria,2025,LAW,54,70.152
Austria,2025,LAW,55,70.534
Austria,2025,LAW,56,71.825
Austria,2025,LAW,57,70.456
Austria,2025,LAW,58,70.256
Austria,2025,LAW,59,69.977
Austria,2025,LAW,60,70.267
Austria,2025,LAW,61,70.179
Austria,2025,LAW,62,70.165
Austria,2025,LAW,63,70.32
Austria,2025,LAW,64,70.388
Austria,2025,LAW,65,70.256
Austria,2025,LAW,66,70.218
Azerbaijan,2025,VER,23,105.473
Azerbaijan,2025,VER,24,105.362
Azerbaijan,2025,VER,25,105.411
Azerbaijan,2025,VER,26,105.303
Azerbaijan,2025,VER,27,104.967
Azerbaijan,2025,VER,28,104.82
Azerbaijan,2025,VER,29,104.9
Azerbaijan,2025,VER,30,105.01
Azerbaijan,2025,VER,31,104.843
Azerbaijan,2025,VER,32,104.784
Azerbaijan,2025,VER,33,104.726
Azerbaijan,2025,VER,34,104.653
Azerbaijan,2025,VER,35,104.79
Azerbaijan,2025,VER,36,104.911
Azerbaijan,2025,VER,37,104.78
Azerbaijan,2025,VER,38,104.677
Azerbaijan,2025,VER,39,104.775
Azerbaijan,2025,VER,42,104.95
Azerbaijan,2025,VER,43,103.702
Azerbaijan,2025,VER,44,103.755
Azerbaijan,2025,VER,45,103.564
Azerbaijan,2025,VER,46,103.423
Azerbaijan,2025,VER,47,103.419
Australia,2025,TSU,23,91.567
Australia,2025,TSU,24,91.793
Australia,2025,TSU,25,91.38
Australia,2025,TSU,26,91.38
Australia,2025,TSU,27,91.205
Australia,2025,TSU,28,91.066
Australia,2025,TSU,29,90.709
Australia,2025,TSU,30,90.031
Australia,2025,TSU,31,90.184
Australia,2025,TSU,32,90.082
Australia,2025,TSU,42,90.492
Australia,2025,TSU,43,87.146
Australia,2025,TSU,46,84.194
Australia,2025,TSU,52,100.978
Australia,2025,TSU,53,97.809
Spain,2024,PIA,17,81.532
Spain,2024,PIA,18,81.853
Spain,2024,PIA,19,81.505
Spain,2024,PIA,20,81.727
Spain,2024,PIA,23,81.883
Spain,2024,PIA,24,79.833
Spain,2024,PIA,25,79.991
Spain,2024,PIA,26,79.731
Spain,2024,PIA,27,79.853
Spain,2024,PIA,28,80.231
Spain,2024,PIA,29,80.626
Spain,2024,PIA,30,79.823
Spain,2024,PIA,31,80.01
Spain,2024,PIA,32,79.875
Spain,2024,PIA,33,80.425
Spain,2024,PIA,34,80.543
Spain,2024,PIA,35,79.656
Spain,2024,PIA,36,79.796
Spain,2024,PIA,37,79.728
Spain,2024,PIA,38,79.661
Spain,2024,PIA,39,79.785
Spain,2024,PIA,40,79.78
Spain,2024,PIA,41,79.659
Spain,2024,PIA,42,79.622
Spain,2024,PIA,43,79.93
Spain,2024,PIA,44,80.15
Spain,2024,PIA,45,79.925
Spain,2024,PIA,48,80.667
Spain,2024,PIA,49,79.317
Spain,2024,PIA,50,78.159
Spain,2024,PIA,51,78.257
Spain,2024,PIA,52,78.181
Spain,2024,PIA,53,78.492
Spain,2024,PIA,54,78.223
Spain,2024,PIA,55,78.354
Spain,2024,PIA,56,77.941
Spain,2024,PIA,57,77.874
Spain,2024,PIA,58,78.293
Spain,2024,PIA,59,78.483
Spain,2024,PIA,60,78.337
Spain,2024,PIA,61,78.129
Spain,2024,PIA,62,77.977
Austria,2024,HAM,17,71.515
Austria,2024,HAM,18,71.614
Austria,2024,HAM,19,71.517
Austria,2024,HAM,20,72.152
Austria,2024,HAM,23,71.868
Austria,2024,HAM,24,70.131
Austria,2024,HAM,25,70.296
Austria,2024,HAM,26,70.257
Austria,2024,HAM,27,70.374
Austria,2024,HAM,28,70.254
Austria,2024,HAM,29,70.148
Austria,2024,HAM,30,70.171
Austria,2024,HAM,31,70.367
Austria,2024,HAM,32,70.388
Austria,2024,HAM,33,70.566
Austria,2024,HAM,34,70.211
Austria,2024,HAM,35,70.128
Austria,2024,HAM,36,70.566
Austria,2024,HAM,37,70.671
Austria,2024,HAM,38,70.479
Austria,2024,HAM,39,70.677
Austria,2024,HAM,40,70.638
Austria,2024,HAM,41,70.621
Austria,2024,HAM,42,70.997
Austria,2024,HAM,43,70.946
Austria,2024,HAM,44,70.802
Austria,2024,HAM,45,71.331
Austria,2024,HAM,46,70.877
Austria,2024,HAM,47,70.86
Austria,2024,HAM,48,71.283
Austria,2024,HAM,49,71.942
Austria,2024,HAM,50,70.919
Austria,2024,HAM,51,70.941
Austria,2024,HAM,52,71.228
Austria,2024,HAM,55,71.331
Austria,2024,HAM,56,69.963
Austria,2024,HAM,57,70.092
Austria,2024,HAM,58,70.044
Austria,2024,HAM,59,69.905
Austria,2024,HAM,60,69.792
Austria,2024,HAM,61,69.81
Austria,2024,HAM,62,69.562
Austria,2024,HAM,64,70.105
Austria,2024,HAM,67,69.98
São Paulo,2025,HAD,26,74.773
São Paulo,2025,HAD,27,75.11
São Paulo,2025,HAD,28,75.776
São Paulo,2025,HAD,29,75.399
São Paulo,2025,HAD,30,75.188
São Paulo,2025,HAD,31,75.093
São Paulo,2025,HAD,32,74.998
São Paulo,2025,HAD,33,75.148
São Paulo,2025,HAD,34,74.852
São Paulo,2025,HAD,35,75.583
São Paulo,2025,HAD,36,75.685
São Paulo,2025,HAD,39,74.905
São Paulo,2025,HAD,40,75.015
São Paulo,2025,HAD,41,73.694
São Paulo,2025,HAD,42,74.04
São Paulo,2025,HAD,43,73.983
São Paulo,2025,HAD,44,75.468
São Paulo,2025,HAD,45,74.341
São Paulo,2025,HAD,46,74.28
São Paulo,2025,HAD,47,74.457
São Paulo,2025,HAD,48,74.653
São Paulo,2025,HAD,49,74.753
São Paulo,2025,HAD,50,75.037
São Paulo,2025,HAD,51,74.663
São Paulo,2025,HAD,52,74.755
São Paulo,2025,HAD,53,75.149
São Paulo,2025,HAD,54,74.655
São Paulo,2025,HAD,55,74.687
São Paulo,2025,HAD,56,74.595
São Paulo,2025,HAD,57,74.22
São Paulo,2025,HAD,58,74.328
São Paulo,2025,HAD,59,74.514
São Paulo,2025,HAD,60,74.576
São Paulo,2025,HAD,61,74.715
São Paulo,2025,HAD,62,74.406
São Paulo,2025,HAD,63,74.316
São Paulo,2025,HAD,64,74.411
São Paulo,2025,HAD,65,74.298
São Paulo,2025,HAD,66,74.498
São Paulo,2025,HAD,67,75.223
Mexico City,2024,VER,22,82.325
Mexico City,2024,VER,23,82.574
Mexico City,2024,VER,24,82.229
Mexico City,2024,VER,25,82.455
Mexico City,2024,VER,28,82.621
Mexico City,2024,VER,29,82.325
Mexico City,2024,VER,30,82.28
Mexico City,2024,VER,31,81.252
Mexico City,2024,VER,32,82.267
Mexico City,2024,VER,33,81.156
Mexico City,2024,VER,34,81.804
Mexico City,2024,VER,35,82.154
Mexico City,2024,VER,36,82.72
Mexico City,2024,VER,37,81.803
Mexico City,2024,VER,38,82.44
Mexico City,2024,VER,39,81.111
Mexico City,2024,VER,40,81.58
Mexico City,2024,VER,41,81.448
Mexico City,2024,VER,42,81.712
Mexico City,2024,VER,43,81.596
Mexico City,2024,VER,44,81.52
Mexico City,2024,VER,45,81.161
Mexico City,2024,VER,46,81.266
Mexico City,2024,VER,47,81.284
Mexico City,2024,VER,48,81.157
Mexico City,2024,VER,49,81.116
Mexico City,2024,VER,50,81.052
Mexico City,2024,VER,51,81.023
Mexico City,2024,VER,52,81.16
Mexico City,2024,VER,53,81.119
Mexico City,2024,VER,54,80.872
Mexico City,2024,VER,55,81.218
Mexico City,2024,VER,56,80.995
Mexico City,2024,VER,57,81.013
Mexico City,2024,VER,58,80.902
Mexico City,2024,VER,59,80.995
Mexico City,2024,VER,60,81.091
Mexico City,2024,VER,61,81.052
Mexico City,2024,VER,62,81.332
Mexico City,2024,VER,63,80.95
Mexico City,2024,VER,64,81.292
Mexico City,2024,VER,65,81.16
Mexico City,2024,VER,66,81.247
Mexico City,2024,VER,67,81.257
Azerbaijan,2025,HAM,23,106.095
Azerbaijan,2025,HAM,24,106.122
Azerbaijan,2025,HAM,25,106.378
Azerbaijan,2025,HAM,26,106.144
Azerbaijan,2025,HAM,27,105.856
Azerbaijan,2025,HAM,28,105.8
Azerbaijan,2025,HAM,29,105.808
Azerbaijan,2025,HAM,30,105.769
Azerbaijan,2025,HAM,31,105.495
Azerbaijan,2025,HAM,32,105.544
Azerbaijan,2025,HAM,33,105.885
Azerbaijan,2025,HAM,34,105.622
Azerbaijan,2025,HAM,35,105.213
Azerbaijan,2025,HAM,38,106.088
Azerbaijan,2025,HAM,39,104.161
Azerbaijan,2025,HAM,40,104.011
Azerbaijan,2025,HAM,41,103.977
Azerbaijan,2025,HAM,42,104.333
Azerbaijan,2025,HAM,43,104.361
Azerbaijan,2025,HAM,44,104.252
Azerbaijan,2025,HAM,45,104.329
Azerbaijan,2025,HAM,46,104.495
Azerbaijan,2025,HAM,47,104.491
Qatar,2024,NOR,21,85.017
Qatar,2024,NOR,22,84.997
Qatar,2024,NOR,23,84.865
Qatar,2024,NOR,24,84.977
Qatar,2024,NOR,25,84.67
Qatar,2024,NOR,26,84.721
Qatar,2024,NOR,27,84.537
Qatar,2024,NOR,28,84.861
Qatar,2024,NOR,29,84.751
Qatar,2024,NOR,31,84.915
Qatar,2024,NOR,32,84.794
Qatar,2024,NOR,33,84.65
Qatar,2024,NOR,34,84.96
Qatar,2024,NOR,43,84.562
Qatar,2024,NOR,44,84.627
Qatar,2024,NOR,47,83.473
Qatar,2024,NOR,48,82.936
Qatar,2024,NOR,49,82.64
Qatar,2024,NOR,50,82.822
Qatar,2024,NOR,51,84.692
Qatar,2024,NOR,52,85.197
Qatar,2024,NOR,53,82.928
Abu Dhabi,2024,ALB,21,90.183
Abu Dhabi,2024,ALB,22,90.23
Abu Dhabi,2024,ALB,23,90.183
Abu Dhabi,2024,ALB,24,89.987
Abu Dhabi,2024,ALB,25,89.99
Abu Dhabi,2024,ALB,26,90.095
Abu Dhabi,2024,ALB,27,90.197
Abu Dhabi,2024,ALB,28,90.326
Abu Dhabi,2024,ALB,29,90.058
Abu Dhabi,2024,ALB,31,90.082
Abu Dhabi,2024,ALB,32,90.108
Abu Dhabi,2024,ALB,33,89.837
Abu Dhabi,2024,ALB,34,89.712
Abu Dhabi,2024,ALB,35,89.768
Abu Dhabi,2024,ALB,36,89.683
Abu Dhabi,2024,ALB,37,89.539
Abu Dhabi,2024,ALB,38,89.576
Abu Dhabi,2024,ALB,39,89.589
Abu Dhabi,2024,ALB,40,89.536
Abu Dhabi,2024,ALB,41,89.549
Abu Dhabi,2024,ALB,42,89.471
Abu Dhabi,2024,ALB,43,89.615
Abu Dhabi,2024,ALB,44,89.696
Abu Dhabi,2024,ALB,45,89.622
Abu Dhabi,2024,ALB,46,89.475
Abu Dhabi,2024,ALB,47,89.438
Abu Dhabi,2024,ALB,48,89.471
Abu Dhabi,2024,ALB,49,90.058
Abu Dhabi,2024,ALB,50,89.944
Abu Dhabi,2024,ALB,51,89.699
Abu Dhabi,2024,ALB,52,90.973
China,2024,PER,19,100.199
China,2024,PER,32,100.313
China,2024,PER,33,99.731
China,2024,PER,34,99.388
China,2024,PER,35,99.512
China,2024,PER,36,99.698
China,2024,PER,37,99.68
China,2024,PER,38,100.005
China,2024,PER,39,100.068
China,2024,PER,40,99.409
China,2024,PER,41,99.687
China,2024,PER,42,99.599
China,2024,PER,43,99.521
China,2024,PER,44,99.607
China,2024,PER,45,99.722
China,2024,PER,46,99.849
China,2024,PER,47,99.966
China,2024,PER,48,99.955
China,2024,PER,49,99.961
China,2024,PER,50,99.903
China,2024,PER,51,100.052
China,2024,PER,52,99.906
Netherlands,2024,NOR,17,75.689
Netherlands,2024,NOR,18,76.085
Netherlands,2024,NOR,19,76.066
Netherlands,2024,NOR,20,75.899
Netherlands,2024,NOR,21,76.043
Netherlands,2024,NOR,22,75.729
Netherlands,2024,NOR,23,75.796
Netherlands,2024,NOR,24,75.784
Netherlands,2024,NOR,25,75.692
Netherlands,2024,NOR,26,75.709
Netherlands,2024,NOR,27,75.873
Netherlands,2024,NOR,30,75.744
Netherlands,2024,NOR,31,74.571
Netherlands,2024,NOR,32,74.391
Netherlands,2024,NOR,33,74.476
Netherlands,2024,NOR,34,74.489
Netherlands,2024,NOR,35,74.491
Netherlands,2024,NOR,36,74.474
Netherlands,2024,NOR,37,74.312
Netherlands,2024,NOR,38,74.724
Netherlands,2024,NOR,39,74.557
Netherlands,2024,NOR,40,74.707
Netherlands,2024,NOR,41,74.639
Netherlands,2024,NOR,42,75.01
Netherlands,2024,NOR,43,75.205
Netherlands,2024,NOR,44,74.791
Netherlands,2024,NOR,45,74.577
Netherlands,2024,NOR,46,74.831
Netherlands,2024,NOR,47,74.603
Netherlands,2024,NOR,48,74.892
Netherlands,2024,NOR,49,74.776
Netherlands,2024,NOR,50,74.911
Netherlands,2024,NOR,51,74.575
Netherlands,2024,NOR,52,74.832
Netherlands,2024,NOR,53,74.687
Netherlands,2024,NOR,54,74.738
Netherlands,2024,NOR,55,74.468
Netherlands,2024,NOR,56,74.599
Netherlands,2024,NOR,57,74.816
Netherlands,2024,NOR,58,74.867
Netherlands,2024,NOR,59,75.098
Netherlands,2024,NOR,60,74.979
Netherlands,2024,NOR,61,74.518
Netherlands,2024,NOR,62,75.046
Netherlands,2024,NOR,63,75.008
Netherlands,2024,NOR,64,74.31
Netherlands,2024,NOR,65,74.858
Netherlands,2024,NOR,66,74.786
Netherlands,2024,NOR,67,74.624
Netherlands,2024,NOR,68,74.688
Monaco,2024,STR,18,81.97
Monaco,2024,STR,19,80.698
Monaco,2024,STR,20,80.353
Monaco,2024,STR,21,79.398
Monaco,2024,STR,22,79.016
Monaco,2024,STR,23,81.307
Monaco,2024,STR,24,81.188
Monaco,2024,STR,25,81.621
Monaco,2024,STR,26,80.506
Monaco,2024,STR,27,80.589
Monaco,2024,STR,28,80.307
Monaco,2024,STR,29,80.131
Monaco,2024,STR,30,79.464
Monaco,2024,STR,31,81.422
Monaco,2024,STR,32,82.535
Monaco,2024,STR,33,81.252
Monaco,2024,STR,34,80.536
Monaco,2024,STR,35,79.789
Monaco,2024,STR,36,79.497
Monaco,2024,STR,37,79.297
Monaco,2024,STR,38,79.638
Monaco,2024,STR,39,79.706
Monaco,2024,STR,40,79.867
Monaco,2024,STR,41,80.45
Monaco,2024,STR,44,80.2
Monaco,2024,STR,45,78.551
Monaco,2024,STR,46,78.806
Monaco,2024,STR,47,78.296
Monaco,2024,STR,50,78.062
Monaco,2024,STR,52,77.788
Monaco,2024,STR,53,77.35
Monaco,2024,STR,54,81.547
Monaco,2024,STR,55,80.571
Monaco,2024,STR,56,79.963
Monaco,2024,STR,57,77.279
Monaco,2024,STR,58,76.914
Monaco,2024,STR,59,77.156
Monaco,2024,STR,60,76.71
Monaco,2024,STR,61,77.326
Monaco,2024,STR,62,78.298
Monaco,2024,STR,63,79.07
Monaco,2024,STR,64,79.1
Monaco,2024,STR,65,78.425
Monaco,2024,STR,66,78.732
Monaco,2024,STR,67,78.748
Monaco,2024,STR,68,78.636
Monaco,2024,STR,69,78.057
Monaco,2024,STR,70,78.275
Monaco,2024,STR,71,78.557
Monaco,2024,STR,72,78.464
Austria,2024,ZHO,17,72.441
Austria,2024,ZHO,18,72.852
Austria,2024,ZHO,19,73.866
Austria,2024,ZHO,20,72.597
Austria,2024,ZHO,21,75.649
Austria,2024,ZHO,22,73.624
Austria,2024,ZHO,23,73.307
Austria,2024,ZHO,24,72.674
Austria,2024,ZHO,25,72.726
Austria,2024,ZHO,26,74.091
Austria,2024,ZHO,27,73.839
Austria,2024,ZHO,30,72.905
Austria,2024,ZHO,31,70.915
Austria,2024,ZHO,32,70.713
Austria,2024,ZHO,33,72.217
Austria,2024,ZHO,34,70.748
Austria,2024,ZHO,35,71.224
Austria,2024,ZHO,36,71.692
Austria,2024,ZHO,37,72.638
Austria,2024,ZHO,38,72.234
Austria,2024,ZHO,39,72.77
Austria,2024,ZHO,40,70.987
Austria,2024,ZHO,41,71.298
Austria,2024,ZHO,42,74.79
Austria,2024,ZHO,43,71.54
Austria,2024,ZHO,44,71.821
Austria,2024,ZHO,45,71.336
Austria,2024,ZHO,46,71.291
Austria,2024,ZHO,47,71.231
Austria,2024,ZHO,48,71.714
Austria,2024,ZHO,49,71.663
Austria,2024,ZHO,50,71.385
Austria,2024,ZHO,53,73.529
Austria,2024,ZHO,54,70.726
Austria,2024,ZHO,55,70.47
Austria,2024,ZHO,56,70.809
Austria,2024,ZHO,57,71.042
Austria,2024,ZHO,58,71.155
Austria,2024,ZHO,59,71.225
Austria,2024,ZHO,60,70.977
Austria,2024,ZHO,61,70.765
Austria,2024,ZHO,63,70.976
Austria,2024,ZHO,66,71.171
Miami,2025,SAI,45,91.157
Miami,2025,SAI,46,91.288
Miami,2025,SAI,47,91.038
Miami,2025,SAI,48,91.128
Miami,2025,SAI,49,90.933
Miami,2025,SAI,50,90.849
Miami,2025,SAI,51,90.98
Miami,2025,SAI,52,90.813
Miami,2025,SAI,53,90.763
Japan,2025,GAS,17,94.662
Japan,2025,GAS,18,94.629
Japan,2025,GAS,19,94.688
Japan,2025,GAS,20,94.397
Japan,2025,GAS,21,94.355
Japan,2025,GAS,22,94.6
Japan,2025,GAS,23,96.092
Japan,2025,GAS,26,94.411
Japan,2025,GAS,27,93.248
Japan,2025,GAS,28,92.944
Japan,2025,GAS,29,92.911
Japan,2025,GAS,30,92.654
Japan,2025,GAS,31,92.696
Japan,2025,GAS,32,92.624
Japan,2025,GAS,33,92.682
Japan,2025,GAS,34,92.509
Japan,2025,GAS,35,92.438
Japan,2025,GAS,36,92.3
Japan,2025,GAS,37,92.179
Japan,2025,GAS,38,92.354
Japan,2025,GAS,39,92.258
Japan,2025,GAS,40,92.377
Japan,2025,GAS,41,92.447
Japan,2025,GAS,42,92.129
Japan,2025,GAS,43,92.077
Japan,2025,GAS,44,92.024
Japan,2025,GAS,45,91.934
Japan,2025,GAS,46,92.013
Japan,2025,GAS,47,92.05
Japan,2025,GAS,48,92.216
Japan,2025,GAS,49,92.023
Hungary,2024,RUS,17,85.298
Hungary,2024,RUS,18,84.725
Hungary,2024,RUS,19,85.092
Hungary,2024,RUS,20,84.874
Hungary,2024,RUS,21,84.748
Hungary,2024,RUS,22,85.188
Hungary,2024,RUS,23,84.999
Hungary,2024,RUS,24,84.854
Hungary,2024,RUS,25,85.414
Hungary,2024,RUS,26,86.712
Hungary,2024,RUS,27,85.773
Hungary,2024,RUS,28,85.647
Hungary,2024,RUS,29,85.819
Hungary,2024,RUS,30,85.977
Hungary,2024,RUS,31,84.762
Hungary,2024,RUS,32,85.077
Hungary,2024,RUS,35,85.407
Hungary,2024,RUS,36,82.516
Hungary,2024,RUS,37,82.852
Hungary,2024,RUS,38,82.83
Hungary,2024,RUS,39,82.814
Hungary,2024,RUS,40,82.275
Hungary,2024,RUS,41,82.211
Hungary,2024,RUS,42,82.61
Hungary,2024,RUS,43,82.569
Hungary,2024,RUS,44,82.908
Hungary,2024,RUS,45,82.863
Hungary,2024,RUS,46,82.88
Hungary,2024,RUS,47,83.344
Hungary,2024,RUS,48,83.102
Hungary,2024,RUS,49,83.018
Hungary,2024,RUS,50,82.691
Hungary,2024,RUS,51,82.605
Hungary,2024,RUS,52,82.711
Hungary,2024,RUS,55,82.924
Hungary,2024,RUS,56,80.305
Hungary,2024,RUS,57,81.02
Hungary,2024,RUS,58,81.304
Hungary,2024,RUS,59,81.563
Hungary,2024,RUS,60,81.706
Hungary,2024,RUS,61,82.159
Hungary,2024,RUS,63,83.0
Hungary,2024,RUS,64,82.192
Hungary,2024,RUS,65,82.928
Hungary,2024,RUS,66,82.963
Netherlands,2024,RIC,17,77.17
Netherlands,2024,RIC,18,77.489
Netherlands,2024,RIC,19,77.301
Netherlands,2024,RIC,20,77.117
Netherlands,2024,RIC,21,77.318
Netherlands,2024,RIC,22,77.619
Netherlands,2024,RIC,23,77.163
Netherlands,2024,RIC,24,77.412
Netherlands,2024,RIC,25,77.229
Netherlands,2024,RIC,26,77.248
Netherlands,2024,RIC,27,77.182
Netherlands,2024,RIC,28,77.109
Netherlands,2024,RIC,31,77.9
Netherlands,2024,RIC,32,76.288
Netherlands,2024,RIC,33,75.984
Netherlands,2024,RIC,34,76.179
Netherlands,2024,RIC,35,75.832
Netherlands,2024,RIC,36,76.259
Netherlands,2024,RIC,37,75.543
Netherlands,2024,RIC,38,75.568
Netherlands,2024,RIC,39,76.164
Netherlands,2024,RIC,40,75.986
Netherlands,2024,RIC,41,75.923
Netherlands,2024,RIC,42,76.164
Netherlands,2024,RIC,43,76.308
Netherlands,2024,RIC,44,76.344
Netherlands,2024,RIC,45,76.302
Netherlands,2024,RIC,46,76.293
Netherlands,2024,RIC,47,75.825
Netherlands,2024,RIC,48,75.872
Netherlands,2024,RIC,49,77.598
Netherlands,2024,RIC,50,75.913
Netherlands,2024,RIC,51,75.709
Netherlands,2024,RIC,52,75.309
Netherlands,2024,RIC,53,75.222
Netherlands,2024,RIC,54,75.633
Netherlands,2024,RIC,55,75.374
Netherlands,2024,RIC,56,75.419
Netherlands,2024,RIC,57,75.354
Netherlands,2024,RIC,58,75.692
Netherlands,2024,RIC,59,75.487
Netherlands,2024,RIC,60,75.675
Netherlands,2024,RIC,61,75.53
Netherlands,2024,RIC,62,75.544
Netherlands,2024,RIC,63,75.444
Netherlands,2024,RIC,64,75.413
Netherlands,2024,RIC,65,75.553
Netherlands,2024,RIC,66,75.536
Netherlands,2024,RIC,67,75.481
Japan,2025,ALB,17,94.359
Japan,2025,ALB,18,94.223
Japan,2025,ALB,19,94.077
Japan,2025,ALB,20,94.213
Japan,2025,ALB,21,93.993
Japan,2025,ALB,22,93.823
Japan,2025,ALB,23,93.861
Japan,2025,ALB,26,94.013
Japan,2025,ALB,27,93.103
Japan,2025,ALB,28,93.821
Japan,2025,ALB,29,92.624
Japan,2025,ALB,30,92.648
Japan,2025,ALB,31,93.229
Japan,2025,ALB,32,93.067
Japan,2025,ALB,33,93.693
Japan,2025,ALB,34,92.592
Japan,2025,ALB,35,92.763
Japan,2025,ALB,36,92.479
Japan,2025,ALB,37,92.228
Japan,2025,ALB,38,92.297
Japan,2025,ALB,39,92.201
Japan,2025,ALB,40,92.181
Japan,2025,ALB,41,92.131
Japan,2025,ALB,42,92.087
Japan,2025,ALB,43,91.979
Japan,2025,ALB,44,91.836
Japan,2025,ALB,45,91.622
Japan,2025,ALB,46,91.644
Japan,2025,ALB,47,91.708
Japan,2025,ALB,48,91.608
Japan,2025,ALB,49,91.335
Bahrain,2024,TSU,20,97.396
Bahrain,2024,TSU,21,97.766
Bahrain,2024,TSU,22,97.777
Bahrain,2024,TSU,23,97.837
Bahrain,2024,TSU,24,97.671
Bahrain,2024,TSU,25,97.634
Bahrain,2024,TSU,26,97.851
Bahrain,2024,TSU,27,98.058
Bahrain,2024,TSU,28,98.083
Bahrain,2024,TSU,29,98.164
Bahrain,2024,TSU,30,97.777
Bahrain,2024,TSU,31,97.477
Bahrain,2024,TSU,32,97.468
Bahrain,2024,TSU,33,97.847
Bahrain,2024,TSU,36,97.498
Bahrain,2024,TSU,37,97.706
Bahrain,2024,TSU,38,95.833
Bahrain,2024,TSU,39,97.046
Bahrain,2024,TSU,40,96.125
Bahrain,2024,TSU,41,96.263
Bahrain,2024,TSU,42,96.179
Bahrain,2024,TSU,43,95.981
Bahrain,2024,TSU,44,95.956
Bahrain,2024,TSU,45,96.144
Bahrain,2024,TSU,46,95.964
Bahrain,2024,TSU,47,96.187
Bahrain,2024,TSU,48,96.396
Bahrain,2024,TSU,49,96.554
Bahrain,2024,TSU,50,96.695
Bahrain,2024,TSU,51,96.827
Bahrain,2024,TSU,52,97.067
Italy,2025,BEA,17,84.385
Italy,2025,BEA,20,84.301
Italy,2025,BEA,21,83.028
Italy,2025,BEA,22,84.118
Italy,2025,BEA,23,84.474
Italy,2025,BEA,24,84.261
Italy,2025,BEA,25,84.118
Italy,2025,BEA,26,83.952
Italy,2025,BEA,27,83.879
Italy,2025,BEA,28,83.514
Italy,2025,BEA,29,83.334
Italy,2025,BEA,30,83.368
Italy,2025,BEA,31,83.22
Italy,2025,BEA,32,83.182
Italy,2025,BEA,33,83.182
Italy,2025,BEA,34,83.055
Italy,2025,BEA,35,82.911
Italy,2025,BEA,36,82.936
Italy,2025,BEA,37,82.645
Italy,2025,BEA,38,82.581
Italy,2025,BEA,39,82.803
Italy,2025,BEA,41,83.186
Italy,2025,BEA,42,82.926
Italy,2025,BEA,43,82.82
Italy,2025,BEA,44,82.518
Italy,2025,BEA,45,82.709
Italy,2025,BEA,46,82.616
Italy,2025,BEA,47,82.319
Italy,2025,BEA,48,82.403
Italy,2025,BEA,49,82.378
Azerbaijan,2024,VER,19,108.461
Azerbaijan,2024,VER,20,107.89
Azerbaijan,2024,VER,21,107.89
Azerbaijan,2024,VER,22,107.903
Azerbaijan,2024,VER,23,108.679
Azerbaijan,2024,VER,24,108.908
Azerbaijan,2024,VER,25,110.602
Azerbaijan,2024,VER,26,108.356
Azerbaijan,2024,VER,27,109.021
Azerbaijan,2024,VER,28,109.092
Azerbaijan,2024,VER,29,109.185
Azerbaijan,2024,VER,30,109.216
Azerbaijan,2024,VER,31,108.994
Azerbaijan,2024,VER,32,108.846
Azerbaijan,2024,VER,33,108.392
Azerbaijan,2024,VER,34,108.299
Azerbaijan,2024,VER,35,109.244
Azerbaijan,2024,VER,37,107.996
Azerbaijan,2024,VER,38,107.403
Azerbaijan,2024,VER,39,107.282
Azerbaijan,2024,VER,40,107.34
Azerbaijan,2024,VER,41,107.136
Azerbaijan,2024,VER,42,107.525
Azerbaijan,2024,VER,43,106.798
Azerbaijan,2024,VER,44,107.147
Monaco,2024,NOR,18,80.337
Monaco,2024,NOR,19,79.398
Monaco,2024,NOR,20,79.28
Monaco,2024,NOR,21,79.043
Monaco,2024,NOR,22,78.983
Monaco,2024,NOR,23,78.981
Monaco,2024,NOR,24,79.194
Monaco,2024,NOR,25,78.699
Monaco,2024,NOR,26,78.64
Monaco,2024,NOR,27,78.396
Monaco,2024,NOR,28,78.72
Monaco,2024,NOR,29,79.238
Monaco,2024,NOR,30,78.766
Monaco,2024,NOR,31,78.403
Monaco,2024,NOR,32,78.78
Monaco,2024,NOR,33,79.538
Monaco,2024,NOR,34,79.233
Monaco,2024,NOR,35,79.243
Monaco,2024,NOR,36,78.714
Monaco,2024,NOR,37,78.582
Monaco,2024,NOR,38,77.958
Monaco,2024,NOR,39,77.994
Monaco,2024,NOR,40,78.303
Monaco,2024,NOR,41,78.824
Monaco,2024,NOR,42,78.519
Monaco,2024,NOR,43,79.436
Monaco,2024,NOR,44,79.796
Monaco,2024,NOR,45,78.906
Monaco,2024,NOR,46,77.897
Monaco,2024,NOR,47,78.215
Monaco,2024,NOR,48,78.141
Monaco,2024,NOR,49,77.975
Monaco,2024,NOR,50,78.177
Monaco,2024,NOR,51,78.218
Monaco,2024,NOR,52,77.772
Monaco,2024,NOR,54,78.223
Monaco,2024,NOR,55,77.838
Monaco,2024,NOR,56,78.382
Monaco,2024,NOR,57,78.155
Monaco,2024,NOR,58,77.815
Monaco,2024,NOR,59,77.395
Monaco,2024,NOR,60,77.122
Monaco,2024,NOR,61,76.695
Monaco,2024,NOR,62,77.614
Monaco,2024,NOR,63,76.026
Monaco,2024,NOR,64,76.876
Monaco,2024,NOR,65,75.742
Monaco,2024,NOR,66,77.143
Monaco,2024,NOR,67,76.214
Monaco,2024,NOR,68,76.115
Monaco,2024,NOR,69,76.172
Monaco,2024,NOR,70,76.314
Monaco,2024,NOR,71,77.213
Monaco,2024,NOR,72,76.609
Monaco,2024,NOR,73,76.801
Monaco,2024,NOR,74,76.285
Hungary,2024,BOT,19,85.976
Hungary,2024,BOT,20,84.819
Hungary,2024,BOT,21,84.916
Hungary,2024,BOT,22,85.457
Hungary,2024,BOT,23,85.587
Hungary,2024,BOT,24,85.409
Hungary,2024,BOT,25,85.655
Hungary,2024,BOT,26,85.569
Hungary,2024,BOT,27,85.639
Hungary,2024,BOT,28,85.775
Hungary,2024,BOT,29,85.72
Hungary,2024,BOT,30,85.096
Hungary,2024,BOT,31,86.551
Hungary,2024,BOT,32,85.593
Hungary,2024,BOT,33,85.438
Hungary,2024,BOT,34,85.546
Hungary,2024,BOT,35,85.61
Hungary,2024,BOT,36,83.887
Hungary,2024,BOT,37,84.677
Hungary,2024,BOT,38,84.825
Hungary,2024,BOT,39,84.954
Hungary,2024,BOT,40,85.136
Hungary,2024,BOT,41,84.973
Hungary,2024,BOT,42,85.082
Hungary,2024,BOT,43,85.871
Hungary,2024,BOT,44,85.395
Hungary,2024,BOT,47,86.967
Hungary,2024,BOT,48,83.218
Hungary,2024,BOT,49,84.845
Hungary,2024,BOT,50,85.509
Hungary,2024,BOT,51,83.411
Hungary,2024,BOT,52,83.042
Hungary,2024,BOT,53,82.792
Hungary,2024,BOT,54,82.894
Hungary,2024,BOT,55,83.44
Hungary,2024,BOT,56,85.773
Hungary,2024,BOT,57,86.768
Hungary,2024,BOT,58,86.516
Hungary,2024,BOT,59,85.243
Hungary,2024,BOT,60,85.074
Hungary,2024,BOT,63,84.44
Hungary,2024,BOT,64,85.589
Hungary,2024,BOT,65,84.466
Emilia Romagna,2025,VER,17,81.276
Emilia Romagna,2025,VER,18,81.024
Emilia Romagna,2025,VER,19,80.856
Emilia Romagna,2025,VER,20,81.255
Emilia Romagna,2025,VER,21,81.206
Emilia Romagna,2025,VER,22,81.115
Emilia Romagna,2025,VER,23,81.161
Emilia Romagna,2025,VER,24,81.464
Emilia Romagna,2025,VER,25,81.254
Emilia Romagna,2025,VER,26,81.36
Emilia Romagna,2025,VER,27,81.079
Emilia Romagna,2025,VER,28,81.316
Emilia Romagna,2025,VER,32,81.579
Emilia Romagna,2025,VER,33,80.33
Emilia Romagna,2025,VER,34,80.347
Emilia Romagna,2025,VER,35,80.271
Emilia Romagna,2025,VER,36,80.12
Emilia Romagna,2025,VER,37,79.96
Emilia Romagna,2025,VER,38,79.706
Emilia Romagna,2025,VER,39,79.788
Emilia Romagna,2025,VER,40,79.755
Emilia Romagna,2025,VER,41,79.653
Emilia Romagna,2025,VER,42,79.639
Emilia Romagna,2025,VER,43,79.513
Emilia Romagna,2025,VER,44,79.553
Emilia Romagna,2025,VER,45,79.79
Emilia Romagna,2025,VER,54,80.167
Emilia Romagna,2025,VER,55,78.611
Emilia Romagna,2025,VER,56,78.214
Emilia Romagna,2025,VER,57,78.101
Emilia Romagna,2025,VER,58,78.22
Emilia Romagna,2025,VER,59,77.988
China,2025,BOR,19,99.415
China,2025,BOR,20,100.268
China,2025,BOR,21,99.675
China,2025,BOR,22,99.738
China,2025,BOR,23,99.654
China,2025,BOR,24,99.788
China,2025,BOR,25,99.89
China,2025,BOR,28,99.815
China,2025,BOR,29,95.874
China,2025,BOR,30,96.949
China,2025,BOR,31,97.278
China,2025,BOR,32,97.206
China,2025,BOR,33,96.85
China,2025,BOR,34,97.106
China,2025,BOR,35,96.966
China,2025,BOR,36,96.868
China,2025,BOR,37,96.71
China,2025,BOR,38,96.456
China,2025,BOR,39,96.439
China,2025,BOR,40,96.853
China,2025,BOR,41,96.629
China,2025,BOR,42,96.69
China,2025,BOR,43,97.06
China,2025,BOR,44,97.608
China,2025,BOR,45,97.469
China,2025,BOR,46,97.58
China,2025,BOR,47,97.449
China,2025,BOR,48,97.54
China,2025,BOR,49,97.492
China,2025,BOR,50,97.555
China,2025,BOR,51,98.987
Qatar,2024,SAI,21,85.559
Qatar,2024,SAI,22,85.369
Qatar,2024,SAI,23,85.353
Qatar,2024,SAI,24,85.373
Qatar,2024,SAI,25,85.279
Qatar,2024,SAI,26,85.331
Qatar,2024,SAI,27,85.13
Qatar,2024,SAI,28,84.859
Qatar,2024,SAI,31,85.144
Qatar,2024,SAI,32,84.802
Qatar,2024,SAI,33,84.885
Qatar,2024,SAI,43,85.104
Qatar,2024,SAI,44,87.686
Qatar,2024,SAI,45,85.236
Qatar,2024,SAI,46,84.607
Qatar,2024,SAI,47,84.17
Qatar,2024,SAI,48,84.445
Qatar,2024,SAI,49,84.094
Qatar,2024,SAI,50,83.89
Qatar,2024,SAI,51,83.858
Qatar,2024,SAI,52,84.922
Qatar,2024,SAI,53,83.465
Spain,2025,HUL,19,82.099
Spain,2025,HUL,20,82.303
Spain,2025,HUL,21,81.664
Spain,2025,HUL,22,81.715
Spain,2025,HUL,23,82.359
Spain,2025,HUL,24,81.761
Spain,2025,HUL,25,83.434
Spain,2025,HUL,26,82.107
Spain,2025,HUL,27,81.737
Spain,2025,HUL,28,81.554
Spain,2025,HUL,29,80.709
Spain,2025,HUL,30,81.344
Spain,2025,HUL,31,81.195
Spain,2025,HUL,32,81.16
Spain,2025,HUL,33,81.938
Spain,2025,HUL,34,81.414
Spain,2025,HUL,35,81.61
Spain,2025,HUL,36,81.406
Spain,2025,HUL,37,81.125
Spain,2025,HUL,38,81.265
Spain,2025,HUL,39,81.502
Spain,2025,HUL,40,81.388
Spain,2025,HUL,41,81.514
Spain,2025,HUL,42,81.13
Spain,2025,HUL,43,81.354
Spain,2025,HUL,44,81.683
Spain,2025,HUL,47,82.092
Spain,2025,HUL,48,80.811
Spain,2025,HUL,49,80.805
Spain,2025,HUL,50,80.699
Spain,2025,HUL,51,79.794
Spain,2025,HUL,52,79.936
Spain,2025,HUL,53,79.987
Spain,2025,HUL,61,81.133
Spain,2025,HUL,62,79.023
Monaco,2025,RUS,24,76.9
Monaco,2025,RUS,25,76.935
Monaco,2025,RUS,26,79.216
Monaco,2025,RUS,27,79.491
Monaco,2025,RUS,28,79.453
Monaco,2025,RUS,29,79.673
Monaco,2025,RUS,30,79.247
Monaco,2025,RUS,31,80.514
Monaco,2025,RUS,32,78.068
Monaco,2025,RUS,33,79.384
Monaco,2025,RUS,34,81.135
Monaco,2025,RUS,35,78.936
Monaco,2025,RUS,36,79.219
Monaco,2025,RUS,38,79.952
Monaco,2025,RUS,39,78.468
Monaco,2025,RUS,40,78.865
Monaco,2025,RUS,41,78.936
Monaco,2025,RUS,42,77.272
Monaco,2025,RUS,43,77.617
Monaco,2025,RUS,44,78.494
Monaco,2025,RUS,45,79.072
Monaco,2025,RUS,46,79.192
Monaco,2025,RUS,47,79.289
Monaco,2025,RUS,48,79.959
Monaco,2025,RUS,49,77.477
Monaco,2025,RUS,50,77.379
Monaco,2025,RUS,51,75.966
Monaco,2025,RUS,52,76.095
Monaco,2025,RUS,55,76.023
Monaco,2025,RUS,56,76.455
Monaco,2025,RUS,57,78.479
Monaco,2025,RUS,58,76.715
Monaco,2025,RUS,59,76.037
Monaco,2025,RUS,60,76.082
Monaco,2025,RUS,61,76.207
Monaco,2025,RUS,64,75.998
Monaco,2025,RUS,65,73.864
Monaco,2025,RUS,66,74.28
Monaco,2025,RUS,67,73.918
Monaco,2025,RUS,70,73.483
Monaco,2025,RUS,71,74.303
Monaco,2025,RUS,72,74.053
Hungary,2025,LEC,17,82.475
Hungary,2025,LEC,18,82.22
Hungary,2025,LEC,21,82.316
Hungary,2025,LEC,22,81.535
Hungary,2025,LEC,23,80.955
Hungary,2025,LEC,24,80.911
Hungary,2025,LEC,25,81.28
Hungary,2025,LEC,26,81.211
Hungary,2025,LEC,27,81.129
Hungary,2025,LEC,28,80.904
Hungary,2025,LEC,29,81.12
Hungary,2025,LEC,30,81.58
Hungary,2025,LEC,31,81.483
Hungary,2025,LEC,32,81.538
Hungary,2025,LEC,33,81.561
Hungary,2025,LEC,34,81.448
Hungary,2025,LEC,35,81.112
Hungary,2025,LEC,36,81.493
Hungary,2025,LEC,37,81.302
Hungary,2025,LEC,38,81.268
Hungary,2025,LEC,39,81.684
Hungary,2025,LEC,42,81.629
Hungary,2025,LEC,43,80.688
Hungary,2025,LEC,44,80.548
Hungary,2025,LEC,45,80.64
Hungary,2025,LEC,46,81.097
Hungary,2025,LEC,47,80.56
Hungary,2025,LEC,48,80.44
Hungary,2025,LEC,49,80.824
Hungary,2025,LEC,50,80.945
Hungary,2025,LEC,51,81.615
Hungary,2025,LEC,52,82.108
Hungary,2025,LEC,53,81.231
Hungary,2025,LEC,54,80.86
Hungary,2025,LEC,55,80.794
Hungary,2025,LEC,56,81.167
Hungary,2025,LEC,57,81.325
Hungary,2025,LEC,58,81.875
Hungary,2025,LEC,59,81.402
Hungary,2025,LEC,60,81.33
Hungary,2025,LEC,61,81.722
Hungary,2025,LEC,62,81.718
Hungary,2025,LEC,63,83.111
Hungary,2025,LEC,64,81.686
Hungary,2025,LEC,65,82.113
Hungary,2025,LEC,66,81.916
Spain,2025,BEA,19,82.312
Spain,2025,BEA,20,82.41
Spain,2025,BEA,21,83.758
Spain,2025,BEA,22,82.287
Spain,2025,BEA,23,82.339
Spain,2025,BEA,24,82.529
Spain,2025,BEA,25,82.515
Spain,2025,BEA,26,81.911
Spain,2025,BEA,27,82.059
Spain,2025,BEA,28,81.802
Spain,2025,BEA,29,81.671
Spain,2025,BEA,30,81.576
Spain,2025,BEA,31,81.748
Spain,2025,BEA,32,83.13
Spain,2025,BEA,33,81.87
Spain,2025,BEA,34,81.86
Spain,2025,BEA,37,81.902
Spain,2025,BEA,38,82.683
Spain,2025,BEA,39,80.856
Spain,2025,BEA,40,80.508
Spain,2025,BEA,41,80.849
Spain,2025,BEA,42,80.615
Spain,2025,BEA,43,80.455
Spain,2025,BEA,44,80.747
Spain,2025,BEA,45,80.529
Spain,2025,BEA,46,80.579
Spain,2025,BEA,47,80.236
Spain,2025,BEA,48,80.017
Spain,2025,BEA,49,80.963
Spain,2025,BEA,50,80.718
Spain,2025,BEA,51,81.975
Spain,2025,BEA,52,82.963
Spain,2025,BEA,53,82.704
Spain,2025,BEA,61,80.958
Spain,2025,BEA,62,81.477
Italy,2024,LEC,19,83.875
Italy,2024,LEC,20,84.203
Italy,2024,LEC,21,83.826
Italy,2024,LEC,22,83.88
Italy,2024,LEC,23,83.768
Italy,2024,LEC,24,83.864
Italy,2024,LEC,25,83.64
Italy,2024,LEC,26,83.59
Italy,2024,LEC,27,83.321
Italy,2024,LEC,28,83.534
Italy,2024,LEC,29,83.284
Italy,2024,LEC,30,83.229
Italy,2024,LEC,31,83.359
Italy,2024,LEC,32,83.972
Italy,2024,LEC,33,83.274
Italy,2024,LEC,34,83.226
Italy,2024,LEC,35,83.43
Italy,2024,LEC,36,83.681
Italy,2024,LEC,37,83.714
Italy,2024,LEC,38,83.55
Italy,2024,LEC,39,83.624
Italy,2024,LEC,40,83.718
Italy,2024,LEC,41,83.69
Italy,2024,LEC,42,83.611
Italy,2024,LEC,43,83.67
Italy,2024,LEC,44,83.867
Italy,2024,LEC,45,83.43
Italy,2024,LEC,46,83.731
Italy,2024,LEC,47,83.597
Italy,2024,LEC,48,83.676
Italy,2024,LEC,49,83.518
Bahrain,2025,TSU,19,98.535
Bahrain,2025,TSU,20,98.914
Bahrain,2025,TSU,21,98.351
Bahrain,2025,TSU,22,98.68
Bahrain,2025,TSU,23,98.713
Bahrain,2025,TSU,24,98.888
Bahrain,2025,TSU,25,99.031
Bahrain,2025,TSU,26,99.067
Bahrain,2025,TSU,27,99.367
Bahrain,2025,TSU,28,99.528
Bahrain,2025,TSU,29,99.387
Bahrain,2025,TSU,30,98.71
Bahrain,2025,TSU,31,100.754
Bahrain,2025,TSU,36,100.477
Bahrain,2025,TSU,37,98.242
Bahrain,2025,TSU,38,97.64
Bahrain,2025,TSU,39,98.329
Bahrain,2025,TSU,40,97.814
Bahrain,2025,TSU,41,97.303
Bahrain,2025,TSU,42,97.495
Bahrain,2025,TSU,43,97.607
Bahrain,2025,TSU,44,97.727
Bahrain,2025,TSU,45,97.838
Bahrain,2025,TSU,46,97.225
Bahrain,2025,TSU,47,97.736
Bahrain,2025,TSU,48,97.646
Bahrain,2025,TSU,49,97.714
Bahrain,2025,TSU,50,97.831
Bahrain,2025,TSU,51,97.834
Bahrain,2025,TSU,52,98.273
Bahrain,2025,TSU,53,98.497
Saudi Arabia,2025,VER,19,93.81
Saudi Arabia,2025,VER,20,93.914
Saudi Arabia,2025,VER,23,94.038
Saudi Arabia,2025,VER,24,94.112
Saudi Arabia,2025,VER,25,93.419
Saudi Arabia,2025,VER,26,93.067
Saudi Arabia,2025,VER,27,93.02
Saudi Arabia,2025,VER,28,92.936
Saudi Arabia,2025,VER,29,92.958
Saudi Arabia,2025,VER,30,93.079
Saudi Arabia,2025,VER,31,92.811
Saudi Arabia,2025,VER,32,92.782
Saudi Arabia,2025,VER,33,92.773
Saudi Arabia,2025,VER,34,92.736
Saudi Arabia,2025,VER,35,92.696
Saudi Arabia,2025,VER,36,92.743
Saudi Arabia,2025,VER,37,92.691
Saudi Arabia,2025,VER,38,92.91
Saudi Arabia,2025,VER,39,92.71
Saudi Arabia,2025,VER,40,92.681
Saudi Arabia,2025,VER,41,92.56
Saudi Arabia,2025,VER,42,92.568
Saudi Arabia,2025,VER,43,92.5
Saudi Arabia,2025,VER,44,93.182
Saudi Arabia,2025,VER,45,92.512
Saudi Arabia,2025,VER,46,92.466
Emilia Romagna,2025,ALB,17,81.788
Emilia Romagna,2025,ALB,18,81.798
Emilia Romagna,2025,ALB,19,81.82
Emilia Romagna,2025,ALB,20,81.779
Emilia Romagna,2025,ALB,21,81.975
Emilia Romagna,2025,ALB,22,82.002
Emilia Romagna,2025,ALB,23,81.812
Emilia Romagna,2025,ALB,24,81.801
Emilia Romagna,2025,ALB,25,81.84
Emilia Romagna,2025,ALB,26,82.239
Emilia Romagna,2025,ALB,27,82.456
Emilia Romagna,2025,ALB,28,82.058
Emilia Romagna,2025,ALB,32,82.457
Emilia Romagna,2025,ALB,33,80.384
Emilia Romagna,2025,ALB,34,80.686
Emilia Romagna,2025,ALB,35,80.824
Emilia Romagna,2025,ALB,36,80.722
Emilia Romagna,2025,ALB,37,80.692
Emilia Romagna,2025,ALB,38,80.695
Emilia Romagna,2025,ALB,39,80.694
Emilia Romagna,2025,ALB,40,80.518
Emilia Romagna,2025,ALB,41,81.525
Emilia Romagna,2025,ALB,42,80.744
Emilia Romagna,2025,ALB,43,80.544
Emilia Romagna,2025,ALB,44,80.388
Emilia Romagna,2025,ALB,54,80.416
Emilia Romagna,2025,ALB,55,80.657
Emilia Romagna,2025,ALB,56,79.649
Emilia Romagna,2025,ALB,57,78.872
Emilia Romagna,2025,ALB,58,79.019
Emilia Romagna,2025,ALB,59,80.287
Las Vegas,2025,NOR,21,95.68
Las Vegas,2025,NOR,24,96.32
Las Vegas,2025,NOR,25,95.86
Las Vegas,2025,NOR,26,95.733
Las Vegas,2025,NOR,27,95.603
Las Vegas,2025,NOR,28,95.624
Las Vegas,2025,NOR,29,95.375
Las Vegas,2025,NOR,30,94.948
Las Vegas,2025,NOR,31,95.074
Las Vegas,2025,NOR,32,94.693
Las Vegas,2025,NOR,33,94.442
Las Vegas,2025,NOR,34,94.845
Las Vegas,2025,NOR,35,94.834
Las Vegas,2025,NOR,36,94.437
Las Vegas,2025,NOR,37,94.98
Las Vegas,2025,NOR,38,94.216
Las Vegas,2025,NOR,39,94.209
Las Vegas,2025,NOR,40,94.348
Las Vegas,2025,NOR,41,94.399
Las Vegas,2025,NOR,42,93.965
Las Vegas,2025,NOR,43,94.081
Las Vegas,2025,NOR,44,94.271
Las Vegas,2025,NOR,45,94.435
Las Vegas,2025,NOR,46,94.179
Canada,2025,RUS,19,75.914
Canada,2025,RUS,20,75.89
Canada,2025,RUS,21,75.872
Canada,2025,RUS,22,76.013
Canada,2025,RUS,23,76.089
Canada,2025,RUS,24,75.993
Canada,2025,RUS,25,75.735
Canada,2025,RUS,26,75.563
Canada,2025,RUS,27,75.299
Canada,2025,RUS,28,76.043
Canada,2025,RUS,29,75.759
Canada,2025,RUS,30,75.986
Canada,2025,RUS,31,75.648
Canada,2025,RUS,32,75.564
Canada,2025,RUS,33,75.422
Canada,2025,RUS,34,75.588
Canada,2025,RUS,35,75.551
Canada,2025,RUS,36,75.578
Canada,2025,RUS,37,75.573
Canada,2025,RUS,38,75.536
Canada,2025,RUS,39,75.57
Canada,2025,RUS,40,75.766
Canada,2025,RUS,41,75.701
Canada,2025,RUS,44,75.477
Canada,2025,RUS,45,75.283
Canada,2025,RUS,46,75.295
Canada,2025,RUS,47,75.32
Canada,2025,RUS,50,75.337
Canada,2025,RUS,51,75.203
Canada,2025,RUS,52,75.374
Canada,2025,RUS,53,75.257
Canada,2025,RUS,54,75.221
Canada,2025,RUS,55,74.869
Canada,2025,RUS,56,74.849
Canada,2025,RUS,57,74.896
Canada,2025,RUS,58,75.102
Canada,2025,RUS,59,74.525
Canada,2025,RUS,60,74.466
Canada,2025,RUS,61,74.49
Canada,2025,RUS,62,74.357
Canada,2025,COL,19,77.359
Canada,2025,COL,20,77.159
Canada,2025,COL,21,77.504
Canada,2025,COL,22,77.444
Canada,2025,COL,23,77.75
Canada,2025,COL,24,77.622
Canada,2025,COL,25,77.52
Canada,2025,COL,26,77.108
Canada,2025,COL,27,77.397
Canada,2025,COL,28,77.317
Canada,2025,COL,29,77.179
Canada,2025,COL,30,77.214
Canada,2025,COL,31,76.97
Canada,2025,COL,32,76.762
Canada,2025,COL,33,77.577
Canada,2025,COL,34,77.666
Canada,2025,COL,35,77.45
Canada,2025,COL,36,77.548
Canada,2025,COL,37,77.077
Canada,2025,COL,38,77.138
Canada,2025,COL,39,78.0
Canada,2025,COL,40,76.225
Canada,2025,COL,41,77.134
Canada,2025,COL,42,77.67
Canada,2025,COL,43,77.146
Canada,2025,COL,44,77.985
Canada,2025,COL,45,77.026
Canada,2025,COL,46,77.045
Canada,2025,COL,47,76.779
Canada,2025,COL,49,76.831
Canada,2025,COL,50,77.52
Canada,2025,COL,51,76.919
Canada,2025,COL,52,76.484
Canada,2025,COL,53,76.366
Canada,2025,COL,54,76.076
Canada,2025,COL,55,76.269
Canada,2025,COL,56,76.84
Canada,2025,COL,57,78.526
Canada,2025,COL,58,79.271
Canada,2025,COL,59,77.998
Canada,2025,COL,60,78.745
Australia,2024,LEC,21,81.885
Australia,2024,LEC,22,82.058
Australia,2024,LEC,23,81.722
Australia,2024,LEC,24,81.932
Australia,2024,LEC,25,81.852
Australia,2024,LEC,26,81.951
Australia,2024,LEC,27,82.042
Australia,2024,LEC,28,81.822
Australia,2024,LEC,29,81.969
Australia,2024,LEC,30,82.433
Australia,2024,LEC,31,82.284
Australia,2024,LEC,32,81.996
Australia,2024,LEC,33,81.841
Australia,2024,LEC,36,82.022
Australia,2024,LEC,37,81.942
Australia,2024,LEC,38,80.688
Australia,2024,LEC,39,80.949
Australia,2024,LEC,40,80.909
Australia,2024,LEC,41,80.953
Australia,2024,LEC,42,80.675
Australia,2024,LEC,43,80.849
Australia,2024,LEC,44,80.853
Australia,2024,LEC,45,80.56
Australia,2024,LEC,46,80.408
Australia,2024,LEC,47,80.76
Australia,2024,LEC,48,79.999
Australia,2024,LEC,49,80.349
Australia,2024,LEC,50,80.144
Australia,2024,LEC,51,79.925
Australia,2024,LEC,52,80.215
São Paulo,2024,RUS,19,84.423
São Paulo,2024,RUS,20,84.338
São Paulo,2024,RUS,21,83.751
São Paulo,2024,RUS,22,83.517
São Paulo,2024,RUS,23,83.883
São Paulo,2024,RUS,24,84.127
São Paulo,2024,RUS,25,84.407
São Paulo,2024,RUS,34,84.47
São Paulo,2024,RUS,35,95.067
São Paulo,2024,RUS,37,88.677
São Paulo,2024,RUS,45,85.886
São Paulo,2024,RUS,46,84.451
São Paulo,2024,RUS,47,84.385
São Paulo,2024,RUS,48,82.843
São Paulo,2024,RUS,49,82.744
São Paulo,2024,RUS,50,82.552
São Paulo,2024,RUS,52,82.698
São Paulo,2024,RUS,53,82.953
São Paulo,2024,RUS,54,82.427
São Paulo,2024,RUS,55,82.777
São Paulo,2024,RUS,56,82.527
São Paulo,2024,RUS,57,82.496
São Paulo,2024,RUS,58,82.815
São Paulo,2024,RUS,59,82.43
São Paulo,2024,RUS,60,82.163
São Paulo,2024,RUS,61,82.057
São Paulo,2024,RUS,62,82.161
São Paulo,2024,RUS,63,82.139
São Paulo,2024,RUS,64,81.908
São Paulo,2024,RUS,65,81.78
Singapore,2025,LAW,18,98.696
Singapore,2025,LAW,19,98.548
Singapore,2025,LAW,20,98.38
Singapore,2025,LAW,21,98.5
Singapore,2025,LAW,22,98.554
Singapore,2025,LAW,23,98.842
Singapore,2025,LAW,24,98.724
Singapore,2025,LAW,25,98.386
Singapore,2025,LAW,26,99.052
Singapore,2025,LAW,27,98.362
Singapore,2025,LAW,28,98.546
Singapore,2025,LAW,29,98.103
Singapore,2025,LAW,30,98.48
Singapore,2025,LAW,31,98.341
Singapore,2025,LAW,32,98.312
Singapore,2025,LAW,33,98.337
Singapore,2025,LAW,34,98.26
Singapore,2025,LAW,35,98.362
Singapore,2025,LAW,36,98.486
Singapore,2025,LAW,37,98.678
Singapore,2025,LAW,38,98.795
Singapore,2025,LAW,39,99.014
Singapore,2025,LAW,40,98.83
Singapore,2025,LAW,41,99.313
Singapore,2025,LAW,42,99.005
Singapore,2025,LAW,43,98.818
Singapore,2025,LAW,45,99.18
Singapore,2025,LAW,46,99.003
Singapore,2025,LAW,47,99.352
Singapore,2025,LAW,50,100.79
Singapore,2025,LAW,51,101.289
Singapore,2025,LAW,52,98.14
Singapore,2025,LAW,53,97.829
Singapore,2025,LAW,54,95.96
Singapore,2025,LAW,55,97.325
Singapore,2025,LAW,56,96.199
Singapore,2025,LAW,57,96.874
Belgium,2025,STR,22,109.092
Belgium,2025,STR,23,108.093
Belgium,2025,STR,24,108.235
Belgium,2025,STR,25,108.003
Belgium,2025,STR,26,107.878
Belgium,2025,STR,27,107.85
Belgium,2025,STR,28,107.877
Belgium,2025,STR,29,108.346
Belgium,2025,STR,30,108.004
Belgium,2025,STR,31,107.629
Belgium,2025,STR,32,108.149
Belgium,2025,STR,33,107.59
Belgium,2025,STR,34,107.495
Belgium,2025,STR,35,107.462
Belgium,2025,STR,36,107.406
Belgium,2025,STR,37,107.471
Belgium,2025,STR,38,107.45
Belgium,2025,STR,39,107.212
Belgium,2025,STR,40,107.874
Spain,2024,PER,19,80.162
Spain,2024,PER,20,80.559
Spain,2024,PER,21,80.661
Spain,2024,PER,22,81.033
Spain,2024,PER,23,81.205
Spain,2024,PER,24,81.082
Spain,2024,PER,25,80.609
Spain,2024,PER,26,80.593
Spain,2024,PER,27,80.821
Spain,2024,PER,28,80.918
Spain,2024,PER,29,82.179
Spain,2024,PER,30,81.234
Spain,2024,PER,33,81.403
Spain,2024,PER,34,78.652
Spain,2024,PER,35,79.548
Spain,2024,PER,36,79.316
Spain,2024,PER,37,78.936
Spain,2024,PER,38,79.059
Spain,2024,PER,39,79.488
Spain,2024,PER,40,78.99
Spain,2024,PER,41,79.367
Spain,2024,PER,42,79.387
Spain,2024,PER,43,79.072
Spain,2024,PER,44,79.48
Spain,2024,PER,45,79.617
Spain,2024,PER,46,79.469
Spain,2024,PER,47,79.406
Spain,2024,PER,48,79.846
Spain,2024,PER,51,79.811
Spain,2024,PER,52,77.785
Spain,2024,PER,53,78.373
Spain,2024,PER,54,78.29
Spain,2024,PER,55,78.43
Spain,2024,PER,56,78.54
Spain,2024,PER,57,78.572
Spain,2024,PER,58,78.935
Spain,2024,PER,59,79.305
Spain,2024,PER,60,79.193
Spain,2024,PER,61,79.017
Spain,2024,PER,62,78.772
Hungary,2025,COL,19,81.932
Hungary,2025,COL,20,82.033
Hungary,2025,COL,21,81.885
Hungary,2025,COL,22,81.903
Hungary,2025,COL,23,82.09
Hungary,2025,COL,24,82.161
Hungary,2025,COL,25,82.581
Hungary,2025,COL,26,82.408
Hungary,2025,COL,27,82.313
Hungary,2025,COL,28,82.421
Hungary,2025,COL,29,82.445
Hungary,2025,COL,30,82.726
Hungary,2025,COL,31,83.603
Hungary,2025,COL,32,83.915
Hungary,2025,COL,33,83.301
Hungary,2025,COL,34,83.551
Hungary,2025,COL,37,83.455
Hungary,2025,COL,38,80.827
Hungary,2025,COL,39,85.576
Hungary,2025,COL,40,82.096
Hungary,2025,COL,41,84.057
Hungary,2025,COL,42,81.372
Hungary,2025,COL,43,81.894
Hungary,2025,COL,44,81.452
Hungary,2025,COL,45,81.57
Hungary,2025,COL,46,83.638
Hungary,2025,COL,47,81.256
Hungary,2025,COL,48,83.69
Hungary,2025,COL,49,81.437
Hungary,2025,COL,50,81.688
Hungary,2025,COL,51,84.46
Hungary,2025,COL,52,81.419
Hungary,2025,COL,53,81.929
Hungary,2025,COL,54,81.608
Hungary,2025,COL,55,81.62
Hungary,2025,COL,56,81.553
Hungary,2025,COL,57,81.691
Hungary,2025,COL,58,81.727
Hungary,2025,COL,59,81.692
Hungary,2025,COL,60,81.462
Hungary,2025,COL,61,81.578
Hungary,2025,COL,62,81.614
Hungary,2025,COL,63,81.506
Hungary,2025,COL,64,81.799
Hungary,2025,COL,65,82.185
Japan,2024,NOR,21,96.847
Japan,2024,NOR,22,96.996
Japan,2024,NOR,23,98.888
Japan,2024,NOR,24,98.213
Japan,2024,NOR,25,97.722
Japan,2024,NOR,28,97.558
Japan,2024,NOR,29,95.721
Japan,2024,NOR,30,96.258
Japan,2024,NOR,31,96.243
Japan,2024,NOR,32,96.225
Japan,2024,NOR,33,96.375
Japan,2024,NOR,34,96.34
Japan,2024,NOR,35,96.262
Japan,2024,NOR,36,96.614
Japan,2024,NOR,37,95.896
Japan,2024,NOR,38,96.412
Japan,2024,NOR,39,95.883
Japan,2024,NOR,40,95.706
Japan,2024,NOR,41,96.249
Japan,2024,NOR,43,95.229
Japan,2024,NOR,44,95.92
Japan,2024,NOR,45,96.391
Japan,2024,NOR,46,96.224
Japan,2024,NOR,47,95.635
Japan,2024,NOR,48,95.633
Japan,2024,NOR,49,95.677
Belgium,2025,OCO,22,108.314
Belgium,2025,OCO,23,108.378
Belgium,2025,OCO,24,108.11
Belgium,2025,OCO,25,108.346
Belgium,2025,OCO,26,107.958
Belgium,2025,OCO,27,107.679
Belgium,2025,OCO,28,107.945
Belgium,2025,OCO,29,107.751
Belgium,2025,OCO,30,107.698
Belgium,2025,OCO,31,107.523
Belgium,2025,OCO,32,107.607
Belgium,2025,OCO,33,107.513
Belgium,2025,OCO,34,106.822
Belgium,2025,OCO,35,108.466
Belgium,2025,OCO,36,107.938
Belgium,2025,OCO,37,107.349
Belgium,2025,OCO,38,107.14
Belgium,2025,OCO,39,107.158
Belgium,2025,OCO,40,107.233
Spain,2024,STR,19,81.955
Spain,2024,STR,20,80.615
Spain,2024,STR,21,80.783
Spain,2024,STR,22,81.212
Spain,2024,STR,23,81.328
Spain,2024,STR,24,81.366
Spain,2024,STR,25,81.568
Spain,2024,STR,26,81.131
Spain,2024,STR,27,81.092
Spain,2024,STR,28,81.3
Spain,2024,STR,29,81.244
Spain,2024,STR,30,81.101
Spain,2024,STR,31,81.454
Spain,2024,STR,32,81.481
Spain,2024,STR,33,81.275
Spain,2024,STR,34,80.972
Spain,2024,STR,35,81.339
Spain,2024,STR,36,82.413
Spain,2024,STR,39,81.262
Spain,2024,STR,40,80.421
Spain,2024,STR,41,80.289
Spain,2024,STR,42,80.921
Spain,2024,STR,43,80.926
Spain,2024,STR,44,81.539
Spain,2024,STR,45,81.548
Spain,2024,STR,46,80.288
Spain,2024,STR,47,80.301
Spain,2024,STR,48,79.704
Spain,2024,STR,49,79.749
Spain,2024,STR,50,79.341
Spain,2024,STR,51,79.318
Spain,2024,STR,52,79.739
Spain,2024,STR,53,81.436
Spain,2024,STR,54,79.832
Spain,2024,STR,55,79.488
Spain,2024,STR,56,80.854
Spain,2024,STR,57,79.643
Spain,2024,STR,58,79.541
Spain,2024,STR,59,79.595
Spain,2024,STR,60,79.773
Spain,2024,STR,61,79.627
Miami,2025,HAM,42,91.289
Miami,2025,HAM,43,91.209
Miami,2025,HAM,44,91.522
Miami,2025,HAM,45,91.274
Miami,2025,HAM,46,91.046
Miami,2025,HAM,47,91.01
Miami,2025,HAM,48,91.473
Miami,2025,HAM,49,90.891
Miami,2025,HAM,50,90.886
Miami,2025,HAM,51,90.673
Miami,2025,HAM,52,90.756
Miami,2025,HAM,53,92.162
Miami,2024,BOT,19,94.056
Miami,2024,BOT,20,93.757
Miami,2024,BOT,21,94.152
Miami,2024,BOT,24,94.199
Miami,2024,BOT,25,93.747
Miami,2024,BOT,26,93.4
Miami,2024,BOT,27,93.786
Miami,2024,BOT,33,93.561
Miami,2024,BOT,34,93.009
Miami,2024,BOT,35,93.392
Miami,2024,BOT,36,92.922
Miami,2024,BOT,37,93.229
Miami,2024,BOT,38,92.95
Miami,2024,BOT,39,93.007
Miami,2024,BOT,40,93.012
Miami,2024,BOT,41,93.527
Miami,2024,BOT,42,93.044
Miami,2024,BOT,43,92.858
Miami,2024,BOT,44,92.748
Miami,2024,BOT,45,92.947
Miami,2024,BOT,46,93.026
Miami,2024,BOT,47,92.908
Miami,2024,BOT,48,92.888
Miami,2024,BOT,49,93.421
Miami,2024,BOT,50,93.186
Miami,2024,BOT,51,92.46
Miami,2024,BOT,52,92.666
Miami,2024,BOT,53,92.605
Abu Dhabi,2024,PIA,21,90.191
Abu Dhabi,2024,PIA,22,90.277
Abu Dhabi,2024,PIA,23,90.173
Abu Dhabi,2024,PIA,24,89.661
Abu Dhabi,2024,PIA,25,89.79
Abu Dhabi,2024,PIA,26,89.894
Abu Dhabi,2024,PIA,27,89.669
Abu Dhabi,2024,PIA,28,89.631
Abu Dhabi,2024,PIA,29,90.036
Abu Dhabi,2024,PIA,31,89.735
Abu Dhabi,2024,PIA,34,90.169
Abu Dhabi,2024,PIA,35,88.576
Abu Dhabi,2024,PIA,36,88.193
Abu Dhabi,2024,PIA,37,87.931
Abu Dhabi,2024,PIA,38,88.469
Abu Dhabi,2024,PIA,39,88.238
Abu Dhabi,2024,PIA,40,88.206
Abu Dhabi,2024,PIA,41,88.325
Abu Dhabi,2024,PIA,42,88.112
Abu Dhabi,2024,PIA,43,88.067
Abu Dhabi,2024,PIA,44,88.052
Abu Dhabi,2024,PIA,45,88.497
Abu Dhabi,2024,PIA,46,90.015
Abu Dhabi,2024,PIA,47,89.677
Abu Dhabi,2024,PIA,48,89.671
Abu Dhabi,2024,PIA,49,88.407
Abu Dhabi,2024,PIA,50,87.928
Abu Dhabi,2024,PIA,51,87.705
Abu Dhabi,2024,PIA,52,87.69
Abu Dhabi,2024,PIA,53,88.491
Australia,2025,ALB,23,92.053
Australia,2025,ALB,24,91.75
Australia,2025,ALB,25,91.868
Australia,2025,ALB,26,91.014
Australia,2025,ALB,27,91.309
Australia,2025,ALB,28,90.452
Australia,2025,ALB,29,90.332
Australia,2025,ALB,30,90.023
Australia,2025,ALB,31,89.628
Australia,2025,ALB,32,90.053
Australia,2025,ALB,42,90.186
Australia,2025,ALB,43,87.127
Australia,2025,ALB,46,84.597
Australia,2025,ALB,52,92.795
Australia,2025,ALB,53,94.996
United States,2025,STR,20,101.63
United States,2025,STR,21,101.15
United States,2025,STR,22,100.882
United States,2025,STR,23,100.805
United States,2025,STR,24,100.688
United States,2025,STR,25,100.992
United States,2025,STR,26,101.258
United States,2025,STR,27,101.404
United States,2025,STR,30,101.5
United States,2025,STR,31,99.859
United States,2025,STR,32,99.355
United States,2025,STR,33,99.839
United States,2025,STR,35,100.542
United States,2025,STR,36,99.893
United States,2025,STR,37,99.827
United States,2025,STR,38,99.464
United States,2025,STR,39,99.514
United States,2025,STR,40,99.619
United States,2025,STR,41,99.765
United States,2025,STR,42,100.165
United States,2025,STR,43,100.0
United States,2025,STR,44,99.779
United States,2025,STR,45,99.595
United States,2025,STR,46,99.305
United States,2025,STR,47,99.646
United States,2025,STR,48,99.574
United States,2025,STR,49,99.415
United States,2025,STR,50,99.652
United States,2025,STR,51,99.73
United States,2025,STR,52,99.403
São Paulo,2024,PIA,20,84.563
São Paulo,2024,PIA,21,84.278
São Paulo,2024,PIA,22,84.098
São Paulo,2024,PIA,23,84.225
São Paulo,2024,PIA,24,84.774
São Paulo,2024,PIA,25,84.789
São Paulo,2024,PIA,29,84.918
São Paulo,2024,PIA,34,101.078
São Paulo,2024,PIA,35,98.248
São Paulo,2024,PIA,37,89.882
São Paulo,2024,PIA,45,86.052
São Paulo,2024,PIA,46,84.29
São Paulo,2024,PIA,47,86.611
São Paulo,2024,PIA,48,84.618
São Paulo,2024,PIA,49,84.174
São Paulo,2024,PIA,50,83.036
São Paulo,2024,PIA,52,83.473
São Paulo,2024,PIA,53,82.933
São Paulo,2024,PIA,54,82.73
São Paulo,2024,PIA,55,82.908
São Paulo,2024,PIA,56,82.521
São Paulo,2024,PIA,57,82.644
São Paulo,2024,PIA,58,82.524
São Paulo,2024,PIA,59,82.32
São Paulo,2024,PIA,60,82.18
São Paulo,2024,PIA,61,82.106
São Paulo,2024,PIA,62,82.125
São Paulo,2024,PIA,63,82.222
São Paulo,2024,PIA,64,82.216
São Paulo,2024,PIA,65,81.838
Italy,2024,PIA,19,84.028
Italy,2024,PIA,20,84.602
Italy,2024,PIA,21,83.986
Italy,2024,PIA,22,83.903
Italy,2024,PIA,23,83.647
Italy,2024,PIA,24,83.66
Italy,2024,PIA,25,83.315
Italy,2024,PIA,26,83.23
Italy,2024,PIA,27,83.133
Italy,2024,PIA,28,83.088
Italy,2024,PIA,29,83.168
Italy,2024,PIA,30,83.066
Italy,2024,PIA,31,82.968
Italy,2024,PIA,32,83.221
Italy,2024,PIA,33,83.48
Italy,2024,PIA,34,83.148
Italy,2024,PIA,35,83.456
Italy,2024,PIA,36,83.409
Italy,2024,PIA,37,83.746
Italy,2024,PIA,40,83.691
Italy,2024,PIA,41,82.264
Italy,2024,PIA,42,82.066
Italy,2024,PIA,43,82.331
Italy,2024,PIA,44,82.092
Italy,2024,PIA,45,82.628
Italy,2024,PIA,46,83.675
Italy,2024,PIA,47,82.537
Italy,2024,PIA,48,82.253
Italy,2024,PIA,49,82.725
Canada,2024,ALB,18,88.734
Canada,2024,ALB,19,86.754
Canada,2024,ALB,20,85.842
Canada,2024,ALB,21,86.838
Canada,2024,ALB,22,87.129
Canada,2024,ALB,23,86.207
Canada,2024,ALB,30,86.766
Canada,2024,ALB,31,89.23
Canada,2024,ALB,32,90.375
Canada,2024,ALB,33,91.152
Canada,2024,ALB,34,90.349
Canada,2024,ALB,35,89.966
Canada,2024,ALB,36,88.754
Canada,2024,ALB,37,88.014
Canada,2024,ALB,38,87.411
Canada,2024,ALB,39,86.977
Canada,2024,ALB,40,86.457
Canada,2024,ALB,42,85.607
Canada,2024,ALB,43,85.693
Canada,2024,ALB,46,86.284
Great Britain,2025,NOR,19,70.789
Great Britain,2025,NOR,22,71.043
Great Britain,2025,NOR,23,69.921
Great Britain,2025,NOR,24,70.012
Great Britain,2025,NOR,25,69.829
Great Britain,2025,NOR,26,69.645
Great Britain,2025,NOR,27,69.62
Great Britain,2025,NOR,28,69.522
Great Britain,2025,NOR,29,69.528
Great Britain,2025,NOR,30,69.494
Great Britain,2025,NOR,32,69.641
Great Britain,2025,NOR,33,69.546
Great Britain,2025,NOR,34,69.602
Great Britain,2025,NOR,35,69.561
Great Britain,2025,NOR,36,69.377
Great Britain,2025,NOR,37,69.309
Great Britain,2025,NOR,38,69.779
Great Britain,2025,NOR,39,69.723
Great Britain,2025,NOR,40,69.955
Great Britain,2025,NOR,41,70.682
Great Britain,2025,NOR,42,69.899
Great Britain,2025,NOR,43,69.808
Great Britain,2025,NOR,44,69.638
Great Britain,2025,NOR,45,69.641
Great Britain,2025,NOR,46,70.044
Great Britain,2025,NOR,47,69.677
Great Britain,2025,NOR,48,69.97
Great Britain,2025,NOR,49,70.073
Great Britain,2025,NOR,50,70.072
Great Britain,2025,NOR,51,70.221
Great Britain,2025,NOR,54,70.292
Great Britain,2025,NOR,55,68.989
Great Britain,2025,NOR,56,69.357
Great Britain,2025,NOR,57,68.527
Great Britain,2025,NOR,58,68.552
Great Britain,2025,NOR,59,68.326
Great Britain,2025,NOR,60,68.435
Great Britain,2025,NOR,61,68.678
Great Britain,2025,NOR,62,68.272
Great Britain,2025,NOR,63,68.665
Great Britain,2025,NOR,64,68.698
Great Britain,2025,NOR,65,68.655
Great Britain,2025,NOR,66,68.754
Spain,2025,TSU,19,81.991
Spain,2025,TSU,20,82.216
Spain,2025,TSU,21,82.926
Spain,2025,TSU,22,82.496
Spain,2025,TSU,23,82.253
Spain,2025,TSU,26,82.452
Spain,2025,TSU,27,80.192
Spain,2025,TSU,28,80.381
Spain,2025,TSU,29,81.126
Spain,2025,TSU,30,80.38
Spain,2025,TSU,31,80.229
Spain,2025,TSU,32,80.678
Spain,2025,TSU,33,80.806
Spain,2025,TSU,34,80.949
Spain,2025,TSU,35,81.874
Spain,2025,TSU,36,81.452
Spain,2025,TSU,37,81.348
Spain,2025,TSU,38,81.355
Spain,2025,TSU,39,80.98
Spain,2025,TSU,40,81.082
Spain,2025,TSU,41,80.982
Spain,2025,TSU,42,82.859
Spain,2025,TSU,43,82.85
Spain,2025,TSU,46,81.433
Spain,2025,TSU,47,77.998
Spain,2025,TSU,48,80.209
Spain,2025,TSU,49,79.498
Spain,2025,TSU,50,79.133
Spain,2025,TSU,51,79.3
Spain,2025,TSU,52,79.954
Spain,2025,TSU,53,80.098
Spain,2025,TSU,61,79.718
Spain,2025,TSU,62,81.36
Qatar,2024,PIA,21,85.517
Qatar,2024,PIA,22,85.366
Qatar,2024,PIA,23,85.218
Qatar,2024,PIA,24,85.634
Qatar,2024,PIA,25,84.75
Qatar,2024,PIA,26,84.897
Qatar,2024,PIA,27,84.898
Qatar,2024,PIA,28,84.727
Qatar,2024,PIA,31,84.71
Qatar,2024,PIA,32,84.883
Qatar,2024,PIA,33,84.894
Qatar,2024,PIA,43,85.284
Qatar,2024,PIA,44,86.116
Qatar,2024,PIA,45,84.301
Qatar,2024,PIA,46,83.98
Qatar,2024,PIA,47,83.909
Qatar,2024,PIA,48,83.568
Qatar,2024,PIA,49,83.624
Qatar,2024,PIA,50,83.623
Qatar,2024,PIA,51,83.625
Qatar,2024,PIA,52,83.218
Qatar,2024,PIA,53,83.478
United States,2024,SAI,23,99.814
United States,2024,SAI,24,98.731
United States,2024,SAI,25,99.113
United States,2024,SAI,26,99.355
United States,2024,SAI,27,99.342
United States,2024,SAI,28,98.96
United States,2024,SAI,29,99.054
United States,2024,SAI,30,99.203
United States,2024,SAI,31,98.674
United States,2024,SAI,32,99.281
United States,2024,SAI,33,99.025
United States,2024,SAI,34,98.76
United States,2024,SAI,35,98.812
United States,2024,SAI,36,98.62
United States,2024,SAI,37,98.587
United States,2024,SAI,38,98.428
United States,2024,SAI,39,98.189
United States,2024,SAI,40,98.075
United States,2024,SAI,42,98.082
United States,2024,SAI,43,97.763
United States,2024,SAI,44,98.223
United States,2024,SAI,45,98.45
United States,2024,SAI,46,98.28
United States,2024,SAI,47,98.618
United States,2024,SAI,48,98.883
United States,2024,SAI,49,98.13
United States,2024,SAI,50,98.584
United States,2024,SAI,51,98.27
United States,2024,SAI,52,98.501
Singapore,2025,HAM,18,97.497
Singapore,2025,HAM,19,97.671
Singapore,2025,HAM,20,97.595
Singapore,2025,HAM,21,97.771
Singapore,2025,HAM,22,98.039
Singapore,2025,HAM,23,98.26
Singapore,2025,HAM,26,97.884
Singapore,2025,HAM,27,96.807
Singapore,2025,HAM,28,96.46
Singapore,2025,HAM,29,96.132
Singapore,2025,HAM,30,96.133
Singapore,2025,HAM,31,96.211
Singapore,2025,HAM,32,96.248
Singapore,2025,HAM,33,96.049
Singapore,2025,HAM,34,96.367
Singapore,2025,HAM,35,96.149
Singapore,2025,HAM,36,96.159
Singapore,2025,HAM,37,96.086
Singapore,2025,HAM,38,96.448
Singapore,2025,HAM,39,96.382
Singapore,2025,HAM,40,96.463
Singapore,2025,HAM,41,96.429
Singapore,2025,HAM,42,96.07
Singapore,2025,HAM,43,96.268
Singapore,2025,HAM,44,96.01
Singapore,2025,HAM,48,95.887
Singapore,2025,HAM,49,93.808
Singapore,2025,HAM,50,94.312
Singapore,2025,HAM,51,94.361
Singapore,2025,HAM,52,94.659
Singapore,2025,HAM,53,94.805
Singapore,2025,HAM,54,95.319
Singapore,2025,HAM,55,94.887
Singapore,2025,HAM,56,96.06
Singapore,2025,HAM,57,96.194
Singapore,2025,HAM,58,95.241
Great Britain,2024,PIA,17,71.484
Great Britain,2024,PIA,18,71.535
Great Britain,2024,PIA,19,71.577
Great Britain,2024,PIA,20,71.753
Great Britain,2024,PIA,21,71.741
Great Britain,2024,PIA,22,71.86
Great Britain,2024,PIA,23,71.366
Great Britain,2024,PIA,24,71.224
Great Britain,2024,PIA,27,71.335
Great Britain,2024,PIA,28,70.295
Great Britain,2024,PIA,29,70.276
Great Britain,2024,PIA,30,69.985
Great Britain,2024,PIA,31,70.423
Great Britain,2024,PIA,32,69.994
Great Britain,2024,PIA,33,69.767
Great Britain,2024,PIA,34,69.516
Great Britain,2024,PIA,35,69.779
Great Britain,2024,PIA,36,70.238
Great Britain,2024,PIA,37,70.298
Great Britain,2024,PIA,38,70.176
Great Britain,2024,PIA,39,70.401
Great Britain,2024,PIA,40,70.57
Great Britain,2024,PIA,41,70.649
Great Britain,2024,PIA,42,70.729
Great Britain,2024,PIA,43,71.252
Great Britain,2024,PIA,44,70.772
Great Britain,2024,PIA,45,71.217
Great Britain,2024,PIA,46,70.617
Great Britain,2024,PIA,47,70.562
Great Britain,2024,PIA,48,71.024
Great Britain,2024,PIA,49,70.578
Great Britain,2024,PIA,50,70.661
Great Britain,2024,PIA,53,70.517
Great Britain,2024,PIA,54,69.088
Great Britain,2024,PIA,55,69.014
Great Britain,2024,PIA,56,68.837
Great Britain,2024,PIA,57,68.697
Great Britain,2024,PIA,58,69.048
Great Britain,2024,PIA,59,69.441
Great Britain,2024,PIA,60,69.627
Great Britain,2024,PIA,61,69.616
Great Britain,2024,PIA,62,69.487
Great Britain,2024,PIA,63,69.634
Great Britain,2024,PIA,65,69.986
Great Britain,2024,PIA,67,70.14
Singapore,2025,SAI,18,98.607
Singapore,2025,SAI,19,98.331
Singapore,2025,SAI,20,98.65
Singapore,2025,SAI,21,98.309
Singapore,2025,SAI,22,98.23
Singapore,2025,SAI,23,98.599
Singapore,2025,SAI,24,98.439
Singapore,2025,SAI,25,98.347
Singapore,2025,SAI,26,98.052
Singapore,2025,SAI,27,98.401
Singapore,2025,SAI,28,98.303
Singapore,2025,SAI,29,98.477
Singapore,2025,SAI,30,98.359
Singapore,2025,SAI,31,98.229
Singapore,2025,SAI,32,97.797
Singapore,2025,SAI,33,98.329
Singapore,2025,SAI,34,99.058
Singapore,2025,SAI,35,99.058
Singapore,2025,SAI,36,99.474
Singapore,2025,SAI,37,98.69
Singapore,2025,SAI,38,99.7
Singapore,2025,SAI,39,99.483
Singapore,2025,SAI,40,97.806
Singapore,2025,SAI,41,97.94
Singapore,2025,SAI,42,97.884
Singapore,2025,SAI,43,97.97
Singapore,2025,SAI,45,98.539
Singapore,2025,SAI,46,98.438
Singapore,2025,SAI,47,99.139
Singapore,2025,SAI,48,100.721
Singapore,2025,SAI,49,100.539
Singapore,2025,SAI,52,98.501
Singapore,2025,SAI,53,96.172
Singapore,2025,SAI,54,95.688
Singapore,2025,SAI,55,95.072
Singapore,2025,SAI,56,95.207
Singapore,2025,SAI,57,95.375
Qatar,2025,LAW,21,87.374
Qatar,2025,LAW,22,87.355
Qatar,2025,LAW,23,87.47
Qatar,2025,LAW,24,87.61
Qatar,2025,LAW,25,87.312
Qatar,2025,LAW,26,87.297
Qatar,2025,LAW,27,87.208
Qatar,2025,LAW,28,87.592
Qatar,2025,LAW,29,87.477
Qatar,2025,LAW,30,87.602
Qatar,2025,LAW,31,87.007
Qatar,2025,LAW,34,86.816
Qatar,2025,LAW,35,85.593
Qatar,2025,LAW,36,85.509
Qatar,2025,LAW,37,86.364
Qatar,2025,LAW,38,85.996
Qatar,2025,LAW,39,85.624
Qatar,2025,LAW,40,85.618
Qatar,2025,LAW,41,85.509
Qatar,2025,LAW,42,85.653
Qatar,2025,LAW,43,85.631
Qatar,2025,LAW,44,85.468
Qatar,2025,LAW,45,85.377
Qatar,2025,LAW,46,85.538
Qatar,2025,LAW,47,85.304
Qatar,2025,LAW,48,85.463
Qatar,2025,LAW,49,85.305
Qatar,2025,LAW,50,85.396
Qatar,2025,LAW,51,84.149
Qatar,2025,LAW,52,84.301
Qatar,2025,LAW,53,84.128
China,2024,SAR,19,102.301
China,2024,SAR,32,102.59
China,2024,SAR,33,102.185
China,2024,SAR,34,102.482
China,2024,SAR,35,101.233
China,2024,SAR,36,101.096
China,2024,SAR,37,101.518
China,2024,SAR,38,102.43
China,2024,SAR,39,102.347
China,2024,SAR,40,102.346
China,2024,SAR,41,102.428
China,2024,SAR,42,101.943
China,2024,SAR,43,101.894
China,2024,SAR,44,103.096
China,2024,SAR,45,102.394
China,2024,SAR,46,101.914
China,2024,SAR,47,102.396
China,2024,SAR,48,101.914
China,2024,SAR,49,102.767
China,2024,SAR,50,102.743
China,2024,SAR,51,102.645
China,2024,SAR,52,102.32
Hungary,2025,ANT,17,83.162
Hungary,2025,ANT,18,83.614
Hungary,2025,ANT,19,83.654
Hungary,2025,ANT,20,83.677
Hungary,2025,ANT,23,83.622
Hungary,2025,ANT,24,81.149
Hungary,2025,ANT,25,81.944
Hungary,2025,ANT,26,81.953
Hungary,2025,ANT,27,82.122
Hungary,2025,ANT,28,82.033
Hungary,2025,ANT,29,82.478
Hungary,2025,ANT,30,82.584
Hungary,2025,ANT,31,83.531
Hungary,2025,ANT,32,83.99
Hungary,2025,ANT,33,83.322
Hungary,2025,ANT,34,83.484
Hungary,2025,ANT,35,83.486
Hungary,2025,ANT,36,83.226
Hungary,2025,ANT,37,81.98
Hungary,2025,ANT,38,83.306
Hungary,2025,ANT,39,83.105
Hungary,2025,ANT,40,82.415
Hungary,2025,ANT,41,82.319
Hungary,2025,ANT,42,82.214
Hungary,2025,ANT,43,81.722
Hungary,2025,ANT,44,82.589
Hungary,2025,ANT,45,82.327
Hungary,2025,ANT,46,81.48
Hungary,2025,ANT,47,81.077
Hungary,2025,ANT,48,81.04
Hungary,2025,ANT,49,80.976
Hungary,2025,ANT,50,83.384
Hungary,2025,ANT,51,81.28
Hungary,2025,ANT,52,80.817
Hungary,2025,ANT,53,80.87
Hungary,2025,ANT,54,80.761
Hungary,2025,ANT,55,80.745
Hungary,2025,ANT,56,81.234
Hungary,2025,ANT,57,81.025
Hungary,2025,ANT,58,81.164
Hungary,2025,ANT,59,81.037
Hungary,2025,ANT,60,81.167
Hungary,2025,ANT,61,80.892
Hungary,2025,ANT,62,81.036
Hungary,2025,ANT,63,81.421
Hungary,2025,ANT,64,81.643
Hungary,2025,ANT,65,81.433
Saudi Arabia,2024,RUS,21,94.457
Saudi Arabia,2024,RUS,22,94.144
Saudi Arabia,2024,RUS,23,94.264
Saudi Arabia,2024,RUS,24,94.099
Saudi Arabia,2024,RUS,25,94.256
Saudi Arabia,2024,RUS,26,94.077
Saudi Arabia,2024,RUS,27,93.737
Saudi Arabia,2024,RUS,28,93.571
Saudi Arabia,2024,RUS,29,93.775
Saudi Arabia,2024,RUS,30,93.643
Saudi Arabia,2024,RUS,31,93.631
Saudi Arabia,2024,RUS,32,93.565
Saudi Arabia,2024,RUS,33,93.39
Saudi Arabia,2024,RUS,34,93.32
Saudi Arabia,2024,RUS,35,93.309
Saudi Arabia,2024,RUS,36,93.081
Saudi Arabia,2024,RUS,37,93.125
Saudi Arabia,2024,RUS,38,93.258
Saudi Arabia,2024,RUS,39,93.018
Saudi Arabia,2024,RUS,40,92.607
Saudi Arabia,2024,RUS,41,92.487
Saudi Arabia,2024,RUS,42,92.458
Saudi Arabia,2024,RUS,43,92.254
Saudi Arabia,2024,RUS,44,92.499
Saudi Arabia,2024,RUS,45,92.571
Saudi Arabia,2024,RUS,46,92.573
Qatar,2024,ALB,21,87.347
Qatar,2024,ALB,22,87.42
Qatar,2024,ALB,23,87.133
Qatar,2024,ALB,24,86.951
Qatar,2024,ALB,25,86.968
Qatar,2024,ALB,26,86.998
Qatar,2024,ALB,27,86.774
Qatar,2024,ALB,28,86.663
Qatar,2024,ALB,30,86.553
Qatar,2024,ALB,31,86.708
Qatar,2024,ALB,32,86.39
Qatar,2024,ALB,33,86.572
Qatar,2024,ALB,34,86.303
Qatar,2024,ALB,43,87.708
Qatar,2024,ALB,44,87.968
Qatar,2024,ALB,45,86.524
Qatar,2024,ALB,46,85.844
Qatar,2024,ALB,47,85.701
Qatar,2024,ALB,48,85.559
Qatar,2024,ALB,49,85.751
Qatar,2024,ALB,50,87.222
Belgium,2024,TSU,19,109.66
Belgium,2024,TSU,20,109.388
Belgium,2024,TSU,21,109.621
Belgium,2024,TSU,22,109.633
Belgium,2024,TSU,23,111.803
Belgium,2024,TSU,24,111.085
Belgium,2024,TSU,25,111.096
Belgium,2024,TSU,26,109.135
Belgium,2024,TSU,27,109.18
Belgium,2024,TSU,28,109.162
Belgium,2024,TSU,29,109.156
Belgium,2024,TSU,30,109.252
Belgium,2024,TSU,31,109.936
Belgium,2024,TSU,32,109.338
Belgium,2024,TSU,33,109.085
Belgium,2024,TSU,34,109.017
Belgium,2024,TSU,35,109.011
Belgium,2024,TSU,36,109.095
Belgium,2024,TSU,37,109.145
Belgium,2024,TSU,38,110.004
Belgium,2024,TSU,39,108.964
Belgium,2024,TSU,40,108.767
Belgium,2025,LEC,22,106.995
Belgium,2025,LEC,23,107.197
Belgium,2025,LEC,24,106.662
Belgium,2025,LEC,25,106.729
Belgium,2025,LEC,26,106.853
Belgium,2025,LEC,27,106.71
Belgium,2025,LEC,28,106.591
Belgium,2025,LEC,29,106.59
Belgium,2025,LEC,30,106.657
Belgium,2025,LEC,31,106.438
Belgium,2025,LEC,32,106.419
Belgium,2025,LEC,33,106.466
Belgium,2025,LEC,34,106.531
Belgium,2025,LEC,35,106.546
Belgium,2025,LEC,36,106.491
Belgium,2025,LEC,37,107.297
Belgium,2025,LEC,38,106.765
Belgium,2025,LEC,39,106.347
Belgium,2025,LEC,40,106.194
Australia,2024,PER,21,81.711
Australia,2024,PER,22,82.051
Australia,2024,PER,23,81.869
Australia,2024,PER,24,81.849
Australia,2024,PER,25,81.527
Australia,2024,PER,26,81.495
Australia,2024,PER,27,82.246
Australia,2024,PER,28,81.557
Australia,2024,PER,29,82.152
Australia,2024,PER,30,82.126
Australia,2024,PER,31,82.18
Australia,2024,PER,32,82.359
Australia,2024,PER,33,82.441
Australia,2024,PER,34,82.566
Australia,2024,PER,37,82.962
Australia,2024,PER,38,81.218
Australia,2024,PER,39,81.245
Australia,2024,PER,40,81.448
Australia,2024,PER,41,81.045
Australia,2024,PER,42,80.998
Australia,2024,PER,43,81.35
Australia,2024,PER,44,80.798
Australia,2024,PER,45,80.706
Australia,2024,PER,46,80.769
Australia,2024,PER,47,80.428
Australia,2024,PER,48,80.388
Australia,2024,PER,49,80.836
Australia,2024,PER,50,80.76
Australia,2024,PER,51,80.871
Australia,2024,PER,52,81.038
Monaco,2024,VER,18,79.898
Monaco,2024,VER,19,79.58
Monaco,2024,VER,20,80.171
Monaco,2024,VER,21,79.886
Monaco,2024,VER,22,80.255
Monaco,2024,VER,23,79.813
Monaco,2024,VER,24,78.979
Monaco,2024,VER,25,79.364
Monaco,2024,VER,26,79.38
Monaco,2024,VER,27,78.818
Monaco,2024,VER,28,78.797
Monaco,2024,VER,29,78.682
Monaco,2024,VER,30,78.795
Monaco,2024,VER,31,78.574
Monaco,2024,VER,32,78.564
Monaco,2024,VER,33,78.983
Monaco,2024,VER,34,79.005
Monaco,2024,VER,35,79.594
Monaco,2024,VER,36,80.207
Monaco,2024,VER,37,79.634
Monaco,2024,VER,38,79.429
Monaco,2024,VER,39,78.844
Monaco,2024,VER,40,78.326
Monaco,2024,VER,41,78.409
Monaco,2024,VER,42,78.083
Monaco,2024,VER,43,78.074
Monaco,2024,VER,44,78.358
Monaco,2024,VER,45,78.405
Monaco,2024,VER,46,78.313
Monaco,2024,VER,47,78.203
Monaco,2024,VER,48,78.537
Monaco,2024,VER,49,78.337
Monaco,2024,VER,50,78.477
Monaco,2024,VER,51,78.88
Monaco,2024,VER,54,78.142
Monaco,2024,VER,55,75.815
Monaco,2024,VER,56,75.398
Monaco,2024,VER,57,75.466
Monaco,2024,VER,58,76.181
Monaco,2024,VER,59,74.569
Monaco,2024,VER,60,74.748
Monaco,2024,VER,61,75.238
Monaco,2024,VER,62,75.121
Monaco,2024,VER,63,76.561
Monaco,2024,VER,64,76.547
Monaco,2024,VER,65,76.619
Monaco,2024,VER,66,75.468
Monaco,2024,VER,67,76.121
Monaco,2024,VER,68,76.276
Monaco,2024,VER,69,75.954
Monaco,2024,VER,70,75.463
Monaco,2024,VER,71,75.449
Monaco,2024,VER,72,75.659
Monaco,2024,VER,73,75.733
Monaco,2024,VER,74,75.436
Netherlands,2024,BOT,19,76.399
Netherlands,2024,BOT,20,76.582
Netherlands,2024,BOT,21,76.898
Netherlands,2024,BOT,22,76.847
Netherlands,2024,BOT,23,76.694
Netherlands,2024,BOT,24,76.681
Netherlands,2024,BOT,25,76.594
Netherlands,2024,BOT,26,76.892
Netherlands,2024,BOT,27,76.799
Netherlands,2024,BOT,28,76.813
Netherlands,2024,BOT,29,77.221
Netherlands,2024,BOT,30,77.253
Netherlands,2024,BOT,31,77.034
Netherlands,2024,BOT,32,77.164
Netherlands,2024,BOT,33,77.841
Netherlands,2024,BOT,34,78.39
Netherlands,2024,BOT,35,77.26
Netherlands,2024,BOT,36,76.797
Netherlands,2024,BOT,37,77.807
Netherlands,2024,BOT,38,77.16
Netherlands,2024,BOT,39,77.492
Netherlands,2024,BOT,40,77.256
Netherlands,2024,BOT,41,77.148
Netherlands,2024,BOT,42,77.507
Netherlands,2024,BOT,45,78.697
Netherlands,2024,BOT,46,75.822
Netherlands,2024,BOT,47,76.152
Netherlands,2024,BOT,48,78.314
Netherlands,2024,BOT,49,76.144
Netherlands,2024,BOT,50,76.626
Netherlands,2024,BOT,51,76.348
Netherlands,2024,BOT,52,76.453
Netherlands,2024,BOT,53,76.43
Netherlands,2024,BOT,54,76.357
Netherlands,2024,BOT,55,76.066
Netherlands,2024,BOT,56,76.304
Netherlands,2024,BOT,57,77.851
Netherlands,2024,BOT,58,78.463
Netherlands,2024,BOT,59,76.069
Netherlands,2024,BOT,60,76.225
Netherlands,2024,BOT,61,76.639
Netherlands,2024,BOT,62,76.334
Netherlands,2024,BOT,63,76.595
Netherlands,2024,BOT,64,76.373
Netherlands,2024,BOT,65,76.361
Netherlands,2024,BOT,66,76.234
Abu Dhabi,2024,SAI,19,89.01
Abu Dhabi,2024,SAI,20,89.32
Abu Dhabi,2024,SAI,21,89.208
Abu Dhabi,2024,SAI,22,89.191
Abu Dhabi,2024,SAI,23,88.909
Abu Dhabi,2024,SAI,24,89.157
Abu Dhabi,2024,SAI,27,89.372
Abu Dhabi,2024,SAI,28,88.177
Abu Dhabi,2024,SAI,29,88.482
Abu Dhabi,2024,SAI,30,88.399
Abu Dhabi,2024,SAI,32,88.184
Abu Dhabi,2024,SAI,33,88.333
Abu Dhabi,2024,SAI,34,88.37
Abu Dhabi,2024,SAI,35,88.251
Abu Dhabi,2024,SAI,36,88.22
Abu Dhabi,2024,SAI,37,88.367
Abu Dhabi,2024,SAI,38,88.202
Abu Dhabi,2024,SAI,39,88.103
Abu Dhabi,2024,SAI,40,87.924
Abu Dhabi,2024,SAI,41,88.662
Abu Dhabi,2024,SAI,42,88.032
Abu Dhabi,2024,SAI,43,88.255
Abu Dhabi,2024,SAI,44,87.854
Abu Dhabi,2024,SAI,45,88.148
Abu Dhabi,2024,SAI,46,88.331
Abu Dhabi,2024,SAI,47,88.682
Abu Dhabi,2024,SAI,48,88.404
Abu Dhabi,2024,SAI,49,88.144
Abu Dhabi,2024,SAI,50,87.871
Abu Dhabi,2024,SAI,51,87.885
Abu Dhabi,2024,SAI,52,88.476
Abu Dhabi,2024,SAI,53,88.266
Mexico City,2025,ALB,19,84.003
Mexico City,2025,ALB,20,83.654
Mexico City,2025,ALB,21,84.094
Mexico City,2025,ALB,22,83.757
Mexico City,2025,ALB,23,83.626
Mexico City,2025,ALB,24,83.926
Mexico City,2025,ALB,25,83.644
Mexico City,2025,ALB,26,83.997
Mexico City,2025,ALB,27,84.857
Mexico City,2025,ALB,28,84.721
Mexico City,2025,ALB,29,83.787
Mexico City,2025,ALB,30,84.486
Mexico City,2025,ALB,31,84.223
Mexico City,2025,ALB,32,83.667
Mexico City,2025,ALB,33,83.48
Mexico City,2025,ALB,34,83.332
Mexico City,2025,ALB,35,83.753
Mexico City,2025,ALB,36,86.855
Mexico City,2025,ALB,37,83.834
Mexico City,2025,ALB,38,83.518
Mexico City,2025,ALB,39,84.639
Mexico City,2025,ALB,40,83.406
Mexico City,2025,ALB,43,83.608
Mexico City,2025,ALB,44,80.548
Mexico City,2025,ALB,45,81.579
Mexico City,2025,ALB,46,80.48
Mexico City,2025,ALB,47,80.755
Mexico City,2025,ALB,48,81.092
Mexico City,2025,ALB,49,80.936
Mexico City,2025,ALB,50,81.099
Mexico City,2025,ALB,51,81.695
Mexico City,2025,ALB,52,83.023
Mexico City,2025,ALB,53,81.935
Mexico City,2025,ALB,54,81.672
Mexico City,2025,ALB,55,81.81
Mexico City,2025,ALB,56,81.786
Mexico City,2025,ALB,57,81.594
Mexico City,2025,ALB,58,81.641
Mexico City,2025,ALB,59,81.316
Mexico City,2025,ALB,60,81.66
Mexico City,2025,ALB,61,82.015
Mexico City,2025,ALB,62,81.765
Mexico City,2025,ALB,63,81.936
Mexico City,2025,ALB,64,83.514
Hungary,2025,SAI,19,82.169
Hungary,2025,SAI,20,81.99
Hungary,2025,SAI,21,82.139
Hungary,2025,SAI,22,82.132
Hungary,2025,SAI,23,82.256
Hungary,2025,SAI,24,82.173
Hungary,2025,SAI,25,82.565
Hungary,2025,SAI,26,82.688
Hungary,2025,SAI,27,83.468
Hungary,2025,SAI,28,83.441
Hungary,2025,SAI,29,83.936
Hungary,2025,SAI,30,84.542
Hungary,2025,SAI,31,84.228
Hungary,2025,SAI,32,83.599
Hungary,2025,SAI,33,83.6
Hungary,2025,SAI,34,82.465
Hungary,2025,SAI,35,83.097
Hungary,2025,SAI,36,82.865
Hungary,2025,SAI,37,82.701
Hungary,2025,SAI,38,82.842
Hungary,2025,SAI,39,82.923
Hungary,2025,SAI,40,84.221
Hungary,2025,SAI,41,82.741
Hungary,2025,SAI,42,82.78
Hungary,2025,SAI,43,82.639
Hungary,2025,SAI,44,84.118
Hungary,2025,SAI,45,82.424
Hungary,2025,SAI,46,83.843
Hungary,2025,SAI,47,82.44
Hungary,2025,SAI,48,83.382
Hungary,2025,SAI,49,82.488
Hungary,2025,SAI,50,82.577
Hungary,2025,SAI,53,82.526
Hungary,2025,SAI,54,79.79
Hungary,2025,SAI,55,80.267
Hungary,2025,SAI,56,80.46
Hungary,2025,SAI,57,80.541
Hungary,2025,SAI,58,80.861
Hungary,2025,SAI,59,81.675
Hungary,2025,SAI,60,80.839
Hungary,2025,SAI,61,82.175
Hungary,2025,SAI,62,83.355
Hungary,2025,SAI,63,82.614
Hungary,2025,SAI,64,81.854
Hungary,2025,SAI,65,83.148
Bahrain,2025,HUL,19,99.272
Bahrain,2025,HUL,20,99.402
Bahrain,2025,HUL,21,99.772
Bahrain,2025,HUL,22,99.525
Bahrain,2025,HUL,23,99.39
Bahrain,2025,HUL,24,99.462
Bahrain,2025,HUL,25,99.521
Bahrain,2025,HUL,26,99.6
Bahrain,2025,HUL,29,100.521
Bahrain,2025,HUL,30,97.753
Bahrain,2025,HUL,31,97.338
Bahrain,2025,HUL,36,97.758
Bahrain,2025,HUL,37,98.943
Bahrain,2025,HUL,38,98.15
Bahrain,2025,HUL,39,97.91
Bahrain,2025,HUL,40,98.276
Bahrain,2025,HUL,41,98.662
Bahrain,2025,HUL,42,99.119
Bahrain,2025,HUL,43,98.678
Bahrain,2025,HUL,44,97.459
Bahrain,2025,HUL,45,97.839
Bahrain,2025,HUL,46,97.924
Bahrain,2025,HUL,47,97.61
Bahrain,2025,HUL,48,97.925
Bahrain,2025,HUL,49,98.15
Bahrain,2025,HUL,50,98.014
Bahrain,2025,HUL,51,97.886
Bahrain,2025,HUL,52,97.992
Bahrain,2025,HUL,53,98.025
Bahrain,2025,GAS,19,99.151
Bahrain,2025,GAS,20,98.112
Bahrain,2025,GAS,21,98.441
Bahrain,2025,GAS,22,98.193
Bahrain,2025,GAS,23,98.346
Bahrain,2025,GAS,24,98.616
Bahrain,2025,GAS,25,98.44
Bahrain,2025,GAS,26,98.695
Bahrain,2025,GAS,27,98.898
Bahrain,2025,GAS,30,98.752
Bahrain,2025,GAS,31,97.268
Bahrain,2025,GAS,36,97.691
Bahrain,2025,GAS,37,97.431
Bahrain,2025,GAS,38,97.189
Bahrain,2025,GAS,39,96.682
Bahrain,2025,GAS,40,96.531
Bahrain,2025,GAS,41,96.981
Bahrain,2025,GAS,42,96.869
Bahrain,2025,GAS,43,97.257
Bahrain,2025,GAS,44,97.185
Bahrain,2025,GAS,45,97.232
Bahrain,2025,GAS,46,97.358
Bahrain,2025,GAS,47,97.227
Bahrain,2025,GAS,48,97.499
Bahrain,2025,GAS,49,97.667
Bahrain,2025,GAS,50,97.762
Bahrain,2025,GAS,51,97.898
Bahrain,2025,GAS,52,97.907
Bahrain,2025,GAS,53,98.227
Japan,2025,ANT,17,93.861
Japan,2025,ANT,18,93.912
Japan,2025,ANT,19,93.861
Japan,2025,ANT,20,93.754
Japan,2025,ANT,21,93.556
Japan,2025,ANT,22,93.147
Japan,2025,ANT,23,93.185
Japan,2025,ANT,24,93.152
Japan,2025,ANT,25,93.055
Japan,2025,ANT,26,93.097
Japan,2025,ANT,27,93.126
Japan,2025,ANT,28,93.347
Japan,2025,ANT,29,93.196
Japan,2025,ANT,30,92.961
Japan,2025,ANT,33,93.059
Japan,2025,ANT,34,91.4
Japan,2025,ANT,35,91.486
Japan,2025,ANT,36,91.54
Japan,2025,ANT,37,91.571
Japan,2025,ANT,38,91.697
Japan,2025,ANT,39,91.784
Japan,2025,ANT,40,91.844
Japan,2025,ANT,41,91.609
Japan,2025,ANT,42,91.357
Japan,2025,ANT,43,91.486
Japan,2025,ANT,44,91.495
Japan,2025,ANT,45,91.34
Japan,2025,ANT,46,91.307
Japan,2025,ANT,47,91.072
Japan,2025,ANT,48,91.238
Japan,2025,ANT,49,91.145
Emilia Romagna,2025,HAD,17,82.331
Emilia Romagna,2025,HAD,18,82.091
Emilia Romagna,2025,HAD,19,82.486
Emilia Romagna,2025,HAD,20,82.441
Emilia Romagna,2025,HAD,21,82.42
Emilia Romagna,2025,HAD,22,82.399
Emilia Romagna,2025,HAD,23,82.252
Emilia Romagna,2025,HAD,24,82.392
Emilia Romagna,2025,HAD,25,82.27
Emilia Romagna,2025,HAD,26,82.331
Emilia Romagna,2025,HAD,27,82.213
Emilia Romagna,2025,HAD,28,82.301
Emilia Romagna,2025,HAD,32,83.448
Emilia Romagna,2025,HAD,33,80.944
Emilia Romagna,2025,HAD,34,80.732
Emilia Romagna,2025,HAD,35,80.295
Emilia Romagna,2025,HAD,36,80.525
Emilia Romagna,2025,HAD,37,82.095
Emilia Romagna,2025,HAD,38,81.189
Emilia Romagna,2025,HAD,39,81.018
Emilia Romagna,2025,HAD,40,80.998
Emilia Romagna,2025,HAD,41,80.709
Emilia Romagna,2025,HAD,42,81.748
Emilia Romagna,2025,HAD,43,80.815
Emilia Romagna,2025,HAD,44,80.82
Emilia Romagna,2025,HAD,54,80.699
Emilia Romagna,2025,HAD,55,81.759
Emilia Romagna,2025,HAD,56,80.206
Emilia Romagna,2025,HAD,57,80.343
Emilia Romagna,2025,HAD,58,80.375
Emilia Romagna,2025,HAD,59,80.606
Las Vegas,2024,NOR,19,98.152
Las Vegas,2024,NOR,20,98.232
Las Vegas,2024,NOR,21,98.166
Las Vegas,2024,NOR,22,98.14
Las Vegas,2024,NOR,23,98.444
Las Vegas,2024,NOR,24,98.283
Las Vegas,2024,NOR,25,98.434
Las Vegas,2024,NOR,26,98.529
Las Vegas,2024,NOR,27,98.819
Las Vegas,2024,NOR,28,98.795
Las Vegas,2024,NOR,29,98.892
Las Vegas,2024,NOR,32,99.05
Las Vegas,2024,NOR,33,97.649
Las Vegas,2024,NOR,34,97.886
Las Vegas,2024,NOR,35,97.587
Las Vegas,2024,NOR,36,97.355
Las Vegas,2024,NOR,37,96.845
Las Vegas,2024,NOR,38,96.473
Las Vegas,2024,NOR,39,96.447
Las Vegas,2024,NOR,40,96.237
Las Vegas,2024,NOR,41,95.843
Las Vegas,2024,NOR,42,95.983
Las Vegas,2024,NOR,43,95.601
Las Vegas,2024,NOR,44,95.876
Qatar,2024,TSU,21,88.247
Qatar,2024,TSU,22,87.301
Qatar,2024,TSU,23,87.162
Qatar,2024,TSU,24,87.139
Qatar,2024,TSU,25,87.036
Qatar,2024,TSU,26,86.975
Qatar,2024,TSU,27,86.725
Qatar,2024,TSU,28,86.505
Qatar,2024,TSU,30,86.46
Qatar,2024,TSU,31,86.912
Qatar,2024,TSU,32,86.369
Qatar,2024,TSU,33,86.456
Qatar,2024,TSU,34,86.519
Qatar,2024,TSU,43,86.33
Qatar,2024,TSU,44,88.689
Qatar,2024,TSU,45,87.188
Qatar,2024,TSU,46,86.798
Qatar,2024,TSU,47,86.367
Qatar,2024,TSU,48,86.144
Qatar,2024,TSU,49,86.154
Qatar,2024,TSU,50,86.28
Qatar,2024,TSU,51,87.03
Qatar,2024,TSU,52,87.301
Qatar,2024,TSU,53,87.78
Bahrain,2024,RIC,20,98.35
Bahrain,2024,RIC,21,97.865
Bahrain,2024,RIC,22,97.392
Bahrain,2024,RIC,23,97.75
Bahrain,2024,RIC,24,97.772
Bahrain,2024,RIC,25,97.766
Bahrain,2024,RIC,26,97.973
Bahrain,2024,RIC,27,98.029
Bahrain,2024,RIC,28,98.152
Bahrain,2024,RIC,29,98.045
Bahrain,2024,RIC,30,97.96
Bahrain,2024,RIC,31,97.978
Bahrain,2024,RIC,32,98.154
Bahrain,2024,RIC,33,98.025
Bahrain,2024,RIC,34,98.15
Bahrain,2024,RIC,37,98.246
Bahrain,2024,RIC,38,95.163
Bahrain,2024,RIC,39,95.46
Bahrain,2024,RIC,40,95.475
Bahrain,2024,RIC,41,95.578
Bahrain,2024,RIC,42,95.644
Bahrain,2024,RIC,43,95.338
Bahrain,2024,RIC,44,95.56
Bahrain,2024,RIC,45,95.49
Bahrain,2024,RIC,46,95.57
Bahrain,2024,RIC,47,95.507
Bahrain,2024,RIC,48,95.831
Bahrain,2024,RIC,49,96.236
Bahrain,2024,RIC,50,96.442
Bahrain,2024,RIC,51,96.609
Bahrain,2024,RIC,52,97.103
Mexico City,2025,PIA,19,83.3
Mexico City,2025,PIA,20,83.79
Mexico City,2025,PIA,21,83.42
Mexico City,2025,PIA,22,83.254
Mexico City,2025,PIA,23,83.661
Mexico City,2025,PIA,26,83.502
Mexico City,2025,PIA,27,82.499
Mexico City,2025,PIA,28,81.767
Mexico City,2025,PIA,29,82.598
Mexico City,2025,PIA,30,81.616
Mexico City,2025,PIA,31,81.699
Mexico City,2025,PIA,32,81.866
Mexico City,2025,PIA,33,81.964
Mexico City,2025,PIA,34,83.793
Mexico City,2025,PIA,35,81.533
Mexico City,2025,PIA,36,82.175
Mexico City,2025,PIA,37,82.202
Mexico City,2025,PIA,38,82.379
Mexico City,2025,PIA,39,82.448
Mexico City,2025,PIA,40,82.664
Mexico City,2025,PIA,41,82.213
Mexico City,2025,PIA,42,83.173
Mexico City,2025,PIA,43,82.329
Mexico City,2025,PIA,44,82.351
Mexico City,2025,PIA,45,82.293
Mexico City,2025,PIA,46,82.419
Mexico City,2025,PIA,49,82.544
Mexico City,2025,PIA,50,82.614
Mexico City,2025,PIA,51,80.621
Mexico City,2025,PIA,52,80.466
Mexico City,2025,PIA,53,80.507
Mexico City,2025,PIA,54,80.422
Mexico City,2025,PIA,55,80.466
Mexico City,2025,PIA,56,80.665
Mexico City,2025,PIA,57,80.729
Mexico City,2025,PIA,58,81.063
Mexico City,2025,PIA,59,80.773
Mexico City,2025,PIA,60,81.452
Mexico City,2025,PIA,61,81.712
Mexico City,2025,PIA,62,81.474
Mexico City,2025,PIA,63,80.66
Mexico City,2025,PIA,64,80.788
Abu Dhabi,2024,LAW,19,90.723
Abu Dhabi,2024,LAW,20,90.896
Abu Dhabi,2024,LAW,21,90.725
Abu Dhabi,2024,LAW,22,90.796
Abu Dhabi,2024,LAW,26,91.167
Abu Dhabi,2024,LAW,27,89.611
Abu Dhabi,2024,LAW,28,89.637
Abu Dhabi,2024,LAW,31,89.585
Abu Dhabi,2024,LAW,32,89.599
Abu Dhabi,2024,LAW,33,89.434
Abu Dhabi,2024,LAW,34,89.25
Abu Dhabi,2024,LAW,35,89.315
Abu Dhabi,2024,LAW,36,89.143
Abu Dhabi,2024,LAW,37,89.307
Abu Dhabi,2024,LAW,38,89.562
Abu Dhabi,2024,LAW,39,89.492
Abu Dhabi,2024,LAW,40,89.459
Abu Dhabi,2024,LAW,41,89.195
Abu Dhabi,2024,LAW,42,89.079
Abu Dhabi,2024,LAW,43,88.994
Abu Dhabi,2024,LAW,44,91.416
Abu Dhabi,2024,LAW,45,89.297
Abu Dhabi,2024,LAW,46,89.188
Abu Dhabi,2024,LAW,47,89.048
Abu Dhabi,2024,LAW,48,91.416
Abu Dhabi,2024,LAW,49,89.587
Abu Dhabi,2024,LAW,50,89.558
Abu Dhabi,2024,LAW,51,88.851
Saudi Arabia,2025,NOR,19,94.017
Saudi Arabia,2025,NOR,20,93.869
Saudi Arabia,2025,NOR,21,93.675
Saudi Arabia,2025,NOR,22,93.874
Saudi Arabia,2025,NOR,23,93.632
Saudi Arabia,2025,NOR,24,93.598
Saudi Arabia,2025,NOR,25,93.301
Saudi Arabia,2025,NOR,26,93.637
Saudi Arabia,2025,NOR,27,93.443
Saudi Arabia,2025,NOR,28,93.342
Saudi Arabia,2025,NOR,29,93.335
Saudi Arabia,2025,NOR,30,93.259
Saudi Arabia,2025,NOR,31,93.156
Saudi Arabia,2025,NOR,32,92.952
Saudi Arabia,2025,NOR,33,93.017
Saudi Arabia,2025,NOR,36,93.095
Saudi Arabia,2025,NOR,37,92.432
Saudi Arabia,2025,NOR,38,92.13
Saudi Arabia,2025,NOR,39,92.143
Saudi Arabia,2025,NOR,40,92.192
Saudi Arabia,2025,NOR,41,92.432
Saudi Arabia,2025,NOR,42,91.778
Saudi Arabia,2025,NOR,43,91.992
Saudi Arabia,2025,NOR,44,91.857
Saudi Arabia,2025,NOR,45,92.057
Saudi Arabia,2025,NOR,46,92.113
Belgium,2024,PIA,20,108.233
Belgium,2024,PIA,21,108.175
Belgium,2024,PIA,22,108.376
Belgium,2024,PIA,23,108.179
Belgium,2024,PIA,24,108.352
Belgium,2024,PIA,25,108.163
Belgium,2024,PIA,26,107.98
Belgium,2024,PIA,27,107.519
Belgium,2024,PIA,28,107.024
Belgium,2024,PIA,29,107.609
Belgium,2024,PIA,32,107.653
Belgium,2024,PIA,33,105.84
Belgium,2024,PIA,34,106.265
Belgium,2024,PIA,35,106.528
Belgium,2024,PIA,36,108.312
Belgium,2024,PIA,37,107.179
Belgium,2024,PIA,38,107.136
Belgium,2024,PIA,39,106.648
Belgium,2024,PIA,40,106.445
Australia,2025,BOR,23,92.734
Australia,2025,BOR,24,92.966
Australia,2025,BOR,25,92.369
Australia,2025,BOR,26,92.235
Australia,2025,BOR,27,91.425
Australia,2025,BOR,28,91.406
Australia,2025,BOR,29,90.755
Australia,2025,BOR,30,91.329
China,2025,HAM,21,97.469
China,2025,HAM,22,99.319
China,2025,HAM,23,97.457
China,2025,HAM,24,97.3
China,2025,HAM,25,97.197
China,2025,HAM,26,97.504
China,2025,HAM,27,97.555
China,2025,HAM,28,97.41
China,2025,HAM,29,96.989
China,2025,HAM,30,97.23
China,2025,HAM,31,97.447
China,2025,HAM,32,97.482
China,2025,HAM,33,97.038
China,2025,HAM,34,97.572
China,2025,HAM,35,97.29
China,2025,HAM,36,96.957
China,2025,HAM,39,97.346
China,2025,HAM,40,95.839
China,2025,HAM,41,95.487
China,2025,HAM,42,95.069
China,2025,HAM,43,95.569
China,2025,HAM,44,95.526
China,2025,HAM,45,95.862
China,2025,HAM,46,95.349
China,2025,HAM,47,95.533
China,2025,HAM,48,95.77
China,2025,HAM,49,95.26
China,2025,HAM,50,95.077
China,2025,HAM,51,95.244
China,2025,HAM,52,95.465
Japan,2024,HUL,21,99.343
Japan,2024,HUL,22,99.78
Japan,2024,HUL,23,99.694
Japan,2024,HUL,24,98.965
Japan,2024,HUL,25,99.261
Japan,2024,HUL,26,98.781
Japan,2024,HUL,27,99.042
Japan,2024,HUL,28,99.256
Japan,2024,HUL,29,99.17
Japan,2024,HUL,30,99.951
Japan,2024,HUL,31,99.183
Japan,2024,HUL,32,99.465
Japan,2024,HUL,35,100.248
Japan,2024,HUL,36,95.937
Japan,2024,HUL,37,95.858
Japan,2024,HUL,38,95.933
Japan,2024,HUL,39,96.13
Japan,2024,HUL,40,95.853
Japan,2024,HUL,42,95.705
Japan,2024,HUL,43,96.374
Japan,2024,HUL,44,96.151
Japan,2024,HUL,45,96.769
Japan,2024,HUL,46,96.808
Japan,2024,HUL,47,98.169
Japan,2024,HUL,48,96.827
Emilia Romagna,2025,HUL,17,82.271
Emilia Romagna,2025,HUL,18,82.371
Emilia Romagna,2025,HUL,19,82.325
Emilia Romagna,2025,HUL,20,82.431
Emilia Romagna,2025,HUL,21,82.868
Emilia Romagna,2025,HUL,22,82.644
Emilia Romagna,2025,HUL,23,83.742
Emilia Romagna,2025,HUL,24,82.55
Emilia Romagna,2025,HUL,25,82.342
Emilia Romagna,2025,HUL,26,82.343
Emilia Romagna,2025,HUL,27,82.726
Emilia Romagna,2025,HUL,32,83.464
Emilia Romagna,2025,HUL,33,81.609
Emilia Romagna,2025,HUL,34,82.487
Emilia Romagna,2025,HUL,35,82.363
Emilia Romagna,2025,HUL,36,82.644
Emilia Romagna,2025,HUL,37,81.62
Emilia Romagna,2025,HUL,38,82.024
Emilia Romagna,2025,HUL,39,81.522
Emilia Romagna,2025,HUL,40,80.482
Emilia Romagna,2025,HUL,41,81.452
Emilia Romagna,2025,HUL,42,81.475
Emilia Romagna,2025,HUL,43,82.395
Emilia Romagna,2025,HUL,44,81.66
Emilia Romagna,2025,HUL,54,81.474
Emilia Romagna,2025,HUL,55,82.931
Emilia Romagna,2025,HUL,56,81.045
Emilia Romagna,2025,HUL,57,80.584
Emilia Romagna,2025,HUL,58,80.479
Emilia Romagna,2025,HUL,59,80.614
Miami,2024,MAG,17,94.125
Miami,2024,MAG,18,94.14
Miami,2024,MAG,19,94.036
Miami,2024,MAG,20,94.127
Miami,2024,MAG,21,94.121
Miami,2024,MAG,24,94.118
Miami,2024,MAG,25,93.148
Miami,2024,MAG,26,93.181
Miami,2024,MAG,27,94.371
Miami,2024,MAG,33,93.379
Miami,2024,MAG,34,91.774
Miami,2024,MAG,35,92.23
Miami,2024,MAG,36,91.993
Miami,2024,MAG,37,92.206
Miami,2024,MAG,38,91.985
Miami,2024,MAG,39,92.074
Miami,2024,MAG,40,92.318
Miami,2024,MAG,41,92.462
Miami,2024,MAG,42,92.336
Miami,2024,MAG,43,92.3
Miami,2024,MAG,44,92.087
Miami,2024,MAG,45,92.287
Miami,2024,MAG,46,92.279
Miami,2024,MAG,47,93.068
Miami,2024,MAG,48,92.989
Miami,2024,MAG,49,92.384
Miami,2024,MAG,50,92.344
Miami,2024,MAG,51,92.395
Miami,2024,MAG,52,92.433
Miami,2024,MAG,53,93.125
Las Vegas,2024,ALO,19,99.432
Las Vegas,2024,ALO,20,99.761
Las Vegas,2024,ALO,21,98.612
Las Vegas,2024,ALO,22,98.989
Las Vegas,2024,ALO,23,99.515
Las Vegas,2024,ALO,26,101.065
Las Vegas,2024,ALO,27,97.924
Las Vegas,2024,ALO,28,98.422
Las Vegas,2024,ALO,29,98.655
Las Vegas,2024,ALO,30,98.034
Las Vegas,2024,ALO,31,97.818
Las Vegas,2024,ALO,32,98.053
Las Vegas,2024,ALO,33,97.531
Las Vegas,2024,ALO,34,97.634
Las Vegas,2024,ALO,35,97.932
Las Vegas,2024,ALO,36,97.883
Las Vegas,2024,ALO,37,98.853
Las Vegas,2024,ALO,38,97.82
Las Vegas,2024,ALO,39,97.565
Las Vegas,2024,ALO,40,96.553
Las Vegas,2024,ALO,41,97.174
Las Vegas,2024,ALO,42,97.681
Las Vegas,2024,ALO,43,98.078
Las Vegas,2024,ALO,44,97.775
Las Vegas,2024,ALO,45,97.754
Las Vegas,2024,ALO,46,98.527
Miami,2024,SAR,19,93.68
Miami,2024,SAR,20,93.542
Miami,2024,SAR,21,93.715
Canada,2024,RIC,18,87.787
Canada,2024,RIC,19,86.959
Canada,2024,RIC,20,86.679
Canada,2024,RIC,21,86.554
Canada,2024,RIC,22,86.135
Canada,2024,RIC,23,85.962
Canada,2024,RIC,30,86.684
Canada,2024,RIC,31,90.655
Canada,2024,RIC,32,92.15
Canada,2024,RIC,33,91.669
Canada,2024,RIC,34,89.874
Canada,2024,RIC,35,89.15
Canada,2024,RIC,36,88.634
Canada,2024,RIC,37,88.337
Canada,2024,RIC,38,86.916
Canada,2024,RIC,39,86.647
Canada,2024,RIC,40,86.446
Canada,2024,RIC,42,86.329
Canada,2024,RIC,45,85.748
Canada,2024,RIC,46,84.267
Canada,2024,RIC,47,83.788
Canada,2024,RIC,48,83.86
Canada,2024,RIC,50,84.303
Canada,2024,RIC,51,79.638
Canada,2024,RIC,59,79.014
Canada,2024,RIC,60,81.225
Canada,2024,RIC,61,78.796
Canada,2024,RIC,62,79.187
Canada,2024,RIC,63,78.351
Canada,2024,RIC,64,77.877
Canada,2024,RIC,65,77.868
Spain,2025,GAS,19,82.752
Spain,2025,GAS,20,81.937
Spain,2025,GAS,21,81.663
Spain,2025,GAS,22,81.802
Spain,2025,GAS,23,81.865
Spain,2025,GAS,24,82.333
Spain,2025,GAS,25,83.215
Spain,2025,GAS,26,82.755
Spain,2025,GAS,27,82.284
Spain,2025,GAS,28,82.195
Spain,2025,GAS,29,83.234
Spain,2025,GAS,30,82.303
Spain,2025,GAS,33,82.258
Spain,2025,GAS,34,81.034
Spain,2025,GAS,35,81.605
Spain,2025,GAS,36,81.279
Spain,2025,GAS,37,82.88
Spain,2025,GAS,38,81.429
Spain,2025,GAS,39,82.23
Spain,2025,GAS,40,81.231
Spain,2025,GAS,41,82.499
Spain,2025,GAS,42,81.126
Spain,2025,GAS,43,80.758
Spain,2025,GAS,44,80.81
Spain,2025,GAS,45,81.204
Spain,2025,GAS,46,80.75
Spain,2025,GAS,47,80.563
Spain,2025,GAS,48,80.421
Spain,2025,GAS,49,80.624
Spain,2025,GAS,50,80.646
Spain,2025,GAS,51,80.035
Spain,2025,GAS,52,81.884
Spain,2025,GAS,53,82.812
Spain,2025,GAS,61,80.163
Spain,2025,GAS,62,80.103
Spain,2024,SAI,19,79.85
Spain,2024,SAI,20,81.079
Spain,2024,SAI,21,80.0
Spain,2024,SAI,22,80.125
Spain,2024,SAI,23,79.952
Spain,2024,SAI,24,80.261
Spain,2024,SAI,25,80.205
Spain,2024,SAI,26,79.709
Spain,2024,SAI,27,80.273
Spain,2024,SAI,28,81.788
Spain,2024,SAI,29,80.458
Spain,2024,SAI,30,80.061
Spain,2024,SAI,31,80.376
Spain,2024,SAI,32,80.642
Spain,2024,SAI,33,80.183
Spain,2024,SAI,34,80.145
Spain,2024,SAI,35,80.231
Spain,2024,SAI,38,80.708
Spain,2024,SAI,39,78.86
Spain,2024,SAI,40,78.539
Spain,2024,SAI,41,79.184
Spain,2024,SAI,42,78.909
Spain,2024,SAI,43,79.135
Spain,2024,SAI,44,79.157
Spain,2024,SAI,45,79.192
Spain,2024,SAI,46,79.136
Spain,2024,SAI,47,80.032
Spain,2024,SAI,48,79.02
Spain,2024,SAI,49,79.318
Spain,2024,SAI,50,79.52
Spain,2024,SAI,51,79.202
Spain,2024,SAI,52,79.046
Spain,2024,SAI,53,79.046
Spain,2024,SAI,54,79.259
Spain,2024,SAI,55,79.017
Spain,2024,SAI,56,81.334
Spain,2024,SAI,57,79.047
Spain,2024,SAI,58,78.97
Spain,2024,SAI,59,78.871
Spain,2024,SAI,60,78.978
Spain,2024,SAI,61,79.115
Spain,2024,SAI,62,79.151
Qatar,2025,ANT,21,86.509
Qatar,2025,ANT,22,86.522
Qatar,2025,ANT,23,86.748
Qatar,2025,ANT,24,86.735
Qatar,2025,ANT,25,86.626
Qatar,2025,ANT,26,86.608
Qatar,2025,ANT,27,86.574
Qatar,2025,ANT,28,86.425
Qatar,2025,ANT,29,86.554
Qatar,2025,ANT,30,86.365
Qatar,2025,ANT,31,88.262
Qatar,2025,ANT,34,86.25
Qatar,2025,ANT,35,85.173
Qatar,2025,ANT,36,84.738
Qatar,2025,ANT,37,84.755
Qatar,2025,ANT,38,84.389
Qatar,2025,ANT,39,84.429
Qatar,2025,ANT,40,84.651
Qatar,2025,ANT,41,84.464
Qatar,2025,ANT,42,84.416
Qatar,2025,ANT,43,84.395
Qatar,2025,ANT,44,84.308
Qatar,2025,ANT,45,84.411
Qatar,2025,ANT,46,84.315
Qatar,2025,ANT,47,84.147
Qatar,2025,ANT,48,84.176
Qatar,2025,ANT,49,84.032
Qatar,2025,ANT,50,84.453
Qatar,2025,ANT,51,84.076
Qatar,2025,ANT,52,84.122
Qatar,2025,ANT,53,83.975
Netherlands,2025,HAD,17,76.267
Netherlands,2025,HAD,18,76.515
Netherlands,2025,HAD,19,76.378
Netherlands,2025,HAD,20,76.358
Netherlands,2025,HAD,21,76.584
Netherlands,2025,HAD,22,76.532
Netherlands,2025,HAD,27,76.57
Netherlands,2025,HAD,28,75.875
Netherlands,2025,HAD,29,75.525
Netherlands,2025,HAD,30,74.875
Netherlands,2025,HAD,33,75.286
Netherlands,2025,HAD,34,75.221
Netherlands,2025,HAD,36,74.869
Netherlands,2025,HAD,37,74.533
Netherlands,2025,HAD,38,75.017
Netherlands,2025,HAD,39,75.235
Netherlands,2025,HAD,40,74.933
Netherlands,2025,HAD,41,74.731
Netherlands,2025,HAD,42,74.945
Netherlands,2025,HAD,43,75.091
Netherlands,2025,HAD,44,75.063
Netherlands,2025,HAD,45,75.14
Netherlands,2025,HAD,46,74.929
Netherlands,2025,HAD,47,74.932
Netherlands,2025,HAD,48,74.97
Netherlands,2025,HAD,49,75.12
Netherlands,2025,HAD,50,75.123
Netherlands,2025,HAD,51,74.91
Netherlands,2025,HAD,52,75.076
Netherlands,2025,HAD,58,75.073
Netherlands,2025,HAD,59,74.709
Netherlands,2025,HAD,60,73.766
Netherlands,2025,HAD,61,73.619
Netherlands,2025,HAD,62,73.424
Netherlands,2025,HAD,63,73.386
Netherlands,2025,HAD,64,73.755
Abu Dhabi,2025,ALO,19,89.993
Abu Dhabi,2025,ALO,20,90.112
Abu Dhabi,2025,ALO,21,90.107
Abu Dhabi,2025,ALO,22,90.031
Abu Dhabi,2025,ALO,23,90.321
Abu Dhabi,2025,ALO,24,89.42
Abu Dhabi,2025,ALO,25,90.803
Abu Dhabi,2025,ALO,26,90.26
Abu Dhabi,2025,ALO,27,89.824
Abu Dhabi,2025,ALO,28,89.75
Abu Dhabi,2025,ALO,29,90.533
Abu Dhabi,2025,ALO,30,90.397
Abu Dhabi,2025,ALO,31,90.41
Abu Dhabi,2025,ALO,32,89.708
Abu Dhabi,2025,ALO,33,90.048
Abu Dhabi,2025,ALO,34,89.982
Abu Dhabi,2025,ALO,35,89.751
Abu Dhabi,2025,ALO,36,89.764
Abu Dhabi,2025,ALO,37,89.819
Abu Dhabi,2025,ALO,38,90.3
Abu Dhabi,2025,ALO,39,90.512
Abu Dhabi,2025,ALO,40,90.101
Abu Dhabi,2025,ALO,41,89.984
Abu Dhabi,2025,ALO,42,89.527
Abu Dhabi,2025,ALO,43,88.948
Abu Dhabi,2025,ALO,44,89.638
Abu Dhabi,2025,ALO,45,89.13
Abu Dhabi,2025,ALO,46,89.355
Abu Dhabi,2025,ALO,47,89.235
Abu Dhabi,2025,ALO,48,89.12
Abu Dhabi,2025,ALO,49,89.446
Abu Dhabi,2025,ALO,50,89.32
Abu Dhabi,2025,ALO,51,89.006
Abu Dhabi,2025,ALO,52,88.514
Abu Dhabi,2025,ALO,53,89.085
Abu Dhabi,2025,ALO,54,88.557
Miami,2024,HAM,17,93.521
Miami,2024,HAM,18,93.602
Miami,2024,HAM,19,93.306
Miami,2024,HAM,20,93.333
Miami,2024,HAM,21,93.048
Miami,2024,HAM,22,94.185
Miami,2024,HAM,24,93.359
Miami,2024,HAM,25,92.852
Miami,2024,HAM,33,92.932
Miami,2024,HAM,34,94.087
Miami,2024,HAM,35,92.268
Miami,2024,HAM,36,91.385
Miami,2024,HAM,37,92.24
Miami,2024,HAM,38,91.937
Miami,2024,HAM,39,91.772
Miami,2024,HAM,40,92.167
Miami,2024,HAM,41,92.53
Miami,2024,HAM,42,92.143
Miami,2024,HAM,43,91.672
Miami,2024,HAM,44,91.417
Miami,2024,HAM,45,91.511
Miami,2024,HAM,46,91.479
Miami,2024,HAM,47,91.679
Miami,2024,HAM,48,91.33
Miami,2024,HAM,49,91.626
Miami,2024,HAM,50,91.432
Miami,2024,HAM,51,91.625
Miami,2024,HAM,52,91.5
Miami,2024,HAM,53,91.696
China,2024,MAG,19,103.648
China,2024,MAG,32,101.106
China,2024,MAG,33,101.74
China,2024,MAG,34,102.473
China,2024,MAG,35,103.518
China,2024,MAG,36,102.616
China,2024,MAG,37,101.298
China,2024,MAG,38,101.42
China,2024,MAG,39,101.36
China,2024,MAG,40,101.28
China,2024,MAG,41,101.754
China,2024,MAG,42,101.84
China,2024,MAG,43,101.513
China,2024,MAG,44,101.245
China,2024,MAG,45,101.324
China,2024,MAG,46,101.077
China,2024,MAG,47,101.498
China,2024,MAG,48,101.366
China,2024,MAG,49,101.603
China,2024,MAG,50,101.355
China,2024,MAG,51,101.376
China,2024,MAG,52,101.879
São Paulo,2024,ZHO,19,85.579
São Paulo,2024,ZHO,20,85.376
São Paulo,2024,ZHO,21,85.053
São Paulo,2024,ZHO,22,86.01
São Paulo,2024,ZHO,23,85.637
São Paulo,2024,ZHO,24,86.438
São Paulo,2024,ZHO,34,86.086
São Paulo,2024,ZHO,35,98.583
São Paulo,2024,ZHO,38,95.014
São Paulo,2024,ZHO,45,87.983
São Paulo,2024,ZHO,46,86.202
São Paulo,2024,ZHO,47,85.396
São Paulo,2024,ZHO,48,85.031
São Paulo,2024,ZHO,49,84.728
São Paulo,2024,ZHO,50,84.415
São Paulo,2024,ZHO,52,84.37
São Paulo,2024,ZHO,53,84.69
São Paulo,2024,ZHO,54,84.727
São Paulo,2024,ZHO,55,84.925
São Paulo,2024,ZHO,56,84.899
São Paulo,2024,ZHO,57,84.658
São Paulo,2024,ZHO,58,84.302
São Paulo,2024,ZHO,59,86.018
São Paulo,2024,ZHO,60,83.806
São Paulo,2024,ZHO,61,83.471
São Paulo,2024,ZHO,62,83.473
São Paulo,2024,ZHO,63,83.712
São Paulo,2024,ZHO,64,83.453
São Paulo,2024,ZHO,65,83.515
Saudi Arabia,2025,HAM,19,94.592
Saudi Arabia,2025,HAM,20,94.892
Saudi Arabia,2025,HAM,21,94.72
Saudi Arabia,2025,HAM,22,95.128
Saudi Arabia,2025,HAM,25,95.569
Saudi Arabia,2025,HAM,26,94.037
Saudi Arabia,2025,HAM,27,93.542
Saudi Arabia,2025,HAM,28,93.72
Saudi Arabia,2025,HAM,29,93.365
Saudi Arabia,2025,HAM,30,93.81
Saudi Arabia,2025,HAM,31,93.564
Saudi Arabia,2025,HAM,32,94.392
Saudi Arabia,2025,HAM,33,93.595
Saudi Arabia,2025,HAM,34,93.603
Saudi Arabia,2025,HAM,35,93.876
Saudi Arabia,2025,HAM,36,93.564
Saudi Arabia,2025,HAM,37,93.291
Saudi Arabia,2025,HAM,38,93.044
Saudi Arabia,2025,HAM,39,92.925
Saudi Arabia,2025,HAM,40,93.285
Saudi Arabia,2025,HAM,41,92.833
Saudi Arabia,2025,HAM,42,93.022
Saudi Arabia,2025,HAM,43,92.64
Saudi Arabia,2025,HAM,44,92.6
Saudi Arabia,2025,HAM,45,92.789
Saudi Arabia,2025,HAM,46,92.821
Qatar,2025,ALO,21,87.325
Qatar,2025,ALO,22,87.367
Qatar,2025,ALO,23,87.313
Qatar,2025,ALO,24,87.191
Qatar,2025,ALO,25,86.939
Qatar,2025,ALO,26,87.15
Qatar,2025,ALO,27,87.738
Qatar,2025,ALO,28,86.459
Qatar,2025,ALO,29,86.248
Qatar,2025,ALO,30,85.973
Qatar,2025,ALO,31,85.851
Qatar,2025,ALO,34,85.869
Qatar,2025,ALO,35,86.64
Qatar,2025,ALO,36,86.043
Qatar,2025,ALO,37,85.663
Qatar,2025,ALO,38,86.02
Qatar,2025,ALO,39,85.712
Qatar,2025,ALO,40,85.886
Qatar,2025,ALO,41,85.544
Qatar,2025,ALO,42,88.674
Qatar,2025,ALO,43,86.052
Qatar,2025,ALO,44,85.575
Qatar,2025,ALO,45,85.336
Qatar,2025,ALO,46,85.175
Qatar,2025,ALO,47,84.787
Qatar,2025,ALO,48,84.691
Qatar,2025,ALO,49,84.99
Qatar,2025,ALO,50,84.506
Qatar,2025,ALO,51,84.717
Qatar,2025,ALO,52,84.815
Qatar,2025,ALO,53,84.268
United States,2025,HAM,21,100.191
United States,2025,HAM,22,100.638
United States,2025,HAM,23,101.356
United States,2025,HAM,24,99.355
United States,2025,HAM,25,100.418
United States,2025,HAM,26,100.64
United States,2025,HAM,27,100.474
United States,2025,HAM,28,100.254
United States,2025,HAM,29,100.291
United States,2025,HAM,30,100.032
United States,2025,HAM,33,100.663
United States,2025,HAM,36,98.838
United States,2025,HAM,37,98.629
United States,2025,HAM,38,98.4
United States,2025,HAM,39,98.823
United States,2025,HAM,40,98.786
United States,2025,HAM,41,98.803
United States,2025,HAM,42,98.91
United States,2025,HAM,43,98.772
United States,2025,HAM,44,98.655
United States,2025,HAM,45,99.07
United States,2025,HAM,46,98.507
United States,2025,HAM,47,98.572
United States,2025,HAM,48,98.477
United States,2025,HAM,49,99.152
United States,2025,HAM,50,99.496
United States,2025,HAM,51,99.293
United States,2025,HAM,52,99.149
Bahrain,2025,SAI,19,97.809
Bahrain,2025,SAI,20,98.259
Bahrain,2025,SAI,21,98.427
Bahrain,2025,SAI,22,98.718
Bahrain,2025,SAI,23,98.555
Bahrain,2025,SAI,24,98.631
Bahrain,2025,SAI,25,98.782
Bahrain,2025,SAI,26,99.068
Bahrain,2025,SAI,27,99.212
Bahrain,2025,SAI,28,99.302
Bahrain,2025,SAI,29,99.236
Bahrain,2025,SAI,30,98.798
Bahrain,2025,SAI,31,99.28
Bahrain,2025,SAI,36,100.485
Bahrain,2025,SAI,37,100.833
Bahrain,2025,SAI,38,97.832
Bahrain,2025,SAI,39,98.624
Azerbaijan,2025,NOR,23,105.89
Azerbaijan,2025,NOR,24,105.885
Azerbaijan,2025,NOR,25,106.238
Azerbaijan,2025,NOR,26,106.059
Azerbaijan,2025,NOR,27,105.459
Azerbaijan,2025,NOR,28,105.419
Azerbaijan,2025,NOR,29,105.392
Azerbaijan,2025,NOR,30,105.525
Azerbaijan,2025,NOR,31,105.416
Azerbaijan,2025,NOR,32,105.385
Azerbaijan,2025,NOR,33,105.499
Azerbaijan,2025,NOR,34,105.482
Azerbaijan,2025,NOR,35,105.24
Azerbaijan,2025,NOR,36,105.321
Azerbaijan,2025,NOR,39,105.171
Azerbaijan,2025,NOR,40,105.104
Azerbaijan,2025,NOR,41,105.047
Azerbaijan,2025,NOR,42,104.84
Azerbaijan,2025,NOR,43,104.155
Azerbaijan,2025,NOR,44,105.047
Azerbaijan,2025,NOR,45,104.996
Azerbaijan,2025,NOR,46,104.954
Azerbaijan,2025,NOR,47,104.904
Belgium,2024,SAR,20,110.564
Belgium,2024,SAR,21,111.269
Belgium,2024,SAR,22,110.872
Belgium,2024,SAR,23,113.25
Belgium,2024,SAR,26,111.203
Belgium,2024,SAR,27,108.082
Belgium,2024,SAR,28,108.764
Belgium,2024,SAR,29,109.134
Belgium,2024,SAR,30,108.91
Belgium,2024,SAR,31,108.659
Belgium,2024,SAR,32,108.492
Belgium,2024,SAR,33,108.513
Belgium,2024,SAR,34,108.465
Belgium,2024,SAR,35,108.419
Belgium,2024,SAR,36,108.141
Belgium,2024,SAR,37,108.373
Belgium,2024,SAR,38,108.679
Belgium,2024,SAR,39,108.567
Belgium,2024,SAR,40,108.447
Monaco,2025,VER,24,75.254
Monaco,2025,VER,25,75.181
Monaco,2025,VER,26,75.175
Monaco,2025,VER,27,76.288
Monaco,2025,VER,30,76.323
Monaco,2025,VER,31,75.074
Monaco,2025,VER,32,75.133
Monaco,2025,VER,33,75.424
Monaco,2025,VER,34,76.213
Monaco,2025,VER,35,75.8
Monaco,2025,VER,36,75.33
Monaco,2025,VER,37,74.976
Monaco,2025,VER,39,75.025
Monaco,2025,VER,40,74.785
Monaco,2025,VER,41,74.421
Monaco,2025,VER,42,74.39
Monaco,2025,VER,43,74.456
Monaco,2025,VER,44,74.567
Monaco,2025,VER,45,74.38
Monaco,2025,VER,46,74.23
Monaco,2025,VER,47,74.897
Monaco,2025,VER,48,74.859
Monaco,2025,VER,49,74.538
Monaco,2025,VER,50,74.261
Monaco,2025,VER,51,74.426
Monaco,2025,VER,52,75.165
Monaco,2025,VER,53,76.328
Monaco,2025,VER,54,77.547
Monaco,2025,VER,55,75.872
Monaco,2025,VER,56,75.62
Monaco,2025,VER,57,75.33
Monaco,2025,VER,58,75.418
Monaco,2025,VER,59,75.247
Monaco,2025,VER,60,75.35
Monaco,2025,VER,61,75.088
Monaco,2025,VER,62,75.064
Monaco,2025,VER,63,75.13
Monaco,2025,VER,64,75.088
Monaco,2025,VER,65,75.24
Monaco,2025,VER,66,75.122
Monaco,2025,VER,67,75.214
Monaco,2025,VER,68,75.551
Monaco,2025,VER,69,76.273
Monaco,2025,VER,70,76.063
Monaco,2025,VER,71,75.812
Monaco,2025,VER,72,76.058
Japan,2025,SAI,17,94.853
Japan,2025,SAI,18,94.257
Japan,2025,SAI,19,94.6
Japan,2025,SAI,20,94.413
Japan,2025,SAI,21,94.813
Japan,2025,SAI,22,94.471
Japan,2025,SAI,23,94.634
Japan,2025,SAI,24,94.509
Japan,2025,SAI,25,94.528
Japan,2025,SAI,26,93.932
Japan,2025,SAI,27,94.718
Japan,2025,SAI,28,94.02
Japan,2025,SAI,29,94.037
Japan,2025,SAI,30,94.382
Japan,2025,SAI,31,96.33
Japan,2025,SAI,32,94.387
Japan,2025,SAI,35,94.65
Japan,2025,SAI,36,91.676
Japan,2025,SAI,37,91.106
Japan,2025,SAI,38,92.087
Japan,2025,SAI,39,92.013
Japan,2025,SAI,40,92.048
Japan,2025,SAI,41,92.267
Japan,2025,SAI,42,92.172
Japan,2025,SAI,43,92.869
Japan,2025,SAI,44,92.937
Japan,2025,SAI,45,92.575
Japan,2025,SAI,46,92.819
Japan,2025,SAI,47,93.049
Japan,2025,SAI,48,92.602
Japan,2025,SAI,49,92.054
Azerbaijan,2024,SAI,19,109.36
Azerbaijan,2024,SAI,20,107.939
Azerbaijan,2024,SAI,21,108.091
Azerbaijan,2024,SAI,22,107.879
Azerbaijan,2024,SAI,23,108.582
Azerbaijan,2024,SAI,24,108.331
Azerbaijan,2024,SAI,25,108.474
Azerbaijan,2024,SAI,26,107.746
Azerbaijan,2024,SAI,27,107.593
Azerbaijan,2024,SAI,28,107.325
Azerbaijan,2024,SAI,29,107.072
Azerbaijan,2024,SAI,30,107.448
Azerbaijan,2024,SAI,31,107.826
Azerbaijan,2024,SAI,32,107.388
Azerbaijan,2024,SAI,33,107.33
Azerbaijan,2024,SAI,34,107.205
Azerbaijan,2024,SAI,35,107.402
Azerbaijan,2024,SAI,37,107.31
Azerbaijan,2024,SAI,38,108.379
Azerbaijan,2024,SAI,39,107.116
Azerbaijan,2024,SAI,40,107.229
Azerbaijan,2024,SAI,41,106.964
Azerbaijan,2024,SAI,42,107.458
Azerbaijan,2024,SAI,43,106.928
Azerbaijan,2024,SAI,44,107.267
Azerbaijan,2024,SAI,45,107.081
São Paulo,2025,PIA,24,75.009
São Paulo,2025,PIA,25,75.008
São Paulo,2025,PIA,26,75.281
São Paulo,2025,PIA,27,75.082
São Paulo,2025,PIA,28,75.009
São Paulo,2025,PIA,29,75.245
São Paulo,2025,PIA,30,75.115
São Paulo,2025,PIA,31,75.038
São Paulo,2025,PIA,32,74.992
São Paulo,2025,PIA,33,75.135
São Paulo,2025,PIA,34,74.87
São Paulo,2025,PIA,35,75.419
São Paulo,2025,PIA,36,75.048
São Paulo,2025,PIA,37,75.967
São Paulo,2025,PIA,40,75.096
São Paulo,2025,PIA,41,74.164
São Paulo,2025,PIA,42,73.477
São Paulo,2025,PIA,43,73.299
São Paulo,2025,PIA,44,73.156
São Paulo,2025,PIA,45,73.218
São Paulo,2025,PIA,46,73.53
São Paulo,2025,PIA,47,73.577
São Paulo,2025,PIA,48,73.988
São Paulo,2025,PIA,49,73.739
São Paulo,2025,PIA,50,73.806
São Paulo,2025,PIA,53,73.891
São Paulo,2025,PIA,54,72.97
São Paulo,2025,PIA,55,72.742
São Paulo,2025,PIA,56,74.159
São Paulo,2025,PIA,57,72.853
São Paulo,2025,PIA,58,72.978
São Paulo,2025,PIA,59,73.089
São Paulo,2025,PIA,60,73.015
São Paulo,2025,PIA,61,73.264
São Paulo,2025,PIA,62,73.1
São Paulo,2025,PIA,63,73.075
São Paulo,2025,PIA,64,73.196
São Paulo,2025,PIA,65,73.094
São Paulo,2025,PIA,66,73.576
São Paulo,2025,PIA,67,73.793
Australia,2025,BEA,23,93.59
Australia,2025,BEA,24,93.342
Australia,2025,BEA,25,93.042
Australia,2025,BEA,26,92.613
Australia,2025,BEA,27,92.577
Australia,2025,BEA,28,92.507
Australia,2025,BEA,29,94.505
Australia,2025,BEA,30,91.267
Australia,2025,BEA,31,91.377
Australia,2025,BEA,52,91.257
Australia,2025,BEA,53,93.258
United States,2024,TSU,24,101.365
United States,2024,TSU,25,101.205
United States,2024,TSU,26,101.073
United States,2024,TSU,27,100.927
United States,2024,TSU,28,101.246
United States,2024,TSU,29,101.467
United States,2024,TSU,30,100.793
United States,2024,TSU,31,100.706
United States,2024,TSU,32,100.793
United States,2024,TSU,33,100.466
United States,2024,TSU,34,100.302
United States,2024,TSU,35,100.139
United States,2024,TSU,36,99.787
United States,2024,TSU,37,99.923
United States,2024,TSU,38,101.002
United States,2024,TSU,39,99.855
United States,2024,TSU,40,99.614
United States,2024,TSU,42,99.845
United States,2024,TSU,43,99.212
United States,2024,TSU,44,99.361
United States,2024,TSU,45,99.379
United States,2024,TSU,46,99.711
United States,2024,TSU,47,99.778
United States,2024,TSU,48,99.631
United States,2024,TSU,49,99.697
United States,2024,TSU,50,99.476
United States,2024,TSU,51,99.863
Japan,2024,OCO,18,100.929
Japan,2024,OCO,21,100.737
Japan,2024,OCO,22,97.716
Japan,2024,OCO,23,97.775
Japan,2024,OCO,24,99.219
Japan,2024,OCO,25,98.924
Japan,2024,OCO,26,99.084
Japan,2024,OCO,27,98.611
Japan,2024,OCO,28,98.943
Japan,2024,OCO,29,98.612
Japan,2024,OCO,30,98.702
Japan,2024,OCO,31,98.499
Japan,2024,OCO,32,98.662
Japan,2024,OCO,35,98.366
Japan,2024,OCO,36,97.126
Japan,2024,OCO,37,96.983
Japan,2024,OCO,38,98.763
Japan,2024,OCO,39,96.714
Japan,2024,OCO,40,97.058
Japan,2024,OCO,42,97.58
Japan,2024,OCO,43,97.129
Japan,2024,OCO,44,97.478
Japan,2024,OCO,45,100.961
Japan,2024,OCO,46,96.983
Japan,2024,OCO,47,97.091
Japan,2024,OCO,48,97.381
São Paulo,2024,LAW,20,84.607
São Paulo,2024,LAW,21,84.034
São Paulo,2024,LAW,22,84.17
São Paulo,2024,LAW,23,84.365
São Paulo,2024,LAW,24,85.0
São Paulo,2024,LAW,25,84.757
São Paulo,2024,LAW,34,84.915
São Paulo,2024,LAW,35,99.368
São Paulo,2024,LAW,37,92.634
São Paulo,2024,LAW,45,88.046
São Paulo,2024,LAW,46,85.12
São Paulo,2024,LAW,47,84.814
São Paulo,2024,LAW,48,84.404
São Paulo,2024,LAW,49,84.324
São Paulo,2024,LAW,50,84.049
São Paulo,2024,LAW,52,83.687
São Paulo,2024,LAW,53,84.199
São Paulo,2024,LAW,54,84.048
São Paulo,2024,LAW,55,83.942
São Paulo,2024,LAW,56,83.697
São Paulo,2024,LAW,57,83.385
São Paulo,2024,LAW,58,82.953
São Paulo,2024,LAW,59,83.769
São Paulo,2024,LAW,60,83.152
São Paulo,2024,LAW,61,83.1
São Paulo,2024,LAW,62,82.653
São Paulo,2024,LAW,63,82.729
São Paulo,2024,LAW,64,82.292
São Paulo,2024,LAW,65,82.427
Japan,2025,HAD,17,94.046
Japan,2025,HAD,18,94.055
Japan,2025,HAD,19,93.886
Japan,2025,HAD,20,93.831
Japan,2025,HAD,21,93.89
Japan,2025,HAD,22,93.703
Japan,2025,HAD,23,93.753
Japan,2025,HAD,24,93.691
Japan,2025,HAD,27,93.637
Japan,2025,HAD,28,93.198
Japan,2025,HAD,29,93.202
Japan,2025,HAD,30,94.109
Japan,2025,HAD,31,93.239
Japan,2025,HAD,32,93.033
Japan,2025,HAD,33,92.588
Japan,2025,HAD,34,92.359
Japan,2025,HAD,35,92.16
Japan,2025,HAD,36,92.172
Japan,2025,HAD,37,92.081
Japan,2025,HAD,38,92.124
Japan,2025,HAD,39,91.986
Japan,2025,HAD,40,91.965
Japan,2025,HAD,41,92.001
Japan,2025,HAD,42,92.057
Japan,2025,HAD,43,92.027
Japan,2025,HAD,44,91.811
Japan,2025,HAD,45,91.919
Japan,2025,HAD,46,91.726
Japan,2025,HAD,47,91.729
Japan,2025,HAD,48,91.778
Japan,2025,HAD,49,91.678
Great Britain,2025,HAM,19,71.052
Great Britain,2025,HAM,20,70.811
Great Britain,2025,HAM,21,70.942
Great Britain,2025,HAM,22,71.728
Great Britain,2025,HAM,23,71.07
Great Britain,2025,HAM,24,71.377
Great Britain,2025,HAM,25,71.132
Great Britain,2025,HAM,28,71.588
Great Britain,2025,HAM,29,70.23
Great Britain,2025,HAM,31,70.653
Great Britain,2025,HAM,32,69.979
Great Britain,2025,HAM,33,69.933
Great Britain,2025,HAM,34,69.864
Great Britain,2025,HAM,35,69.769
Great Britain,2025,HAM,36,69.961
Great Britain,2025,HAM,37,69.425
Great Britain,2025,HAM,38,69.665
Great Britain,2025,HAM,39,69.319
Great Britain,2025,HAM,40,70.055
Great Britain,2025,HAM,41,69.641
Great Britain,2025,HAM,42,70.106
Great Britain,2025,HAM,43,70.087
Great Britain,2025,HAM,44,69.923
Great Britain,2025,HAM,45,70.173
Great Britain,2025,HAM,46,70.61
Great Britain,2025,HAM,47,70.346
Great Britain,2025,HAM,48,70.282
Great Britain,2025,HAM,49,71.777
Great Britain,2025,HAM,52,70.432
Great Britain,2025,HAM,53,69.115
Great Britain,2025,HAM,54,68.628
Great Britain,2025,HAM,55,68.979
Great Britain,2025,HAM,56,68.757
Great Britain,2025,HAM,57,68.989
Great Britain,2025,HAM,58,68.938
Great Britain,2025,HAM,59,68.669
Great Britain,2025,HAM,60,69.31
Great Britain,2025,HAM,61,69.324
Great Britain,2025,HAM,62,69.266
Great Britain,2025,HAM,63,69.287
Great Britain,2025,HAM,64,69.242
Great Britain,2025,HAM,65,69.088
Great Britain,2025,HAM,66,69.447
Australia,2025,LAW,23,92.08
Australia,2025,LAW,24,92.622
Australia,2025,LAW,25,92.155
Australia,2025,LAW,26,91.959
Australia,2025,LAW,27,91.129
Australia,2025,LAW,28,91.094
Australia,2025,LAW,29,91.084
Australia,2025,LAW,30,90.803
Australia,2025,LAW,31,91.312
Canada,2024,OCO,18,88.208
Canada,2024,OCO,19,87.402
Canada,2024,OCO,20,87.561
Canada,2024,OCO,21,87.138
Canada,2024,OCO,22,87.829
Canada,2024,OCO,23,86.654
Canada,2024,OCO,30,86.736
Canada,2024,OCO,31,91.187
Canada,2024,OCO,32,91.377
Canada,2024,OCO,33,91.386
Canada,2024,OCO,34,90.147
Canada,2024,OCO,35,88.896
Canada,2024,OCO,36,88.819
Canada,2024,OCO,37,87.907
Canada,2024,OCO,38,87.67
Canada,2024,OCO,39,86.721
Canada,2024,OCO,40,86.213
Canada,2024,OCO,42,85.435
Canada,2024,OCO,43,85.187
Canada,2024,OCO,46,84.927
Canada,2024,OCO,47,85.047
Canada,2024,OCO,48,82.874
Canada,2024,OCO,50,81.453
Canada,2024,OCO,51,79.789
Canada,2024,OCO,59,79.399
Canada,2024,OCO,60,81.087
Canada,2024,OCO,61,78.608
Canada,2024,OCO,62,79.077
Canada,2024,OCO,63,78.377
Canada,2024,OCO,64,77.902
Canada,2024,OCO,65,77.857
Mexico City,2024,SAI,22,81.413
Mexico City,2024,SAI,23,81.682
Mexico City,2024,SAI,24,81.516
Mexico City,2024,SAI,25,81.428
Mexico City,2024,SAI,26,81.659
Mexico City,2024,SAI,27,81.596
Mexico City,2024,SAI,28,81.827
Mexico City,2024,SAI,29,82.008
Mexico City,2024,SAI,30,81.869
Mexico City,2024,SAI,31,81.837
Mexico City,2024,SAI,34,82.057
Mexico City,2024,SAI,35,81.037
Mexico City,2024,SAI,36,81.19
Mexico City,2024,SAI,37,81.079
Mexico City,2024,SAI,38,81.153
Mexico City,2024,SAI,39,80.616
Mexico City,2024,SAI,40,80.995
Mexico City,2024,SAI,41,80.688
Mexico City,2024,SAI,42,80.98
Mexico City,2024,SAI,43,80.939
Mexico City,2024,SAI,44,80.84
Mexico City,2024,SAI,45,80.806
Mexico City,2024,SAI,46,80.582
Mexico City,2024,SAI,47,80.592
Mexico City,2024,SAI,48,80.375
Mexico City,2024,SAI,49,80.747
Mexico City,2024,SAI,50,80.815
Mexico City,2024,SAI,51,80.733
Mexico City,2024,SAI,52,80.825
Mexico City,2024,SAI,53,80.965
Mexico City,2024,SAI,54,80.719
Mexico City,2024,SAI,55,80.65
Mexico City,2024,SAI,56,80.306
Mexico City,2024,SAI,57,80.256
Mexico City,2024,SAI,58,80.315
Mexico City,2024,SAI,59,80.341
Mexico City,2024,SAI,60,80.73
Mexico City,2024,SAI,61,80.326
Mexico City,2024,SAI,62,80.215
Mexico City,2024,SAI,63,80.137
Mexico City,2024,SAI,64,80.556
Mexico City,2024,SAI,65,80.493
Mexico City,2024,SAI,66,80.523
Mexico City,2024,SAI,67,80.301
Las Vegas,2025,HAD,23,96.407
Las Vegas,2025,HAD,24,96.106
Las Vegas,2025,HAD,25,96.125
Las Vegas,2025,HAD,26,96.117
Las Vegas,2025,HAD,27,95.772
Las Vegas,2025,HAD,28,95.7
Las Vegas,2025,HAD,29,95.774
Las Vegas,2025,HAD,30,95.476
Las Vegas,2025,HAD,31,95.36
Las Vegas,2025,HAD,32,95.576
Las Vegas,2025,HAD,33,95.291
Las Vegas,2025,HAD,34,95.573
Las Vegas,2025,HAD,35,95.342
Las Vegas,2025,HAD,36,95.4
Las Vegas,2025,HAD,37,95.345
Las Vegas,2025,HAD,38,95.359
Las Vegas,2025,HAD,39,94.931
Las Vegas,2025,HAD,40,95.376
Las Vegas,2025,HAD,41,95.243
Las Vegas,2025,HAD,42,95.082
Las Vegas,2025,HAD,43,95.069
Las Vegas,2025,HAD,44,95.102
Las Vegas,2025,HAD,45,94.883
Las Vegas,2025,HAD,46,95.045
Great Britain,2025,BOR,19,71.445
Great Britain,2025,BOR,20,71.567
Great Britain,2025,BOR,23,71.712
Great Britain,2025,BOR,24,70.456
Great Britain,2025,BOR,25,70.911
Great Britain,2025,BOR,26,70.5
Great Britain,2025,BOR,27,71.17
Great Britain,2025,BOR,28,71.314
Great Britain,2025,BOR,29,70.962
Great Britain,2025,BOR,31,70.586
Great Britain,2025,BOR,32,70.591
Great Britain,2025,BOR,33,70.66
Great Britain,2025,BOR,34,70.872
Great Britain,2025,BOR,35,70.493
Great Britain,2025,BOR,36,70.723
Great Britain,2025,BOR,37,70.575
Great Britain,2025,BOR,38,70.616
Great Britain,2025,BOR,39,70.58
Great Britain,2025,BOR,40,70.929
Great Britain,2025,BOR,41,70.795
Great Britain,2025,BOR,42,70.987
Great Britain,2025,BOR,43,70.512
Great Britain,2025,BOR,44,70.775
Great Britain,2025,BOR,45,70.97
Great Britain,2025,BOR,46,70.853
Great Britain,2025,BOR,47,70.902
Great Britain,2025,BOR,48,70.704
Great Britain,2025,BOR,51,71.191
Great Britain,2025,BOR,52,69.997
Great Britain,2025,BOR,53,69.786
Great Britain,2025,BOR,54,69.433
Great Britain,2025,BOR,55,69.676
Great Britain,2025,BOR,56,70.307
Great Britain,2025,BOR,57,69.852
Great Britain,2025,BOR,58,69.955
Great Britain,2025,BOR,59,69.648
Great Britain,2025,BOR,60,69.289
Great Britain,2025,BOR,61,69.247
Great Britain,2025,BOR,62,69.302
Great Britain,2025,BOR,63,69.375
Great Britain,2025,BOR,64,69.261
Great Britain,2025,BOR,65,69.254
Australia,2024,ALO,19,83.239
Australia,2024,ALO,20,82.928
Australia,2024,ALO,21,82.831
Australia,2024,ALO,22,82.704
Australia,2024,ALO,23,82.478
Australia,2024,ALO,24,82.441
Australia,2024,ALO,25,82.287
Australia,2024,ALO,26,82.708
Australia,2024,ALO,27,82.988
Australia,2024,ALO,28,83.257
Australia,2024,ALO,29,82.259
Australia,2024,ALO,30,81.98
Australia,2024,ALO,31,82.175
Australia,2024,ALO,32,82.355
Australia,2024,ALO,33,82.491
Australia,2024,ALO,34,82.649
Australia,2024,ALO,35,82.918
Australia,2024,ALO,36,85.73
Australia,2024,ALO,37,82.714
Australia,2024,ALO,38,82.862
Australia,2024,ALO,39,82.566
Australia,2024,ALO,40,82.772
Australia,2024,ALO,43,82.714
Australia,2024,ALO,44,81.724
Australia,2024,ALO,45,81.394
Australia,2024,ALO,46,81.454
Australia,2024,ALO,47,81.344
Australia,2024,ALO,48,81.183
Australia,2024,ALO,49,81.347
Australia,2024,ALO,50,81.122
Australia,2024,ALO,51,80.736
Australia,2024,ALO,52,80.938
Mexico City,2024,COL,22,84.918
Mexico City,2024,COL,23,83.203
Mexico City,2024,COL,24,82.984
Mexico City,2024,COL,25,83.428
Mexico City,2024,COL,26,83.769
Mexico City,2024,COL,27,83.883
Mexico City,2024,COL,28,82.758
Mexico City,2024,COL,29,83.125
Mexico City,2024,COL,30,82.999
Mexico City,2024,COL,31,82.785
Mexico City,2024,COL,32,83.09
Mexico City,2024,COL,33,82.653
Mexico City,2024,COL,34,82.976
Mexico City,2024,COL,35,83.101
Mexico City,2024,COL,36,83.134
Mexico City,2024,COL,37,83.776
Mexico City,2024,COL,38,83.098
Mexico City,2024,COL,39,83.199
Mexico City,2024,COL,40,83.132
Mexico City,2024,COL,41,83.586
Mexico City,2024,COL,42,82.855
Mexico City,2024,COL,43,82.779
Mexico City,2024,COL,44,83.659
Mexico City,2024,COL,45,82.551
Mexico City,2024,COL,46,82.832
Mexico City,2024,COL,49,82.625
Mexico City,2024,COL,50,80.348
Mexico City,2024,COL,51,80.09
Mexico City,2024,COL,52,80.556
Mexico City,2024,COL,53,80.887
Mexico City,2024,COL,54,80.926
Mexico City,2024,COL,55,80.795
Mexico City,2024,COL,56,81.309
Mexico City,2024,COL,57,82.398
Mexico City,2024,COL,58,81.433
Mexico City,2024,COL,59,81.551
Mexico City,2024,COL,60,81.879
Mexico City,2024,COL,61,81.579
Mexico City,2024,COL,62,81.016
Mexico City,2024,COL,63,81.766
Mexico City,2024,COL,64,81.485
Mexico City,2024,COL,65,81.625
Mexico City,2024,COL,66,83.314
Mexico City,2024,GAS,22,83.778
Mexico City,2024,GAS,23,83.512
Mexico City,2024,GAS,24,83.303
Mexico City,2024,GAS,25,83.681
Mexico City,2024,GAS,26,83.758
Mexico City,2024,GAS,27,83.969
Mexico City,2024,GAS,30,84.108
Mexico City,2024,GAS,31,82.583
Mexico City,2024,GAS,32,82.391
Mexico City,2024,GAS,33,83.185
Mexico City,2024,GAS,34,82.029
Mexico City,2024,GAS,35,82.201
Mexico City,2024,GAS,36,82.423
Mexico City,2024,GAS,37,82.345
Mexico City,2024,GAS,38,82.697
Mexico City,2024,GAS,39,82.278
Mexico City,2024,GAS,40,82.471
Mexico City,2024,GAS,41,82.267
Mexico City,2024,GAS,42,82.38
Mexico City,2024,GAS,43,83.016
Mexico City,2024,GAS,44,82.362
Mexico City,2024,GAS,45,83.267
Mexico City,2024,GAS,46,82.228
Mexico City,2024,GAS,47,82.26
Mexico City,2024,GAS,48,82.35
Mexico City,2024,GAS,49,81.965
Mexico City,2024,GAS,50,81.872
Mexico City,2024,GAS,51,81.713
Mexico City,2024,GAS,52,81.539
Mexico City,2024,GAS,53,81.718
Mexico City,2024,GAS,54,81.774
Mexico City,2024,GAS,55,81.723
Mexico City,2024,GAS,56,81.633
Mexico City,2024,GAS,57,81.565
Mexico City,2024,GAS,58,81.42
Mexico City,2024,GAS,59,83.641
Mexico City,2024,GAS,60,81.524
Mexico City,2024,GAS,61,81.457
Mexico City,2024,GAS,62,81.393
Mexico City,2024,GAS,63,81.537
Mexico City,2024,GAS,64,81.702
Mexico City,2024,GAS,65,83.422
Mexico City,2024,GAS,66,81.457
Qatar,2024,BOT,21,86.295
Qatar,2024,BOT,22,86.958
Qatar,2024,BOT,23,86.843
Qatar,2024,BOT,26,86.299
Qatar,2024,BOT,27,87.079
Qatar,2024,BOT,28,86.69
Qatar,2024,BOT,30,89.406
Qatar,2024,BOT,31,86.461
Qatar,2024,BOT,32,86.288
Qatar,2024,BOT,33,88.647
Qatar,2024,BOT,43,88.461
Qatar,2024,BOT,44,88.386
Qatar,2024,BOT,45,86.779
Qatar,2024,BOT,46,86.296
Qatar,2024,BOT,47,86.979
Qatar,2024,BOT,48,85.92
Qatar,2024,BOT,49,85.548
Qatar,2024,BOT,50,85.639
Qatar,2024,BOT,51,85.881
Qatar,2024,BOT,52,86.352
Qatar,2024,BOT,53,86.927
São Paulo,2024,VER,20,84.493
São Paulo,2024,VER,21,83.915
São Paulo,2024,VER,22,84.269
São Paulo,2024,VER,23,85.055
São Paulo,2024,VER,24,84.267
São Paulo,2024,VER,25,84.53
São Paulo,2024,VER,29,84.156
São Paulo,2024,VER,35,105.014
São Paulo,2024,VER,37,88.006
São Paulo,2024,VER,45,85.286
São Paulo,2024,VER,46,82.876
São Paulo,2024,VER,47,83.106
São Paulo,2024,VER,48,82.453
São Paulo,2024,VER,49,82.29
São Paulo,2024,VER,50,82.241
São Paulo,2024,VER,51,82.043
São Paulo,2024,VER,53,82.306
São Paulo,2024,VER,54,82.251
São Paulo,2024,VER,55,82.246
São Paulo,2024,VER,56,82.291
São Paulo,2024,VER,57,82.005
São Paulo,2024,VER,58,81.862
São Paulo,2024,VER,59,81.782
São Paulo,2024,VER,60,81.551
São Paulo,2024,VER,61,81.331
São Paulo,2024,VER,62,81.336
São Paulo,2024,VER,63,81.069
São Paulo,2024,VER,64,81.232
São Paulo,2024,VER,65,81.029
Qatar,2024,HUL,21,87.237
Qatar,2024,HUL,22,87.327
Qatar,2024,HUL,23,87.214
Qatar,2024,HUL,24,87.3
Qatar,2024,HUL,25,87.021
Qatar,2024,HUL,26,86.647
Mexico City,2025,LEC,19,83.301
Mexico City,2025,LEC,20,82.818
Mexico City,2025,LEC,21,82.837
Mexico City,2025,LEC,22,82.722
Mexico City,2025,LEC,23,83.059
Mexico City,2025,LEC,24,83.204
Mexico City,2025,LEC,25,83.501
Mexico City,2025,LEC,26,83.446
Mexico City,2025,LEC,27,83.683
Mexico City,2025,LEC,28,83.544
Mexico City,2025,LEC,29,83.608
Mexico City,2025,LEC,30,83.587
Mexico City,2025,LEC,33,84.197
Mexico City,2025,LEC,34,82.799
Mexico City,2025,LEC,35,82.597
Mexico City,2025,LEC,36,82.43
Mexico City,2025,LEC,37,81.995
Mexico City,2025,LEC,38,82.093
Mexico City,2025,LEC,39,81.952
Mexico City,2025,LEC,40,82.04
Mexico City,2025,LEC,41,82.235
Mexico City,2025,LEC,42,82.115
Mexico City,2025,LEC,43,81.813
Mexico City,2025,LEC,44,81.857
Mexico City,2025,LEC,45,81.684
Mexico City,2025,LEC,46,81.588
Mexico City,2025,LEC,47,81.683
Mexico City,2025,LEC,48,81.818
Mexico City,2025,LEC,49,81.975
Mexico City,2025,LEC,50,81.773
Mexico City,2025,LEC,51,82.011
Mexico City,2025,LEC,52,81.987
Mexico City,2025,LEC,53,81.914
Mexico City,2025,LEC,54,81.956
Mexico City,2025,LEC,55,81.867
Mexico City,2025,LEC,56,82.043
Mexico City,2025,LEC,57,81.888
Mexico City,2025,LEC,58,82.25
Mexico City,2025,LEC,59,81.903
Mexico City,2025,LEC,60,82.038
Mexico City,2025,LEC,61,81.613
Mexico City,2025,LEC,62,82.122
Mexico City,2025,LEC,63,81.688
Mexico City,2025,LEC,64,82.095
Azerbaijan,2025,BOR,23,106.791
Azerbaijan,2025,BOR,24,106.801
Azerbaijan,2025,BOR,25,106.684
Azerbaijan,2025,BOR,28,106.777
Azerbaijan,2025,BOR,29,106.975
Azerbaijan,2025,BOR,30,106.295
Azerbaijan,2025,BOR,31,105.726
Azerbaijan,2025,BOR,32,105.152
Azerbaijan,2025,BOR,33,105.536
Azerbaijan,2025,BOR,34,106.572
Azerbaijan,2025,BOR,35,106.729
Azerbaijan,2025,BOR,36,106.106
Azerbaijan,2025,BOR,37,105.719
Azerbaijan,2025,BOR,38,105.632
Azerbaijan,2025,BOR,39,105.959
Azerbaijan,2025,BOR,40,105.428
Azerbaijan,2025,BOR,41,105.173
Azerbaijan,2025,BOR,42,105.101
Azerbaijan,2025,BOR,43,105.139
Azerbaijan,2025,BOR,44,104.936
Azerbaijan,2025,BOR,45,105.238
Azerbaijan,2025,BOR,46,104.93
Azerbaijan,2025,BOR,47,105.123
United States,2025,ANT,20,101.593
United States,2025,ANT,21,101.225
United States,2025,ANT,22,101.026
United States,2025,ANT,23,100.857
United States,2025,ANT,24,100.499
United States,2025,ANT,25,100.7
United States,2025,ANT,26,100.936
United States,2025,ANT,27,100.622
United States,2025,ANT,28,101.03
United States,2025,ANT,29,100.268
United States,2025,ANT,30,100.15
United States,2025,ANT,33,100.49
United States,2025,ANT,35,97.577
United States,2025,ANT,36,99.61
United States,2025,ANT,37,99.88
United States,2025,ANT,38,99.07
United States,2025,ANT,39,98.939
United States,2025,ANT,40,99.024
United States,2025,ANT,41,99.772
United States,2025,ANT,42,99.951
United States,2025,ANT,43,99.834
United States,2025,ANT,44,99.799
United States,2025,ANT,45,99.636
United States,2025,ANT,46,99.837
United States,2025,ANT,47,98.937
United States,2025,ANT,48,98.939
United States,2025,ANT,49,99.319
United States,2025,ANT,50,98.944
United States,2025,ANT,51,99.313
United States,2025,ANT,52,98.906
Azerbaijan,2025,LAW,26,105.766
Azerbaijan,2025,LAW,27,105.483
Azerbaijan,2025,LAW,28,105.69
Azerbaijan,2025,LAW,29,105.748
Azerbaijan,2025,LAW,30,105.867
Azerbaijan,2025,LAW,31,105.72
Azerbaijan,2025,LAW,32,105.297
Azerbaijan,2025,LAW,33,105.533
Azerbaijan,2025,LAW,34,105.274
Azerbaijan,2025,LAW,35,105.607
Azerbaijan,2025,LAW,36,105.293
Azerbaijan,2025,LAW,37,105.181
Azerbaijan,2025,LAW,38,105.1
Azerbaijan,2025,LAW,39,104.796
Azerbaijan,2025,LAW,40,105.161
Azerbaijan,2025,LAW,41,105.297
Azerbaijan,2025,LAW,42,105.061
Azerbaijan,2025,LAW,43,104.933
Azerbaijan,2025,LAW,44,105.383
Azerbaijan,2025,LAW,45,105.143
Azerbaijan,2025,LAW,46,104.912
Azerbaijan,2025,LAW,47,104.887
Azerbaijan,2024,PIA,19,107.817
Azerbaijan,2024,PIA,20,107.465
Azerbaijan,2024,PIA,21,108.866
Azerbaijan,2024,PIA,22,107.854
Azerbaijan,2024,PIA,23,107.751
Azerbaijan,2024,PIA,24,107.481
Azerbaijan,2024,PIA,25,107.066
Azerbaijan,2024,PIA,26,107.408
Azerbaijan,2024,PIA,27,107.528
Azerbaijan,2024,PIA,28,107.368
Azerbaijan,2024,PIA,29,107.558
Azerbaijan,2024,PIA,30,107.601
Azerbaijan,2024,PIA,31,107.661
Azerbaijan,2024,PIA,32,107.923
Azerbaijan,2024,PIA,33,108.135
Azerbaijan,2024,PIA,34,108.436
Azerbaijan,2024,PIA,35,107.927
Azerbaijan,2024,PIA,37,107.821
Azerbaijan,2024,PIA,38,107.857
Azerbaijan,2024,PIA,39,107.682
Azerbaijan,2024,PIA,40,107.776
Azerbaijan,2024,PIA,41,107.721
Azerbaijan,2024,PIA,42,107.875
Azerbaijan,2024,PIA,43,107.688
Azerbaijan,2024,PIA,44,107.616
Azerbaijan,2024,PIA,45,107.365
Australia,2024,NOR,21,81.642
Australia,2024,NOR,22,81.907
Australia,2024,NOR,23,81.749
Australia,2024,NOR,24,81.745
Australia,2024,NOR,25,81.562
Australia,2024,NOR,26,81.713
Australia,2024,NOR,27,81.611
Australia,2024,NOR,28,81.976
Australia,2024,NOR,29,81.837
Australia,2024,NOR,30,81.864
Australia,2024,NOR,31,81.982
Australia,2024,NOR,32,81.848
Australia,2024,NOR,33,81.574
Australia,2024,NOR,34,81.692
Australia,2024,NOR,35,81.769
Australia,2024,NOR,36,81.51
Australia,2024,NOR,37,81.446
Australia,2024,NOR,38,81.662
Australia,2024,NOR,39,81.518
Australia,2024,NOR,42,81.901
Australia,2024,NOR,43,81.025
Australia,2024,NOR,44,80.652
Australia,2024,NOR,45,80.613
Australia,2024,NOR,46,80.62
Australia,2024,NOR,47,79.971
Australia,2024,NOR,48,80.188
Australia,2024,NOR,49,80.26
Australia,2024,NOR,50,79.915
Australia,2024,NOR,51,80.151
Australia,2024,NOR,52,80.261
Hungary,2024,GAS,17,85.728
Hungary,2024,GAS,18,85.703
Hungary,2024,GAS,19,85.709
Hungary,2024,GAS,20,85.612
Hungary,2024,GAS,21,85.468
Hungary,2024,GAS,22,86.002
Hungary,2024,GAS,23,85.574
Hungary,2024,GAS,24,85.692
Hungary,2024,GAS,25,85.974
Hungary,2024,GAS,26,85.949
Bahrain,2025,STR,19,99.259
Bahrain,2025,STR,20,99.515
Bahrain,2025,STR,21,98.667
Bahrain,2025,STR,22,99.226
Bahrain,2025,STR,23,99.091
Bahrain,2025,STR,24,99.143
Bahrain,2025,STR,25,98.927
Bahrain,2025,STR,26,99.458
Bahrain,2025,STR,27,99.265
Bahrain,2025,STR,28,99.457
Bahrain,2025,STR,29,100.283
Bahrain,2025,STR,30,99.736
Bahrain,2025,STR,31,100.035
Bahrain,2025,STR,36,99.387
Bahrain,2025,STR,37,100.018
Bahrain,2025,STR,38,98.606
Bahrain,2025,STR,39,98.064
Bahrain,2025,STR,40,98.329
Bahrain,2025,STR,41,98.375
Bahrain,2025,STR,42,98.655
Bahrain,2025,STR,43,98.537
Bahrain,2025,STR,44,98.896
Bahrain,2025,STR,45,100.255
Bahrain,2025,STR,46,98.28
Bahrain,2025,STR,47,98.295
Bahrain,2025,STR,48,98.352
Bahrain,2025,STR,49,98.413
Bahrain,2025,STR,50,98.648
Bahrain,2025,STR,51,98.725
Bahrain,2025,STR,52,98.627
Bahrain,2025,STR,53,98.694
Australia,2024,STR,21,82.922
Australia,2024,STR,22,82.628
Australia,2024,STR,23,82.905
Australia,2024,STR,24,82.861
Australia,2024,STR,25,82.852
Australia,2024,STR,26,82.941
Australia,2024,STR,27,83.294
Australia,2024,STR,28,83.192
Australia,2024,STR,29,83.059
Australia,2024,STR,30,83.135
Australia,2024,STR,31,83.124
Australia,2024,STR,32,83.521
Australia,2024,STR,33,83.157
Australia,2024,STR,34,83.266
Australia,2024,STR,35,83.114
Australia,2024,STR,36,83.398
Australia,2024,STR,39,83.207
Australia,2024,STR,40,82.042
Australia,2024,STR,41,82.1
Australia,2024,STR,42,82.244
Australia,2024,STR,43,81.829
Australia,2024,STR,44,81.722
Australia,2024,STR,45,81.992
Australia,2024,STR,46,81.603
Australia,2024,STR,47,81.431
Australia,2024,STR,48,81.014
Australia,2024,STR,49,81.109
Australia,2024,STR,50,80.93
Australia,2024,STR,51,80.991
Australia,2024,STR,52,81.121
Monaco,2025,TSU,24,76.933
Monaco,2025,TSU,25,77.026
Monaco,2025,TSU,26,78.413
Monaco,2025,TSU,27,79.53
Monaco,2025,TSU,28,79.565
Monaco,2025,TSU,29,79.786
Monaco,2025,TSU,30,79.313
Monaco,2025,TSU,31,80.165
Monaco,2025,TSU,32,80.088
Monaco,2025,TSU,33,80.951
Monaco,2025,TSU,34,78.035
Monaco,2025,TSU,35,78.623
Monaco,2025,TSU,36,80.269
Monaco,2025,TSU,38,78.945
Monaco,2025,TSU,39,78.168
Monaco,2025,TSU,40,78.879
Monaco,2025,TSU,41,78.913
Monaco,2025,TSU,42,78.272
Monaco,2025,TSU,43,77.292
Monaco,2025,TSU,44,78.05
Monaco,2025,TSU,45,78.827
Monaco,2025,TSU,46,79.266
Monaco,2025,TSU,47,79.246
Monaco,2025,TSU,48,80.203
Monaco,2025,TSU,49,78.979
Monaco,2025,TSU,50,77.998
Monaco,2025,TSU,51,79.205
Monaco,2025,TSU,52,80.267
Monaco,2025,TSU,53,81.891
Monaco,2025,TSU,54,79.395
Monaco,2025,TSU,55,79.566
Monaco,2025,TSU,56,78.811
Monaco,2025,TSU,57,78.408
Monaco,2025,TSU,58,78.497
Monaco,2025,TSU,59,78.253
Monaco,2025,TSU,60,79.028
Monaco,2025,TSU,61,78.81
Monaco,2025,TSU,62,78.547
Monaco,2025,TSU,63,78.43
Monaco,2025,TSU,64,78.923
Monaco,2025,TSU,65,78.512
Monaco,2025,TSU,66,77.611
Monaco,2025,TSU,67,77.61
Monaco,2025,TSU,68,75.969
Monaco,2025,TSU,69,75.966
Monaco,2025,TSU,70,78.332
Italy,2024,STR,17,86.593
Italy,2024,STR,18,86.584
Italy,2024,STR,21,87.524
Italy,2024,STR,22,84.721
Italy,2024,STR,23,84.721
Italy,2024,STR,24,84.659
Italy,2024,STR,25,84.768
Italy,2024,STR,26,84.743
Italy,2024,STR,27,84.491
Italy,2024,STR,28,84.437
Italy,2024,STR,29,84.618
Italy,2024,STR,30,85.397
Italy,2024,STR,31,86.377
Italy,2024,STR,32,84.749
Italy,2024,STR,33,85.576
Italy,2024,STR,34,84.947
Italy,2024,STR,35,84.856
Italy,2024,STR,38,84.863
Italy,2024,STR,39,83.617
Italy,2024,STR,40,84.43
Italy,2024,STR,41,85.777
Italy,2024,STR,42,83.702
Italy,2024,STR,43,83.823
Italy,2024,STR,44,83.81
Italy,2024,STR,45,83.654
Italy,2024,STR,46,83.427
Japan,2025,HAM,17,94.068
Japan,2025,HAM,18,93.76
Japan,2025,HAM,19,94.034
Japan,2025,HAM,20,94.077
Japan,2025,HAM,21,93.747
Japan,2025,HAM,22,93.729
Japan,2025,HAM,23,93.698
Japan,2025,HAM,24,93.177
Japan,2025,HAM,25,93.548
Japan,2025,HAM,26,93.387
Japan,2025,HAM,27,93.204
Japan,2025,HAM,28,93.152
Japan,2025,HAM,29,93.04
Japan,2025,HAM,32,93.215
Japan,2025,HAM,33,91.803
Japan,2025,HAM,34,91.589
Japan,2025,HAM,35,91.884
Japan,2025,HAM,36,92.385
Japan,2025,HAM,37,91.915
Japan,2025,HAM,38,91.889
Japan,2025,HAM,39,91.869
Japan,2025,HAM,40,91.978
Japan,2025,HAM,41,91.663
Japan,2025,HAM,42,91.569
Japan,2025,HAM,43,91.517
Japan,2025,HAM,44,92.634
Japan,2025,HAM,45,92.185
Japan,2025,HAM,46,92.668
Japan,2025,HAM,47,91.792
Japan,2025,HAM,48,91.603
Japan,2025,HAM,49,91.502
Japan,2024,STR,21,99.248
Japan,2024,STR,24,99.552
Japan,2024,STR,25,96.761
Japan,2024,STR,26,96.995
Japan,2024,STR,27,97.307
Japan,2024,STR,28,97.244
Japan,2024,STR,29,97.088
Japan,2024,STR,30,97.633
Japan,2024,STR,31,97.361
Japan,2024,STR,32,97.729
Japan,2024,STR,33,98.202
Japan,2024,STR,36,99.609
Japan,2024,STR,37,95.973
Japan,2024,STR,38,96.284
Japan,2024,STR,39,96.356
Japan,2024,STR,40,96.614
Japan,2024,STR,42,95.844
Japan,2024,STR,43,96.556
Japan,2024,STR,44,96.503
Japan,2024,STR,45,96.485
Japan,2024,STR,46,96.806
Japan,2024,STR,47,96.35
Japan,2024,STR,48,96.704
Hungary,2025,BEA,17,83.967
Hungary,2025,BEA,18,83.679
Hungary,2025,BEA,19,83.719
Hungary,2025,BEA,20,83.702
Hungary,2025,BEA,21,83.87
Hungary,2025,BEA,22,83.89
Hungary,2025,BEA,23,83.86
Hungary,2025,BEA,24,83.625
Hungary,2025,BEA,25,83.914
Hungary,2025,BEA,26,83.894
Hungary,2025,BEA,27,84.197
Hungary,2025,BEA,28,84.018
Hungary,2025,BEA,29,84.409
Hungary,2025,BEA,32,83.891
Hungary,2025,BEA,33,82.059
Hungary,2025,BEA,34,82.531
Hungary,2025,BEA,35,82.762
Hungary,2025,BEA,36,82.519
Hungary,2025,BEA,37,82.431
Hungary,2025,BEA,38,81.989
Hungary,2025,BEA,39,83.884
Hungary,2025,BEA,40,82.22
Hungary,2025,BEA,41,82.191
Hungary,2025,BEA,42,82.869
Hungary,2025,BEA,43,82.247
United States,2024,ZHO,24,102.259
United States,2024,ZHO,25,101.649
United States,2024,ZHO,26,101.696
United States,2024,ZHO,27,101.364
United States,2024,ZHO,28,101.186
United States,2024,ZHO,29,101.42
United States,2024,ZHO,30,102.231
United States,2024,ZHO,31,101.532
United States,2024,ZHO,32,101.502
United States,2024,ZHO,33,101.643
United States,2024,ZHO,34,101.13
United States,2024,ZHO,37,101.387
United States,2024,ZHO,38,100.161
United States,2024,ZHO,39,100.148
United States,2024,ZHO,41,101.88
United States,2024,ZHO,42,100.342
United States,2024,ZHO,43,100.168
United States,2024,ZHO,44,100.241
United States,2024,ZHO,45,100.033
United States,2024,ZHO,46,99.658
United States,2024,ZHO,47,99.858
United States,2024,ZHO,48,99.625
United States,2024,ZHO,49,100.219
United States,2024,ZHO,50,100.24
United States,2024,ZHO,51,99.963
Netherlands,2025,ALO,17,77.318
Netherlands,2025,ALO,20,77.024
Netherlands,2025,ALO,21,75.053
Netherlands,2025,ALO,27,75.58
Netherlands,2025,ALO,28,79.151
Netherlands,2025,ALO,29,76.174
Netherlands,2025,ALO,30,76.247
Netherlands,2025,ALO,33,76.5
Netherlands,2025,ALO,34,76.019
Netherlands,2025,ALO,36,75.918
Netherlands,2025,ALO,37,75.988
Netherlands,2025,ALO,38,76.245
Netherlands,2025,ALO,39,76.162
Netherlands,2025,ALO,42,76.2
Netherlands,2025,ALO,43,73.719
Netherlands,2025,ALO,44,74.261
Netherlands,2025,ALO,45,74.344
Netherlands,2025,ALO,46,74.588
Netherlands,2025,ALO,47,74.913
Netherlands,2025,ALO,48,74.807
Netherlands,2025,ALO,49,76.083
Netherlands,2025,ALO,50,76.157
Netherlands,2025,ALO,51,76.48
Netherlands,2025,ALO,58,76.189
Netherlands,2025,ALO,59,76.892
Netherlands,2025,ALO,60,75.196
Netherlands,2025,ALO,61,75.948
Netherlands,2025,ALO,62,75.645
Netherlands,2025,ALO,63,76.274
Netherlands,2025,ALO,64,75.89
Bahrain,2025,ALO,19,98.139
Bahrain,2025,ALO,20,97.955
Bahrain,2025,ALO,21,98.474
Bahrain,2025,ALO,22,99.001
Bahrain,2025,ALO,23,98.549
Bahrain,2025,ALO,24,98.508
Bahrain,2025,ALO,25,98.759
Bahrain,2025,ALO,26,99.199
Bahrain,2025,ALO,27,98.311
Bahrain,2025,ALO,28,98.679
Bahrain,2025,ALO,29,98.897
Bahrain,2025,ALO,30,98.702
Bahrain,2025,ALO,31,98.477
Bahrain,2025,ALO,36,100.181
Bahrain,2025,ALO,37,100.731
Bahrain,2025,ALO,38,98.646
Bahrain,2025,ALO,39,97.906
Bahrain,2025,ALO,40,98.391
Bahrain,2025,ALO,41,98.388
Bahrain,2025,ALO,42,98.53
Bahrain,2025,ALO,43,98.683
Bahrain,2025,ALO,44,98.974
Bahrain,2025,ALO,45,98.268
Bahrain,2025,ALO,46,98.421
Bahrain,2025,ALO,47,98.02
Bahrain,2025,ALO,48,98.118
Bahrain,2025,ALO,49,98.329
Bahrain,2025,ALO,50,98.542
Bahrain,2025,ALO,51,98.116
Bahrain,2025,ALO,52,98.237
Bahrain,2025,ALO,53,98.61
Italy,2024,VER,17,85.244
Italy,2024,VER,18,85.34
Italy,2024,VER,19,85.469
Italy,2024,VER,20,85.537
Italy,2024,VER,21,85.559
Italy,2024,VER,24,85.381
Italy,2024,VER,25,83.545
Italy,2024,VER,26,83.801
Italy,2024,VER,27,83.618
Italy,2024,VER,28,83.524
Italy,2024,VER,29,83.509
Italy,2024,VER,30,83.452
Italy,2024,VER,31,83.542
Italy,2024,VER,32,83.424
Italy,2024,VER,33,83.49
Italy,2024,VER,34,83.621
Italy,2024,VER,35,83.576
Italy,2024,VER,36,83.589
Italy,2024,VER,37,83.559
Italy,2024,VER,38,83.485
Italy,2024,VER,39,83.427
Italy,2024,VER,40,83.501
Italy,2024,VER,43,84.337
Italy,2024,VER,44,81.745
Italy,2024,VER,45,83.045
Italy,2024,VER,46,83.363
Italy,2024,VER,47,82.941
Italy,2024,VER,48,82.52
Italy,2024,VER,49,82.57
Miami,2025,BOR,21,93.89
Miami,2025,BOR,22,92.328
Miami,2025,BOR,23,92.414
Miami,2025,BOR,24,92.423
Bahrain,2025,DOO,19,98.549
Bahrain,2025,DOO,20,98.298
Bahrain,2025,DOO,21,99.266
Bahrain,2025,DOO,22,98.973
Bahrain,2025,DOO,23,99.897
Bahrain,2025,DOO,24,98.842
Bahrain,2025,DOO,25,99.422
Bahrain,2025,DOO,26,99.323
Bahrain,2025,DOO,27,99.752
Bahrain,2025,DOO,30,99.521
Bahrain,2025,DOO,31,97.587
Bahrain,2025,DOO,36,96.682
Bahrain,2025,DOO,37,98.497
Bahrain,2025,DOO,38,97.578
Bahrain,2025,DOO,39,98.144
Bahrain,2025,DOO,40,97.529
Bahrain,2025,DOO,41,97.493
Bahrain,2025,DOO,42,97.535
Bahrain,2025,DOO,43,97.533
Bahrain,2025,DOO,44,97.776
Bahrain,2025,DOO,45,97.882
Bahrain,2025,DOO,46,99.001
Bahrain,2025,DOO,47,99.544
Bahrain,2025,DOO,48,98.916
Bahrain,2025,DOO,49,98.35
Bahrain,2025,DOO,50,98.193
Bahrain,2025,DOO,51,99.473
Bahrain,2025,DOO,52,98.58
Bahrain,2025,DOO,53,98.395
China,2024,HUL,19,103.019
China,2024,HUL,32,102.465
China,2024,HUL,33,100.815
China,2024,HUL,34,100.879
China,2024,HUL,35,100.864
China,2024,HUL,36,101.035
China,2024,HUL,37,101.223
China,2024,HUL,38,101.127
China,2024,HUL,39,100.998
China,2024,HUL,40,101.268
China,2024,HUL,41,101.593
China,2024,HUL,42,102.174
China,2024,HUL,43,101.672
China,2024,HUL,44,101.373
China,2024,HUL,45,101.346
China,2024,HUL,46,101.234
China,2024,HUL,47,101.518
China,2024,HUL,48,101.998
China,2024,HUL,49,101.196
China,2024,HUL,50,101.241
China,2024,HUL,51,101.331
China,2024,HUL,52,101.549
Miami,2025,HUL,45,91.108
Miami,2025,HUL,46,91.321
Miami,2025,HUL,47,91.053
Miami,2025,HUL,48,91.052
Miami,2025,HUL,49,91.124
Miami,2025,HUL,50,91.154
Miami,2025,HUL,51,91.227
Miami,2025,HUL,52,91.363
Netherlands,2024,RUS,17,76.257
Netherlands,2024,RUS,18,76.265
Netherlands,2024,RUS,19,76.582
Netherlands,2024,RUS,20,76.572
Netherlands,2024,RUS,21,76.631
Netherlands,2024,RUS,22,76.641
Netherlands,2024,RUS,23,76.733
Netherlands,2024,RUS,24,76.755
Netherlands,2024,RUS,27,76.961
Netherlands,2024,RUS,28,74.532
Netherlands,2024,RUS,29,75.748
Netherlands,2024,RUS,30,77.452
Netherlands,2024,RUS,31,75.663
Netherlands,2024,RUS,32,75.833
Netherlands,2024,RUS,33,75.625
Netherlands,2024,RUS,34,75.566
Netherlands,2024,RUS,35,75.039
Netherlands,2024,RUS,36,74.906
Netherlands,2024,RUS,37,75.125
Netherlands,2024,RUS,38,75.258
Netherlands,2024,RUS,39,75.548
Netherlands,2024,RUS,40,75.294
Netherlands,2024,RUS,41,76.372
Netherlands,2024,RUS,42,75.537
Netherlands,2024,RUS,43,75.454
Netherlands,2024,RUS,44,75.603
Netherlands,2024,RUS,45,75.305
Netherlands,2024,RUS,46,74.91
Netherlands,2024,RUS,47,74.846
Netherlands,2024,RUS,48,75.064
Netherlands,2024,RUS,49,75.361
Netherlands,2024,RUS,50,75.096
Netherlands,2024,RUS,51,75.161
Netherlands,2024,RUS,52,75.263
Netherlands,2024,RUS,53,75.344
Netherlands,2024,RUS,56,75.441
Netherlands,2024,RUS,57,73.972
Netherlands,2024,RUS,58,73.927
Netherlands,2024,RUS,59,74.129
Netherlands,2024,RUS,60,74.072
Netherlands,2024,RUS,61,74.09
Netherlands,2024,RUS,62,74.286
Netherlands,2024,RUS,63,74.717
Netherlands,2024,RUS,64,75.431
Netherlands,2024,RUS,65,74.769
Netherlands,2024,RUS,66,74.347
Netherlands,2024,RUS,67,74.401
Netherlands,2024,RUS,68,74.287
Singapore,2025,VER,18,97.231
Singapore,2025,VER,21,97.449
Singapore,2025,VER,22,96.786
Singapore,2025,VER,23,96.33
Singapore,2025,VER,24,96.084
Singapore,2025,VER,25,96.359
Singapore,2025,VER,26,95.87
Singapore,2025,VER,27,95.938
Singapore,2025,VER,28,96.002
Singapore,2025,VER,29,95.732
Singapore,2025,VER,30,96.15
Singapore,2025,VER,31,95.649
Singapore,2025,VER,32,95.751
Singapore,2025,VER,33,95.684
Singapore,2025,VER,34,95.676
Singapore,2025,VER,35,95.815
Singapore,2025,VER,36,95.898
Singapore,2025,VER,37,97.774
Singapore,2025,VER,38,96.42
Singapore,2025,VER,39,96.064
Singapore,2025,VER,40,96.298
Singapore,2025,VER,41,96.13
Singapore,2025,VER,42,96.263
Singapore,2025,VER,43,96.448
Singapore,2025,VER,44,97.09
Singapore,2025,VER,46,96.872
Singapore,2025,VER,47,97.54
Singapore,2025,VER,48,97.51
Singapore,2025,VER,49,97.119
Singapore,2025,VER,50,96.211
Singapore,2025,VER,51,96.08
Singapore,2025,VER,52,96.257
Singapore,2025,VER,53,96.687
Singapore,2025,VER,54,97.611
Singapore,2025,VER,55,96.581
Singapore,2025,VER,56,96.326
Singapore,2025,VER,57,96.666
Singapore,2025,VER,58,96.142
São Paulo,2024,GAS,19,84.199
São Paulo,2024,GAS,20,84.214
São Paulo,2024,GAS,21,84.381
São Paulo,2024,GAS,22,83.92
São Paulo,2024,GAS,23,83.996
São Paulo,2024,GAS,24,84.744
São Paulo,2024,GAS,25,84.399
São Paulo,2024,GAS,29,84.41
São Paulo,2024,GAS,35,102.264
São Paulo,2024,GAS,37,88.741
São Paulo,2024,GAS,45,85.284
São Paulo,2024,GAS,46,84.087
São Paulo,2024,GAS,47,83.511
São Paulo,2024,GAS,48,83.498
São Paulo,2024,GAS,49,83.53
São Paulo,2024,GAS,50,83.183
São Paulo,2024,GAS,53,83.033
São Paulo,2024,GAS,54,82.512
São Paulo,2024,GAS,55,82.739
São Paulo,2024,GAS,56,82.75
São Paulo,2024,GAS,57,82.747
São Paulo,2024,GAS,58,82.468
São Paulo,2024,GAS,59,82.385
São Paulo,2024,GAS,60,82.408
São Paulo,2024,GAS,61,82.093
São Paulo,2024,GAS,62,82.22
São Paulo,2024,GAS,63,82.097
São Paulo,2024,GAS,64,81.828
São Paulo,2024,GAS,65,81.707
Azerbaijan,2025,STR,23,107.394
Azerbaijan,2025,STR,24,107.235
Azerbaijan,2025,STR,25,107.093
Azerbaijan,2025,STR,26,107.061
Azerbaijan,2025,STR,27,107.259
Azerbaijan,2025,STR,28,106.821
Azerbaijan,2025,STR,29,107.102
Azerbaijan,2025,STR,30,107.036
Azerbaijan,2025,STR,31,107.258
Azerbaijan,2025,STR,32,106.909
Azerbaijan,2025,STR,33,106.634
Azerbaijan,2025,STR,34,106.442
Azerbaijan,2025,STR,35,106.755
Azerbaijan,2025,STR,36,106.75
Azerbaijan,2025,STR,39,106.668
Azerbaijan,2025,STR,40,105.555
Azerbaijan,2025,STR,41,105.745
Azerbaijan,2025,STR,42,105.798
Azerbaijan,2025,STR,43,105.789
Azerbaijan,2025,STR,44,105.623
Azerbaijan,2025,STR,45,105.651
Azerbaijan,2025,STR,46,105.356
Azerbaijan,2025,STR,47,105.453
Great Britain,2025,GAS,21,71.208
Great Britain,2025,GAS,22,71.32
Great Britain,2025,GAS,23,71.343
Great Britain,2025,GAS,24,71.065
Great Britain,2025,GAS,25,71.337
Great Britain,2025,GAS,26,71.918
Great Britain,2025,GAS,27,71.328
Great Britain,2025,GAS,28,73.418
Great Britain,2025,GAS,29,72.238
Great Britain,2025,GAS,31,71.575
Great Britain,2025,GAS,32,71.38
Great Britain,2025,GAS,33,71.787
Great Britain,2025,GAS,34,72.553
Great Britain,2025,GAS,35,71.705
Great Britain,2025,GAS,36,72.905
Great Britain,2025,GAS,37,71.629
Great Britain,2025,GAS,40,71.574
Great Britain,2025,GAS,41,70.757
Great Britain,2025,GAS,42,70.241
Great Britain,2025,GAS,43,70.463
Great Britain,2025,GAS,44,70.216
Great Britain,2025,GAS,45,70.405
Great Britain,2025,GAS,46,70.179
Great Britain,2025,GAS,47,70.151
Great Britain,2025,GAS,48,70.21
Great Britain,2025,GAS,49,70.476
Great Britain,2025,GAS,50,70.554
Great Britain,2025,GAS,51,70.723
Great Britain,2025,GAS,52,71.133
Great Britain,2025,GAS,53,70.902
Great Britain,2025,GAS,54,70.383
Great Britain,2025,GAS,55,71.812
Great Britain,2025,GAS,56,71.228
Great Britain,2025,GAS,57,71.532
Great Britain,2025,GAS,58,70.284
Great Britain,2025,GAS,59,70.444
Great Britain,2025,GAS,60,70.222
Great Britain,2025,GAS,61,70.981
Great Britain,2025,GAS,62,70.903
Great Britain,2025,GAS,63,71.168
Great Britain,2025,GAS,64,71.62
Great Britain,2025,GAS,65,70.72
Italy,2024,RUS,19,84.521
Italy,2024,RUS,20,84.706
Italy,2024,RUS,21,85.504
Italy,2024,RUS,22,84.626
Italy,2024,RUS,23,84.711
Italy,2024,RUS,24,84.624
Italy,2024,RUS,25,84.621
Italy,2024,RUS,26,85.174
Italy,2024,RUS,27,83.575
Italy,2024,RUS,28,83.732
Italy,2024,RUS,29,83.383
Italy,2024,RUS,30,83.516
Italy,2024,RUS,31,83.177
Italy,2024,RUS,32,85.331
Italy,2024,RUS,35,83.542
Italy,2024,RUS,36,82.944
Italy,2024,RUS,37,83.333
Italy,2024,RUS,38,83.158
Italy,2024,RUS,39,85.166
Italy,2024,RUS,40,83.142
Italy,2024,RUS,41,82.886
Italy,2024,RUS,42,84.039
Italy,2024,RUS,43,82.799
Italy,2024,RUS,44,82.939
Italy,2024,RUS,45,82.923
Italy,2024,RUS,46,82.685
Italy,2024,RUS,47,82.419
Italy,2024,RUS,48,82.343
Italy,2024,RUS,49,82.165
Austria,2024,RIC,19,71.658
Austria,2024,RIC,20,72.066
Austria,2024,RIC,21,71.375
Austria,2024,RIC,22,71.37
Austria,2024,RIC,23,72.24
Austria,2024,RIC,24,71.394
Austria,2024,RIC,25,71.467
Austria,2024,RIC,26,71.621
Austria,2024,RIC,27,71.663
Austria,2024,RIC,28,71.682
Austria,2024,RIC,29,71.742
Austria,2024,RIC,30,72.013
Austria,2024,RIC,31,71.852
Austria,2024,RIC,32,71.667
Austria,2024,RIC,33,71.929
Austria,2024,RIC,34,71.633
Austria,2024,RIC,35,71.904
Austria,2024,RIC,36,72.009
Austria,2024,RIC,39,72.057
Austria,2024,RIC,40,70.788
Austria,2024,RIC,41,70.856
Austria,2024,RIC,42,70.73
Austria,2024,RIC,43,70.594
Austria,2024,RIC,44,70.743
Austria,2024,RIC,45,70.943
Austria,2024,RIC,46,70.828
Austria,2024,RIC,47,70.923
Austria,2024,RIC,48,70.673
Austria,2024,RIC,49,70.646
Austria,2024,RIC,50,70.426
Austria,2024,RIC,51,70.518
Austria,2024,RIC,52,71.048
Austria,2024,RIC,53,70.939
Austria,2024,RIC,54,71.896
Austria,2024,RIC,55,70.869
Austria,2024,RIC,56,70.875
Austria,2024,RIC,57,70.56
Austria,2024,RIC,58,70.616
Austria,2024,RIC,59,70.91
Austria,2024,RIC,60,70.907
Austria,2024,RIC,61,70.581
Austria,2024,RIC,62,70.929
Austria,2024,RIC,64,71.048
Austria,2024,RIC,67,71.574
Italy,2024,NOR,19,83.92
Italy,2024,NOR,20,84.152
Italy,2024,NOR,21,83.882
Italy,2024,NOR,22,83.753
Italy,2024,NOR,23,83.652
Italy,2024,NOR,24,83.581
Italy,2024,NOR,25,83.601
Italy,2024,NOR,26,83.321
Italy,2024,NOR,27,83.469
Italy,2024,NOR,28,83.267
Italy,2024,NOR,29,83.067
Italy,2024,NOR,30,83.3
Italy,2024,NOR,31,83.614
Italy,2024,NOR,34,84.94
Italy,2024,NOR,35,82.837
Italy,2024,NOR,36,83.137
Italy,2024,NOR,37,83.114
Italy,2024,NOR,38,83.178
Italy,2024,NOR,39,83.133
Italy,2024,NOR,40,83.061
Italy,2024,NOR,41,84.162
Italy,2024,NOR,42,82.234
Italy,2024,NOR,43,82.678
Italy,2024,NOR,44,82.25
Italy,2024,NOR,45,82.403
Italy,2024,NOR,46,82.398
Italy,2024,NOR,47,82.041
Italy,2024,NOR,48,83.852
Italy,2024,NOR,49,81.824
Monaco,2025,HAD,28,76.482
Monaco,2025,HAD,29,76.441
Monaco,2025,HAD,30,76.497
Monaco,2025,HAD,31,76.432
Monaco,2025,HAD,32,76.289
Monaco,2025,HAD,33,76.307
Monaco,2025,HAD,34,76.044
Monaco,2025,HAD,35,76.07
Monaco,2025,HAD,36,76.212
Monaco,2025,HAD,38,76.125
Monaco,2025,HAD,39,76.4
Monaco,2025,HAD,40,76.92
Monaco,2025,HAD,41,77.025
Monaco,2025,HAD,42,77.242
Monaco,2025,HAD,43,79.685
Monaco,2025,HAD,44,78.924
Monaco,2025,HAD,45,76.93
Monaco,2025,HAD,46,77.914
Monaco,2025,HAD,47,79.607
Monaco,2025,HAD,48,77.129
Monaco,2025,HAD,49,77.451
Monaco,2025,HAD,50,78.076
Monaco,2025,HAD,51,77.235
Monaco,2025,HAD,52,78.932
Monaco,2025,HAD,53,77.718
Monaco,2025,HAD,54,77.42
Monaco,2025,HAD,55,79.723
Monaco,2025,HAD,56,77.863
Monaco,2025,HAD,57,77.484
Monaco,2025,HAD,58,77.268
Monaco,2025,HAD,59,76.984
Monaco,2025,HAD,60,77.717
Monaco,2025,HAD,61,78.008
Monaco,2025,HAD,62,78.069
Monaco,2025,HAD,63,77.876
Monaco,2025,HAD,64,78.071
Monaco,2025,HAD,65,78.299
Monaco,2025,HAD,66,78.125
Monaco,2025,HAD,67,77.52
Monaco,2025,HAD,68,79.017
Monaco,2025,HAD,69,77.28
Monaco,2025,HAD,70,76.917
Monaco,2025,HAD,71,77.002
Monaco,2025,HAD,72,76.798
Monaco,2025,HAD,73,76.92
Monaco,2025,ALB,24,76.556
Monaco,2025,ALB,25,76.954
Monaco,2025,ALB,26,77.653
Monaco,2025,ALB,27,77.264
Monaco,2025,ALB,28,77.185
Monaco,2025,ALB,29,76.701
Monaco,2025,ALB,30,76.969
Monaco,2025,ALB,31,76.888
Monaco,2025,ALB,34,76.87
Monaco,2025,ALB,35,80.232
Monaco,2025,ALB,36,76.381
Monaco,2025,ALB,38,76.185
Monaco,2025,ALB,39,75.529
Monaco,2025,ALB,42,75.303
Monaco,2025,ALB,43,78.819
Monaco,2025,ALB,44,78.638
Monaco,2025,ALB,45,79.225
Monaco,2025,ALB,46,79.224
Monaco,2025,ALB,47,79.332
Monaco,2025,ALB,48,79.173
Monaco,2025,ALB,49,80.193
Monaco,2025,ALB,50,78.234
Monaco,2025,ALB,51,79.166
Monaco,2025,ALB,52,79.828
Monaco,2025,ALB,53,80.13
Monaco,2025,ALB,54,79.403
Monaco,2025,ALB,55,77.389
Monaco,2025,ALB,56,77.086
Monaco,2025,ALB,57,79.159
Monaco,2025,ALB,58,76.136
Monaco,2025,ALB,59,75.795
Monaco,2025,ALB,60,75.509
Monaco,2025,ALB,61,75.726
Monaco,2025,ALB,62,76.046
Monaco,2025,ALB,63,76.37
Monaco,2025,ALB,64,75.082
Monaco,2025,ALB,65,76.228
Monaco,2025,ALB,66,75.156
Monaco,2025,ALB,67,74.87
Monaco,2025,ALB,68,74.928
Monaco,2025,ALB,69,74.885
Monaco,2025,ALB,70,76.79
Monaco,2025,ALB,71,76.01
Monaco,2025,ALB,72,75.751
Las Vegas,2024,LAW,19,99.416
Las Vegas,2024,LAW,20,99.226
Las Vegas,2024,LAW,21,99.385
Las Vegas,2024,LAW,22,99.297
Las Vegas,2024,LAW,23,99.694
Las Vegas,2024,LAW,24,99.04
Las Vegas,2024,LAW,25,99.658
Las Vegas,2024,LAW,26,99.676
Las Vegas,2024,LAW,27,98.737
Las Vegas,2024,LAW,28,99.98
Las Vegas,2024,LAW,29,100.637
Las Vegas,2024,LAW,30,98.861
Las Vegas,2024,LAW,31,99.243
Las Vegas,2024,LAW,32,99.853
Las Vegas,2024,LAW,33,99.134
Las Vegas,2024,LAW,34,99.583
Las Vegas,2024,LAW,35,100.525
Las Vegas,2024,LAW,36,99.045
Las Vegas,2024,LAW,37,100.531
Las Vegas,2024,LAW,40,100.72
Las Vegas,2024,LAW,41,98.166
Las Vegas,2024,LAW,42,97.463
Las Vegas,2024,LAW,43,97.318
Las Vegas,2024,LAW,44,97.195
Las Vegas,2024,LAW,45,97.102
Las Vegas,2024,LAW,46,96.98
Canada,2024,ALO,18,88.248
Canada,2024,ALO,19,86.318
Canada,2024,ALO,20,86.192
Canada,2024,ALO,21,85.488
Canada,2024,ALO,22,86.07
Canada,2024,ALO,23,85.451
Canada,2024,ALO,24,85.977
Canada,2024,ALO,30,86.664
Canada,2024,ALO,31,88.464
Canada,2024,ALO,32,90.492
Canada,2024,ALO,33,91.726
Canada,2024,ALO,34,90.703
Canada,2024,ALO,35,88.854
Canada,2024,ALO,36,87.872
Canada,2024,ALO,37,87.681
Canada,2024,ALO,38,87.337
Canada,2024,ALO,39,87.139
Canada,2024,ALO,40,86.045
Canada,2024,ALO,42,85.596
Canada,2024,ALO,43,84.768
Canada,2024,ALO,46,84.453
Canada,2024,ALO,47,86.09
Canada,2024,ALO,48,84.861
Canada,2024,ALO,50,83.117
Canada,2024,ALO,51,79.783
Canada,2024,ALO,59,79.455
Canada,2024,ALO,60,80.627
Canada,2024,ALO,61,78.612
Canada,2024,ALO,62,77.675
Canada,2024,ALO,63,77.68
Canada,2024,ALO,64,77.153
Canada,2024,ALO,65,77.182
Azerbaijan,2024,ALO,19,109.515
Azerbaijan,2024,ALO,20,109.239
Azerbaijan,2024,ALO,21,109.379
Azerbaijan,2024,ALO,22,109.151
Azerbaijan,2024,ALO,23,109.047
Azerbaijan,2024,ALO,24,109.104
Azerbaijan,2024,ALO,25,108.835
Azerbaijan,2024,ALO,26,109.02
Azerbaijan,2024,ALO,27,109.178
Azerbaijan,2024,ALO,28,108.729
Azerbaijan,2024,ALO,29,108.635
Azerbaijan,2024,ALO,30,108.782
Azerbaijan,2024,ALO,31,109.589
Azerbaijan,2024,ALO,32,108.979
Azerbaijan,2024,ALO,33,110.08
Azerbaijan,2024,ALO,34,108.825
Azerbaijan,2024,ALO,35,109.26
Azerbaijan,2024,ALO,37,109.533
Azerbaijan,2024,ALO,38,107.889
Azerbaijan,2024,ALO,39,108.131
Azerbaijan,2024,ALO,40,107.97
Azerbaijan,2024,ALO,41,107.719
Azerbaijan,2024,ALO,42,107.956
Azerbaijan,2024,ALO,43,107.351
Azerbaijan,2024,ALO,44,107.486
Hungary,2025,TSU,17,83.597
Hungary,2025,TSU,18,83.566
Hungary,2025,TSU,19,83.615
Hungary,2025,TSU,22,83.799
Hungary,2025,TSU,23,81.42
Hungary,2025,TSU,24,81.331
Hungary,2025,TSU,25,81.778
Hungary,2025,TSU,26,81.831
Hungary,2025,TSU,27,82.251
Hungary,2025,TSU,28,82.243
Hungary,2025,TSU,29,82.328
Hungary,2025,TSU,30,82.355
Hungary,2025,TSU,31,82.803
Hungary,2025,TSU,32,83.361
Hungary,2025,TSU,33,83.315
Hungary,2025,TSU,34,83.438
Hungary,2025,TSU,35,83.499
Hungary,2025,TSU,36,83.362
Hungary,2025,TSU,39,82.961
Hungary,2025,TSU,40,82.068
Hungary,2025,TSU,41,81.234
Hungary,2025,TSU,42,81.417
Hungary,2025,TSU,43,81.298
Hungary,2025,TSU,44,81.569
Hungary,2025,TSU,45,81.45
Hungary,2025,TSU,46,83.394
Hungary,2025,TSU,47,81.18
Hungary,2025,TSU,48,81.8
Hungary,2025,TSU,49,81.934
Hungary,2025,TSU,50,86.232
Hungary,2025,TSU,51,82.361
Hungary,2025,TSU,52,81.935
Hungary,2025,TSU,53,84.09
Hungary,2025,TSU,54,82.789
Hungary,2025,TSU,55,81.93
Hungary,2025,TSU,56,81.628
Hungary,2025,TSU,57,81.521
Hungary,2025,TSU,58,81.408
Hungary,2025,TSU,59,81.672
Hungary,2025,TSU,60,81.3
Hungary,2025,TSU,61,81.552
Hungary,2025,TSU,62,81.458
Hungary,2025,TSU,63,81.839
Hungary,2025,TSU,64,82.062
Hungary,2025,TSU,65,82.679
Monaco,2025,COL,28,77.209
Monaco,2025,COL,29,78.135
Monaco,2025,COL,30,75.914
Monaco,2025,COL,31,75.298
Monaco,2025,COL,32,76.007
Monaco,2025,COL,33,79.845
Monaco,2025,COL,34,78.528
Monaco,2025,COL,35,78.704
Monaco,2025,COL,36,78.67
Monaco,2025,COL,38,77.955
Monaco,2025,COL,39,78.728
Monaco,2025,COL,40,78.889
Monaco,2025,COL,41,78.443
Monaco,2025,COL,42,78.866
Monaco,2025,COL,43,77.798
Monaco,2025,COL,44,77.541
Monaco,2025,COL,45,78.439
Monaco,2025,COL,46,78.71
Monaco,2025,COL,47,80.19
Monaco,2025,COL,48,79.889
Monaco,2025,COL,49,78.24
Monaco,2025,COL,50,78.159
Monaco,2025,COL,51,79.965
Monaco,2025,COL,52,80.722
Monaco,2025,COL,53,80.423
Monaco,2025,COL,54,80.255
Monaco,2025,COL,55,78.71
Monaco,2025,COL,56,78.692
Monaco,2025,COL,57,78.489
Monaco,2025,COL,58,78.426
Monaco,2025,COL,59,78.249
Monaco,2025,COL,60,79.063
Monaco,2025,COL,61,78.687
Monaco,2025,COL,62,78.878
Monaco,2025,COL,63,78.214
Monaco,2025,COL,64,78.877
Monaco,2025,COL,65,78.379
Monaco,2025,COL,66,77.338
Monaco,2025,COL,67,77.517
Monaco,2025,COL,68,78.018
Monaco,2025,COL,69,77.1
Monaco,2025,COL,70,76.703
Monaco,2025,COL,71,76.707
Monaco,2025,COL,72,76.256
Singapore,2025,OCO,18,98.425
Singapore,2025,OCO,19,98.484
Singapore,2025,OCO,20,98.363
Singapore,2025,OCO,21,98.274
Singapore,2025,OCO,22,98.511
Singapore,2025,OCO,23,98.526
Singapore,2025,OCO,24,98.493
Singapore,2025,OCO,25,98.344
Singapore,2025,OCO,26,98.512
Singapore,2025,OCO,27,98.632
Singapore,2025,OCO,28,98.565
Singapore,2025,OCO,29,98.579
Singapore,2025,OCO,32,98.448
Singapore,2025,OCO,33,96.646
Singapore,2025,OCO,34,97.017
Singapore,2025,OCO,35,97.416
Singapore,2025,OCO,36,98.609
Singapore,2025,OCO,37,98.472
Singapore,2025,OCO,38,98.617
Singapore,2025,OCO,39,98.53
Singapore,2025,OCO,40,98.148
Singapore,2025,OCO,41,98.437
Singapore,2025,OCO,42,98.411
Singapore,2025,OCO,43,101.821
Singapore,2025,OCO,45,100.519
Singapore,2025,OCO,46,98.767
Singapore,2025,OCO,47,101.375
Singapore,2025,OCO,48,97.55
Singapore,2025,OCO,49,99.787
Singapore,2025,OCO,50,98.536
Singapore,2025,OCO,51,100.651
Singapore,2025,OCO,52,100.34
Singapore,2025,OCO,53,100.037
Singapore,2025,OCO,54,97.643
Singapore,2025,OCO,55,102.034
Singapore,2025,OCO,56,97.873
Singapore,2025,OCO,57,98.859
Netherlands,2025,ANT,17,77.224
Netherlands,2025,ANT,18,76.97
Netherlands,2025,ANT,19,77.037
Netherlands,2025,ANT,20,77.489
Netherlands,2025,ANT,21,76.641
Netherlands,2025,ANT,22,76.683
Netherlands,2025,ANT,27,76.236
Netherlands,2025,ANT,28,77.283
Netherlands,2025,ANT,29,74.965
Netherlands,2025,ANT,30,75.413
Netherlands,2025,ANT,33,75.011
Netherlands,2025,ANT,34,75.002
Netherlands,2025,ANT,36,75.148
Netherlands,2025,ANT,37,75.207
Netherlands,2025,ANT,38,75.338
Netherlands,2025,ANT,39,75.232
Netherlands,2025,ANT,40,75.287
Netherlands,2025,ANT,41,75.073
Netherlands,2025,ANT,42,74.946
Netherlands,2025,ANT,43,74.692
Netherlands,2025,ANT,44,74.791
Netherlands,2025,ANT,45,75.068
Netherlands,2025,ANT,46,74.991
Netherlands,2025,ANT,47,74.885
Netherlands,2025,ANT,48,75.014
Netherlands,2025,ANT,49,74.867
Netherlands,2025,ANT,50,75.053
Netherlands,2025,ANT,58,75.123
Netherlands,2025,ANT,59,75.653
Netherlands,2025,ANT,60,74.221
Netherlands,2025,ANT,61,73.772
Netherlands,2025,ANT,62,73.963
Netherlands,2025,ANT,63,73.916
Netherlands,2025,ANT,64,74.222
São Paulo,2025,RUS,24,75.325
São Paulo,2025,RUS,25,75.319
São Paulo,2025,RUS,26,75.414
São Paulo,2025,RUS,27,75.476
São Paulo,2025,RUS,28,75.441
São Paulo,2025,RUS,29,75.422
São Paulo,2025,RUS,30,75.204
São Paulo,2025,RUS,31,75.14
São Paulo,2025,RUS,32,75.348
São Paulo,2025,RUS,33,75.376
São Paulo,2025,RUS,36,75.315
São Paulo,2025,RUS,37,73.218
São Paulo,2025,RUS,38,73.419
São Paulo,2025,RUS,39,73.56
São Paulo,2025,RUS,40,73.755
São Paulo,2025,RUS,41,73.603
São Paulo,2025,RUS,42,73.842
São Paulo,2025,RUS,43,73.838
São Paulo,2025,RUS,44,73.916
São Paulo,2025,RUS,45,74.208
São Paulo,2025,RUS,46,74.383
São Paulo,2025,RUS,47,74.396
São Paulo,2025,RUS,50,74.533
São Paulo,2025,RUS,51,73.349
São Paulo,2025,RUS,52,73.415
São Paulo,2025,RUS,53,73.097
São Paulo,2025,RUS,54,73.283
São Paulo,2025,RUS,55,73.601
São Paulo,2025,RUS,56,73.52
São Paulo,2025,RUS,57,73.466
São Paulo,2025,RUS,58,73.588
São Paulo,2025,RUS,59,73.747
São Paulo,2025,RUS,60,73.773
São Paulo,2025,RUS,61,73.737
São Paulo,2025,RUS,62,73.811
São Paulo,2025,RUS,63,73.762
São Paulo,2025,RUS,64,74.943
São Paulo,2025,RUS,65,73.96
São Paulo,2025,RUS,66,74.002
São Paulo,2025,RUS,67,73.975
Great Britain,2024,PER,17,71.94
Great Britain,2024,PER,18,71.865
Great Britain,2024,PER,19,71.677
Great Britain,2024,PER,20,71.944
Great Britain,2024,PER,23,72.002
Great Britain,2024,PER,24,70.817
Great Britain,2024,PER,25,70.492
Great Britain,2024,PER,26,70.76
Great Britain,2024,PER,27,70.647
Great Britain,2024,PER,28,70.525
Great Britain,2024,PER,29,70.971
Great Britain,2024,PER,30,70.746
Great Britain,2024,PER,31,70.693
Great Britain,2024,PER,32,70.767
Great Britain,2024,PER,33,70.728
Great Britain,2024,PER,34,70.571
Great Britain,2024,PER,35,71.009
Great Britain,2024,PER,36,70.886
Great Britain,2024,PER,37,71.001
Great Britain,2024,PER,38,71.355
Great Britain,2024,PER,39,71.356
Great Britain,2024,PER,40,71.456
Great Britain,2024,PER,41,71.004
Great Britain,2024,PER,42,71.138
Great Britain,2024,PER,43,71.171
Great Britain,2024,PER,44,70.918
Great Britain,2024,PER,45,71.395
Great Britain,2024,PER,46,71.338
Great Britain,2024,PER,47,71.533
Great Britain,2024,PER,48,71.431
Great Britain,2024,PER,49,71.74
Great Britain,2024,PER,50,71.71
Great Britain,2024,PER,53,71.454
Great Britain,2024,PER,54,69.717
Great Britain,2024,PER,55,70.22
Great Britain,2024,PER,56,70.087
Great Britain,2024,PER,57,69.694
Great Britain,2024,PER,58,70.187
Great Britain,2024,PER,59,70.151
Great Britain,2024,PER,60,70.614
Great Britain,2024,PER,61,70.678
Great Britain,2024,PER,62,70.743
Great Britain,2024,PER,64,70.457
Great Britain,2024,PER,67,71.333
Bahrain,2025,HAD,19,100.018
Bahrain,2025,HAD,20,98.894
Bahrain,2025,HAD,21,98.873
Bahrain,2025,HAD,22,100.764
Bahrain,2025,HAD,23,99.442
Bahrain,2025,HAD,24,100.365
Bahrain,2025,HAD,25,99.522
Bahrain,2025,HAD,26,99.795
Bahrain,2025,HAD,27,99.588
Bahrain,2025,HAD,30,99.465
Bahrain,2025,HAD,31,96.952
Bahrain,2025,HAD,36,97.158
Bahrain,2025,HAD,37,100.318
Bahrain,2025,HAD,38,98.467
Bahrain,2025,HAD,39,97.831
Bahrain,2025,HAD,40,98.329
Bahrain,2025,HAD,41,98.342
Bahrain,2025,HAD,42,98.686
Bahrain,2025,HAD,43,98.561
Bahrain,2025,HAD,44,99.073
Bahrain,2025,HAD,45,97.724
Bahrain,2025,HAD,46,98.019
Bahrain,2025,HAD,47,97.793
Bahrain,2025,HAD,48,97.762
Bahrain,2025,HAD,49,98.021
Bahrain,2025,HAD,50,97.985
Bahrain,2025,HAD,51,98.142
Bahrain,2025,HAD,52,98.266
Bahrain,2025,HAD,53,98.205
Singapore,2025,COL,20,97.816
Singapore,2025,COL,21,97.364
Singapore,2025,COL,22,100.941
Singapore,2025,COL,23,98.645
Singapore,2025,COL,24,97.924
Singapore,2025,COL,25,97.939
Singapore,2025,COL,26,98.213
Singapore,2025,COL,27,98.418
Singapore,2025,COL,28,98.338
Singapore,2025,COL,29,99.169
Singapore,2025,COL,30,98.514
Singapore,2025,COL,31,98.572
Singapore,2025,COL,32,98.428
Singapore,2025,COL,33,98.617
Singapore,2025,COL,34,98.204
Singapore,2025,COL,35,98.272
Singapore,2025,COL,36,97.703
Singapore,2025,COL,37,98.313
Singapore,2025,COL,38,99.485
Singapore,2025,COL,39,98.899
Singapore,2025,COL,40,98.524
Singapore,2025,COL,41,98.069
Singapore,2025,COL,42,100.27
Singapore,2025,COL,43,101.546
Singapore,2025,COL,45,98.505
Singapore,2025,COL,46,98.142
Singapore,2025,COL,47,100.817
Singapore,2025,COL,48,98.596
Singapore,2025,COL,49,101.028
Singapore,2025,COL,50,98.679
Singapore,2025,COL,51,99.523
Singapore,2025,COL,52,97.834
Singapore,2025,COL,53,98.053
Singapore,2025,COL,54,98.354
Singapore,2025,COL,55,97.935
Singapore,2025,COL,56,98.084
Singapore,2025,COL,57,97.433
Italy,2024,OCO,17,86.694
Italy,2024,OCO,18,86.002
Italy,2024,OCO,19,86.234
Italy,2024,OCO,20,86.174
Italy,2024,OCO,21,87.326
Italy,2024,OCO,22,86.45
Italy,2024,OCO,23,86.327
Italy,2024,OCO,24,86.201
Italy,2024,OCO,25,86.77
Italy,2024,OCO,26,87.519
Italy,2024,OCO,27,86.383
Italy,2024,OCO,28,86.725
Italy,2024,OCO,29,86.013
Italy,2024,OCO,30,86.099
Italy,2024,OCO,33,86.025
Italy,2024,OCO,34,84.652
Italy,2024,OCO,35,84.965
Italy,2024,OCO,36,85.019
Italy,2024,OCO,37,84.942
Italy,2024,OCO,38,84.613
Italy,2024,OCO,39,84.845
Italy,2024,OCO,40,85.267
Italy,2024,OCO,41,85.211
Italy,2024,OCO,42,85.06
Italy,2024,OCO,43,85.119
Italy,2024,OCO,44,86.111
Italy,2024,OCO,45,84.669
Italy,2024,OCO,46,84.587
Italy,2024,OCO,47,84.449
Italy,2024,OCO,48,84.506
Netherlands,2024,STR,17,77.847
Netherlands,2024,STR,18,77.47
Netherlands,2024,STR,19,77.28
Netherlands,2024,STR,20,77.608
Netherlands,2024,STR,21,77.379
Netherlands,2024,STR,22,77.153
Netherlands,2024,STR,23,77.351
Netherlands,2024,STR,24,77.302
Netherlands,2024,STR,25,77.479
Netherlands,2024,STR,26,77.582
Netherlands,2024,STR,27,77.628
Netherlands,2024,STR,28,77.414
Netherlands,2024,STR,29,78.003
Netherlands,2024,STR,32,77.959
Netherlands,2024,STR,33,75.32
Netherlands,2024,STR,34,75.905
Netherlands,2024,STR,35,75.476
Netherlands,2024,STR,36,75.719
Netherlands,2024,STR,37,75.967
Netherlands,2024,STR,38,75.506
Netherlands,2024,STR,39,76.322
Netherlands,2024,STR,40,76.245
Netherlands,2024,STR,41,77.511
Netherlands,2024,STR,42,77.001
Netherlands,2024,STR,43,76.716
Netherlands,2024,STR,44,76.479
Netherlands,2024,STR,45,75.994
Netherlands,2024,STR,46,75.781
Netherlands,2024,STR,47,75.783
Netherlands,2024,STR,48,75.741
Netherlands,2024,STR,49,75.736
Netherlands,2024,STR,50,75.644
Netherlands,2024,STR,51,75.674
Netherlands,2024,STR,52,75.255
Netherlands,2024,STR,53,77.472
Netherlands,2024,STR,54,75.44
Netherlands,2024,STR,55,75.47
Netherlands,2024,STR,56,75.371
Netherlands,2024,STR,57,75.396
Netherlands,2024,STR,58,75.931
Netherlands,2024,STR,59,75.749
Netherlands,2024,STR,60,75.509
Netherlands,2024,STR,61,75.624
Netherlands,2024,STR,62,75.448
Netherlands,2024,STR,63,75.483
Netherlands,2024,STR,64,75.692
Netherlands,2024,STR,65,75.825
Netherlands,2024,STR,66,75.711
Netherlands,2024,STR,67,75.823
Singapore,2025,HUL,18,99.106
Singapore,2025,HUL,19,98.407
Singapore,2025,HUL,20,98.655
Singapore,2025,HUL,21,98.598
Singapore,2025,HUL,22,98.214
Singapore,2025,HUL,23,100.183
Singapore,2025,HUL,24,98.42
Singapore,2025,HUL,27,97.935
Singapore,2025,HUL,28,97.859
Singapore,2025,HUL,29,99.489
Singapore,2025,HUL,30,98.522
Singapore,2025,HUL,31,98.855
Singapore,2025,HUL,32,98.065
Singapore,2025,HUL,33,98.287
Singapore,2025,HUL,34,98.049
Singapore,2025,HUL,35,98.771
Singapore,2025,HUL,36,98.737
Singapore,2025,HUL,37,98.023
Singapore,2025,HUL,38,98.811
Singapore,2025,HUL,39,98.401
Singapore,2025,HUL,40,98.53
Singapore,2025,HUL,41,98.19
Singapore,2025,HUL,42,99.375
Singapore,2025,HUL,43,101.286
Singapore,2025,HUL,46,98.404
Singapore,2025,HUL,47,98.192
Singapore,2025,HUL,48,95.404
Singapore,2025,HUL,49,95.544
Singapore,2025,HUL,50,95.53
Singapore,2025,HUL,51,95.536
Singapore,2025,HUL,52,95.575
Singapore,2025,HUL,53,95.521
Singapore,2025,HUL,54,95.457
Singapore,2025,HUL,55,95.505
Singapore,2025,HUL,56,95.461
Singapore,2025,HUL,57,95.727
Mexico City,2025,BOR,19,84.329
Mexico City,2025,BOR,20,84.184
Mexico City,2025,BOR,21,84.085
Mexico City,2025,BOR,22,84.072
Mexico City,2025,BOR,23,83.668
Mexico City,2025,BOR,24,83.707
Mexico City,2025,BOR,25,84.065
Mexico City,2025,BOR,26,84.063
Mexico City,2025,BOR,27,85.412
Mexico City,2025,BOR,28,83.931
Mexico City,2025,BOR,29,84.247
Mexico City,2025,BOR,30,83.949
Mexico City,2025,BOR,31,84.328
Mexico City,2025,BOR,32,83.87
Mexico City,2025,BOR,33,84.026
Mexico City,2025,BOR,34,83.679
Mexico City,2025,BOR,35,84.079
Mexico City,2025,BOR,36,83.329
Mexico City,2025,BOR,39,85.154
Mexico City,2025,BOR,40,81.121
Mexico City,2025,BOR,41,81.407
Mexico City,2025,BOR,42,81.452
Mexico City,2025,BOR,43,81.471
Mexico City,2025,BOR,44,81.454
Mexico City,2025,BOR,45,81.359
Mexico City,2025,BOR,46,81.491
Mexico City,2025,BOR,47,82.057
Mexico City,2025,BOR,48,81.829
Mexico City,2025,BOR,49,82.593
Mexico City,2025,BOR,50,83.88
Mexico City,2025,BOR,51,82.154
Mexico City,2025,BOR,52,82.037
Mexico City,2025,BOR,53,82.083
Mexico City,2025,BOR,54,82.212
Mexico City,2025,BOR,55,81.939
Mexico City,2025,BOR,56,82.732
Mexico City,2025,BOR,57,82.357
Mexico City,2025,BOR,58,82.127
Mexico City,2025,BOR,59,82.006
Mexico City,2025,BOR,60,82.148
Mexico City,2025,BOR,61,82.693
Mexico City,2025,BOR,62,82.344
Mexico City,2025,BOR,63,83.326
Mexico City,2025,BOR,64,82.469
Mexico City,2025,BOR,65,82.004
Monaco,2025,NOR,26,74.4
Monaco,2025,NOR,27,74.727
Monaco,2025,NOR,28,74.622
Monaco,2025,NOR,29,74.618
Monaco,2025,NOR,30,75.777
Monaco,2025,NOR,31,77.259
Monaco,2025,NOR,32,76.797
Monaco,2025,NOR,33,74.711
Monaco,2025,NOR,34,74.642
Monaco,2025,NOR,35,74.689
Monaco,2025,NOR,36,74.184
Monaco,2025,NOR,37,74.785
Monaco,2025,NOR,39,74.67
Monaco,2025,NOR,40,74.141
Monaco,2025,NOR,41,75.237
Monaco,2025,NOR,42,74.026
Monaco,2025,NOR,43,74.419
Monaco,2025,NOR,44,74.174
Monaco,2025,NOR,45,73.872
Monaco,2025,NOR,46,74.384
Monaco,2025,NOR,47,74.177
Monaco,2025,NOR,48,74.357
Monaco,2025,NOR,49,75.701
Monaco,2025,NOR,52,76.684
Monaco,2025,NOR,53,75.039
Monaco,2025,NOR,54,75.848
Monaco,2025,NOR,55,76.308
Monaco,2025,NOR,56,74.993
Monaco,2025,NOR,57,74.821
Monaco,2025,NOR,58,74.676
Monaco,2025,NOR,59,75.159
Monaco,2025,NOR,60,75.107
Monaco,2025,NOR,61,75.584
Monaco,2025,NOR,62,75.199
Monaco,2025,NOR,63,75.514
Monaco,2025,NOR,64,75.301
Monaco,2025,NOR,65,75.313
Monaco,2025,NOR,66,75.478
Monaco,2025,NOR,67,74.968
Monaco,2025,NOR,68,75.007
Monaco,2025,NOR,69,75.615
Monaco,2025,NOR,70,75.984
Monaco,2025,NOR,71,76.238
Monaco,2025,NOR,72,76.362
Monaco,2025,NOR,73,76.38
Monaco,2025,NOR,74,76.355
Singapore,2025,ANT,18,97.529
Singapore,2025,ANT,19,97.73
Singapore,2025,ANT,20,97.704
Singapore,2025,ANT,21,97.744
Singapore,2025,ANT,22,97.466
Singapore,2025,ANT,23,96.842
Singapore,2025,ANT,24,97.176
Singapore,2025,ANT,27,96.971
Singapore,2025,ANT,28,95.303
Singapore,2025,ANT,29,96.339
Singapore,2025,ANT,30,96.676
Singapore,2025,ANT,31,96.351
Singapore,2025,ANT,32,96.808
Singapore,2025,ANT,33,97.339
Singapore,2025,ANT,34,96.324
Singapore,2025,ANT,35,96.64
Singapore,2025,ANT,36,95.984
Singapore,2025,ANT,37,96.426
Singapore,2025,ANT,38,96.431
Singapore,2025,ANT,39,96.73
Singapore,2025,ANT,40,96.49
Singapore,2025,ANT,41,96.189
Singapore,2025,ANT,42,95.997
Singapore,2025,ANT,43,96.022
Singapore,2025,ANT,44,96.406
Singapore,2025,ANT,46,96.331
Singapore,2025,ANT,47,96.744
Singapore,2025,ANT,48,96.486
Singapore,2025,ANT,49,96.136
Singapore,2025,ANT,50,97.413
Singapore,2025,ANT,51,96.287
Singapore,2025,ANT,52,97.036
Singapore,2025,ANT,53,97.788
Singapore,2025,ANT,54,97.875
Singapore,2025,ANT,55,96.969
Singapore,2025,ANT,56,96.558
Singapore,2025,ANT,57,96.629
Singapore,2025,ANT,58,96.303
Austria,2025,GAS,21,71.208
Austria,2025,GAS,22,71.32
Austria,2025,GAS,23,71.343
Austria,2025,GAS,24,71.065
Austria,2025,GAS,25,71.337
Austria,2025,GAS,26,71.918
Austria,2025,GAS,27,71.328
Austria,2025,GAS,28,73.418
Austria,2025,GAS,29,72.238
Austria,2025,GAS,31,71.575
Austria,2025,GAS,32,71.38
Austria,2025,GAS,33,71.787
Austria,2025,GAS,34,72.553
Austria,2025,GAS,35,71.705
Austria,2025,GAS,36,72.905
Austria,2025,GAS,37,71.629
Austria,2025,GAS,40,71.574
Austria,2025,GAS,41,70.757
Austria,2025,GAS,42,70.241
Austria,2025,GAS,43,70.463
Austria,2025,GAS,44,70.216
Austria,2025,GAS,45,70.405
Austria,2025,GAS,46,70.179
Austria,2025,GAS,47,70.151
Austria,2025,GAS,48,70.21
Austria,2025,GAS,49,70.476
Austria,2025,GAS,50,70.554
Austria,2025,GAS,51,70.723
Austria,2025,GAS,52,71.133
Austria,2025,GAS,53,70.902
Austria,2025,GAS,54,70.383
Austria,2025,GAS,55,71.812
Austria,2025,GAS,56,71.228
Austria,2025,GAS,57,71.532
Austria,2025,GAS,58,70.284
Austria,2025,GAS,59,70.444
Austria,2025,GAS,60,70.222
Austria,2025,GAS,61,70.981
Austria,2025,GAS,62,70.903
Austria,2025,GAS,63,71.168
Austria,2025,GAS,64,71.62
Austria,2025,GAS,65,70.72
Italy,2024,COL,19,84.485
Italy,2024,COL,20,84.928
Italy,2024,COL,21,85.148
Italy,2024,COL,22,84.784
Italy,2024,COL,23,84.852
Italy,2024,COL,24,84.649
Italy,2024,COL,25,84.635
Italy,2024,COL,26,84.916
Italy,2024,COL,27,84.639
Italy,2024,COL,28,84.497
Italy,2024,COL,29,85.005
Italy,2024,COL,30,85.634
Italy,2024,COL,31,85.412
Italy,2024,COL,32,85.586
Italy,2024,COL,33,85.433
Italy,2024,COL,34,84.868
Italy,2024,COL,35,84.921
Italy,2024,COL,36,84.798
Italy,2024,COL,37,84.84
Italy,2024,COL,38,85.345
Italy,2024,COL,39,85.194
Italy,2024,COL,40,85.128
Italy,2024,COL,41,85.147
Italy,2024,COL,42,84.801
Italy,2024,COL,43,84.62
Italy,2024,COL,44,85.979
Italy,2024,COL,45,85.161
Italy,2024,COL,46,84.812
Italy,2024,COL,47,84.939
Italy,2024,COL,48,84.697
Italy,2024,COL,49,84.538
Qatar,2024,ZHO,21,86.609
Qatar,2024,ZHO,22,86.594
Qatar,2024,ZHO,23,86.428
Qatar,2024,ZHO,24,86.126
Qatar,2024,ZHO,25,86.397
Qatar,2024,ZHO,26,86.191
Qatar,2024,ZHO,27,85.928
Qatar,2024,ZHO,28,85.912
Qatar,2024,ZHO,30,85.916
Qatar,2024,ZHO,31,85.849
Qatar,2024,ZHO,32,85.899
Qatar,2024,ZHO,33,85.849
Qatar,2024,ZHO,34,85.659
Qatar,2024,ZHO,43,85.937
Qatar,2024,ZHO,44,88.011
Qatar,2024,ZHO,45,86.299
Qatar,2024,ZHO,46,85.141
Qatar,2024,ZHO,47,85.067
Qatar,2024,ZHO,48,84.936
Qatar,2024,ZHO,49,84.906
Qatar,2024,ZHO,50,84.667
Qatar,2024,ZHO,51,84.428
Qatar,2024,ZHO,52,84.425
Qatar,2024,ZHO,53,84.403
Belgium,2025,COL,22,109.21
Belgium,2025,COL,23,109.969
Emilia Romagna,2024,NOR,17,81.523
Emilia Romagna,2024,NOR,18,81.565
Emilia Romagna,2024,NOR,19,81.617
Emilia Romagna,2024,NOR,20,81.793
Emilia Romagna,2024,NOR,21,81.883
Emilia Romagna,2024,NOR,24,81.855
Emilia Romagna,2024,NOR,25,80.468
Emilia Romagna,2024,NOR,26,80.977
Emilia Romagna,2024,NOR,27,80.899
Emilia Romagna,2024,NOR,28,81.029
Emilia Romagna,2024,NOR,29,81.077
Emilia Romagna,2024,NOR,30,80.933
Emilia Romagna,2024,NOR,31,80.72
Emilia Romagna,2024,NOR,32,80.628
Emilia Romagna,2024,NOR,33,80.923
Emilia Romagna,2024,NOR,34,80.764
Emilia Romagna,2024,NOR,35,80.776
Emilia Romagna,2024,NOR,36,80.687
Emilia Romagna,2024,NOR,37,80.656
Emilia Romagna,2024,NOR,38,80.714
Emilia Romagna,2024,NOR,39,80.458
Emilia Romagna,2024,NOR,40,80.591
Emilia Romagna,2024,NOR,41,81.025
Emilia Romagna,2024,NOR,42,81.102
Emilia Romagna,2024,NOR,43,80.828
Emilia Romagna,2024,NOR,44,80.838
Emilia Romagna,2024,NOR,45,80.708
Emilia Romagna,2024,NOR,46,80.339
Emilia Romagna,2024,NOR,47,80.546
Emilia Romagna,2024,NOR,48,80.816
Emilia Romagna,2024,NOR,49,80.803
Emilia Romagna,2024,NOR,50,80.485
Emilia Romagna,2024,NOR,51,80.039
Emilia Romagna,2024,NOR,52,80.367
Emilia Romagna,2024,NOR,53,80.582
Emilia Romagna,2024,NOR,54,80.141
Emilia Romagna,2024,NOR,55,79.994
Emilia Romagna,2024,NOR,56,80.182
Emilia Romagna,2024,NOR,57,80.168
Emilia Romagna,2024,NOR,58,80.105
Emilia Romagna,2024,NOR,59,80.555
Italy,2025,HAM,17,83.743
Italy,2025,HAM,18,83.689
Italy,2025,HAM,19,83.702
Italy,2025,HAM,20,83.513
Italy,2025,HAM,21,83.408
Italy,2025,HAM,22,83.472
Italy,2025,HAM,23,83.446
Italy,2025,HAM,24,83.406
Italy,2025,HAM,25,83.675
Italy,2025,HAM,26,83.518
Italy,2025,HAM,27,83.961
Italy,2025,HAM,28,83.412
Italy,2025,HAM,29,83.398
Italy,2025,HAM,30,83.044
Italy,2025,HAM,31,83.463
Italy,2025,HAM,32,83.636
Italy,2025,HAM,33,83.208
Italy,2025,HAM,34,83.01
Italy,2025,HAM,35,83.291
Italy,2025,HAM,36,82.992
Italy,2025,HAM,37,82.99
Italy,2025,HAM,41,82.878
Italy,2025,HAM,42,82.308
Italy,2025,HAM,43,81.898
Italy,2025,HAM,44,81.917
Italy,2025,HAM,45,82.037
Italy,2025,HAM,46,81.83
Italy,2025,HAM,47,81.775
Italy,2025,HAM,48,81.657
Italy,2025,HAM,49,81.612
Abu Dhabi,2024,COL,20,90.441
Abu Dhabi,2024,COL,21,90.066
Miami,2024,NOR,17,93.191
Miami,2024,NOR,18,93.463
Miami,2024,NOR,19,93.15
Miami,2024,NOR,20,92.476
Miami,2024,NOR,21,92.421
Miami,2024,NOR,22,92.329
Miami,2024,NOR,24,92.517
Miami,2024,NOR,25,91.982
Miami,2024,NOR,26,92.171
Miami,2024,NOR,27,92.153
Miami,2024,NOR,33,92.162
Miami,2024,NOR,34,91.157
Miami,2024,NOR,35,91.289
Miami,2024,NOR,36,91.391
Miami,2024,NOR,37,91.133
Miami,2024,NOR,38,91.074
Miami,2024,NOR,39,91.134
Miami,2024,NOR,40,91.192
Miami,2024,NOR,41,91.222
Miami,2024,NOR,42,91.059
Miami,2024,NOR,43,91.34
Miami,2024,NOR,44,91.066
Miami,2024,NOR,45,91.18
Miami,2024,NOR,46,91.068
Miami,2024,NOR,47,91.352
Miami,2024,NOR,48,91.423
Miami,2024,NOR,49,91.135
Miami,2024,NOR,50,91.177
Miami,2024,NOR,51,91.227
Miami,2024,NOR,52,91.08
Miami,2024,NOR,53,91.244
Monaco,2024,LEC,18,80.279
Monaco,2024,LEC,19,79.58
Monaco,2024,LEC,20,78.842
Monaco,2024,LEC,21,78.724
Monaco,2024,LEC,22,78.472
Monaco,2024,LEC,23,78.62
Monaco,2024,LEC,24,78.458
Monaco,2024,LEC,25,78.725
Monaco,2024,LEC,26,78.973
Monaco,2024,LEC,27,78.445
Monaco,2024,LEC,28,78.351
Monaco,2024,LEC,29,78.71
Monaco,2024,LEC,30,79.053
Monaco,2024,LEC,31,79.935
Monaco,2024,LEC,32,78.393
Monaco,2024,LEC,33,79.125
Monaco,2024,LEC,34,78.494
Monaco,2024,LEC,35,79.319
Monaco,2024,LEC,36,78.53
Monaco,2024,LEC,37,78.689
Monaco,2024,LEC,38,78.925
Monaco,2024,LEC,39,78.528
Monaco,2024,LEC,40,78.181
Monaco,2024,LEC,41,78.733
Monaco,2024,LEC,42,78.694
Monaco,2024,LEC,43,79.277
Monaco,2024,LEC,44,77.865
Monaco,2024,LEC,45,78.276
Monaco,2024,LEC,46,78.541
Monaco,2024,LEC,47,78.567
Monaco,2024,LEC,48,79.185
Monaco,2024,LEC,49,77.941
Monaco,2024,LEC,50,78.506
Monaco,2024,LEC,51,78.185
Monaco,2024,LEC,52,77.79
Monaco,2024,LEC,54,78.311
Monaco,2024,LEC,55,77.357
Monaco,2024,LEC,56,77.444
Monaco,2024,LEC,57,77.266
Monaco,2024,LEC,58,77.64
Monaco,2024,LEC,59,77.028
Monaco,2024,LEC,60,77.034
Monaco,2024,LEC,61,76.414
Monaco,2024,LEC,62,76.863
Monaco,2024,LEC,63,77.454
Monaco,2024,LEC,64,76.971
Monaco,2024,LEC,65,76.56
Monaco,2024,LEC,66,76.607
Monaco,2024,LEC,67,76.489
Monaco,2024,LEC,68,75.941
Monaco,2024,LEC,69,76.082
Monaco,2024,LEC,70,76.373
Monaco,2024,LEC,71,75.767
Monaco,2024,LEC,72,75.162
Monaco,2024,LEC,73,75.547
Monaco,2024,LEC,74,76.219
Belgium,2024,HUL,22,111.403
Belgium,2024,HUL,23,109.293
Belgium,2024,HUL,24,110.063
Belgium,2024,HUL,25,110.433
Belgium,2024,HUL,26,109.5
Belgium,2024,HUL,27,109.228
Belgium,2024,HUL,28,109.169
Belgium,2024,HUL,29,109.373
Belgium,2024,HUL,30,109.571
Belgium,2024,HUL,31,109.612
Belgium,2024,HUL,32,109.525
Belgium,2024,HUL,33,109.323
Belgium,2024,HUL,34,109.203
Belgium,2024,HUL,35,110.294
Belgium,2024,HUL,36,109.421
Belgium,2024,HUL,37,109.894
Belgium,2024,HUL,38,109.479
Belgium,2024,HUL,39,109.406
Belgium,2024,HUL,40,109.456
Netherlands,2024,VER,17,76.235
Netherlands,2024,VER,18,76.304
Netherlands,2024,VER,19,76.901
Netherlands,2024,VER,20,75.946
Netherlands,2024,VER,21,76.625
Netherlands,2024,VER,22,76.416
Netherlands,2024,VER,23,76.411
Netherlands,2024,VER,24,76.586
Netherlands,2024,VER,25,76.33
Netherlands,2024,VER,26,76.652
Netherlands,2024,VER,29,76.517
Netherlands,2024,VER,30,75.041
Netherlands,2024,VER,31,74.752
Netherlands,2024,VER,32,75.15
Netherlands,2024,VER,33,74.888
Netherlands,2024,VER,34,74.937
Netherlands,2024,VER,35,75.099
Netherlands,2024,VER,36,74.909
Netherlands,2024,VER,37,75.131
Netherlands,2024,VER,38,75.065
Netherlands,2024,VER,39,75.045
Netherlands,2024,VER,40,75.138
Netherlands,2024,VER,41,75.095
Netherlands,2024,VER,42,75.016
Netherlands,2024,VER,43,75.095
Netherlands,2024,VER,44,75.299
Netherlands,2024,VER,45,75.333
Netherlands,2024,VER,46,75.099
Netherlands,2024,VER,47,75.155
Netherlands,2024,VER,48,75.32
Netherlands,2024,VER,49,74.981
Netherlands,2024,VER,50,75.129
Netherlands,2024,VER,51,75.023
Netherlands,2024,VER,52,75.139
Netherlands,2024,VER,53,75.232
Netherlands,2024,VER,54,74.822
Netherlands,2024,VER,55,75.018
Netherlands,2024,VER,56,74.758
Netherlands,2024,VER,57,75.065
Netherlands,2024,VER,58,75.013
Netherlands,2024,VER,59,75.355
Netherlands,2024,VER,60,75.132
Netherlands,2024,VER,61,75.0
Netherlands,2024,VER,62,75.394
Netherlands,2024,VER,63,74.941
Netherlands,2024,VER,64,75.088
Netherlands,2024,VER,65,75.287
Netherlands,2024,VER,66,74.992
Netherlands,2024,VER,67,75.052
Netherlands,2024,VER,68,75.251
Austria,2024,MAG,19,71.794
Austria,2024,MAG,20,71.565
Austria,2024,MAG,21,71.107
Austria,2024,MAG,22,71.473
Austria,2024,MAG,23,71.905
Austria,2024,MAG,24,71.862
Austria,2024,MAG,25,72.381
Austria,2024,MAG,26,71.693
Austria,2024,MAG,27,71.766
Austria,2024,MAG,28,71.791
Austria,2024,MAG,29,71.903
Austria,2024,MAG,30,72.036
Austria,2024,MAG,31,71.757
Austria,2024,MAG,32,71.628
Austria,2024,MAG,33,71.664
Austria,2024,MAG,34,71.543
Austria,2024,MAG,35,71.83
Austria,2024,MAG,36,71.832
Austria,2024,MAG,37,72.043
Austria,2024,MAG,40,71.815
Austria,2024,MAG,41,70.866
Austria,2024,MAG,42,70.755
Austria,2024,MAG,43,70.62
Austria,2024,MAG,44,70.276
Austria,2024,MAG,45,70.419
Austria,2024,MAG,46,70.125
Austria,2024,MAG,47,70.365
Austria,2024,MAG,48,70.879
Austria,2024,MAG,49,70.707
Austria,2024,MAG,50,70.698
Austria,2024,MAG,51,70.631
Austria,2024,MAG,52,70.848
Austria,2024,MAG,53,70.786
Austria,2024,MAG,54,70.896
Austria,2024,MAG,55,70.905
Austria,2024,MAG,56,70.743
Austria,2024,MAG,57,71.652
Austria,2024,MAG,58,70.778
Austria,2024,MAG,59,71.01
Austria,2024,MAG,60,71.329
Austria,2024,MAG,61,71.114
Austria,2024,MAG,62,71.276
Austria,2024,MAG,64,71.148
Austria,2024,MAG,67,71.252
Netherlands,2025,BEA,17,77.354
Netherlands,2025,BEA,18,77.323
Netherlands,2025,BEA,19,77.381
Netherlands,2025,BEA,20,77.64
Netherlands,2025,BEA,21,77.357
Netherlands,2025,BEA,27,77.399
Netherlands,2025,BEA,28,78.673
Netherlands,2025,BEA,29,76.141
Netherlands,2025,BEA,30,76.329
Netherlands,2025,BEA,33,76.396
Netherlands,2025,BEA,34,75.744
Netherlands,2025,BEA,36,75.873
Netherlands,2025,BEA,37,76.048
Netherlands,2025,BEA,38,76.355
Netherlands,2025,BEA,39,76.354
Netherlands,2025,BEA,40,76.292
Netherlands,2025,BEA,41,76.22
Netherlands,2025,BEA,42,76.212
Netherlands,2025,BEA,43,76.674
Netherlands,2025,BEA,44,76.593
Netherlands,2025,BEA,45,76.318
Netherlands,2025,BEA,46,76.449
Netherlands,2025,BEA,47,76.471
Netherlands,2025,BEA,48,76.492
Netherlands,2025,BEA,49,76.477
Netherlands,2025,BEA,50,76.634
Netherlands,2025,BEA,51,76.953
Netherlands,2025,BEA,58,76.794
Netherlands,2025,BEA,59,76.49
Netherlands,2025,BEA,60,75.189
Netherlands,2025,BEA,61,75.031
Netherlands,2025,BEA,62,75.629
Netherlands,2025,BEA,63,75.732
Netherlands,2025,BEA,64,74.473
Japan,2024,SAR,18,99.216
Japan,2024,SAR,19,100.309
Japan,2024,SAR,20,99.537
Japan,2024,SAR,21,98.968
Japan,2024,SAR,24,99.612
Japan,2024,SAR,25,98.094
Japan,2024,SAR,26,98.43
Japan,2024,SAR,27,98.485
Japan,2024,SAR,28,96.59
Japan,2024,SAR,29,97.429
Japan,2024,SAR,30,97.679
Japan,2024,SAR,31,97.511
Japan,2024,SAR,32,97.495
Japan,2024,SAR,33,97.761
Japan,2024,SAR,36,98.166
Japan,2024,SAR,37,95.497
Japan,2024,SAR,38,96.103
Japan,2024,SAR,39,96.149
Japan,2024,SAR,40,96.25
Japan,2024,SAR,43,96.282
Japan,2024,SAR,44,94.9
Japan,2024,SAR,45,95.087
Japan,2024,SAR,46,95.35
Japan,2024,SAR,47,95.778
Japan,2024,SAR,48,95.701
Mexico City,2025,STR,19,83.793
Mexico City,2025,STR,20,83.988
Mexico City,2025,STR,21,83.773
Mexico City,2025,STR,22,83.685
Mexico City,2025,STR,23,83.626
Mexico City,2025,STR,24,83.703
Mexico City,2025,STR,25,83.772
Mexico City,2025,STR,28,84.857
Mexico City,2025,STR,29,82.22
Mexico City,2025,STR,30,82.08
Mexico City,2025,STR,31,82.581
Mexico City,2025,STR,32,82.347
Mexico City,2025,STR,33,82.115
Mexico City,2025,STR,34,82.329
Mexico City,2025,STR,35,82.079
Mexico City,2025,STR,36,83.215
Mexico City,2025,STR,37,83.069
Mexico City,2025,STR,38,83.154
Mexico City,2025,STR,39,82.365
Mexico City,2025,STR,40,82.458
Mexico City,2025,STR,41,82.606
Mexico City,2025,STR,42,82.751
Mexico City,2025,STR,45,82.839
Mexico City,2025,STR,46,80.593
Mexico City,2025,STR,47,81.545
Mexico City,2025,STR,48,82.648
Mexico City,2025,STR,49,81.705
Mexico City,2025,STR,50,82.077
Mexico City,2025,STR,51,84.15
Mexico City,2025,STR,52,82.214
Mexico City,2025,STR,53,82.168
Mexico City,2025,STR,54,81.789
Mexico City,2025,STR,55,81.628
Mexico City,2025,STR,56,82.037
Mexico City,2025,STR,57,82.051
Mexico City,2025,STR,58,82.089
Mexico City,2025,STR,59,81.673
Mexico City,2025,STR,60,81.649
Mexico City,2025,STR,61,82.097
Mexico City,2025,STR,62,82.142
Mexico City,2025,STR,63,82.084
Mexico City,2025,STR,64,82.595
São Paulo,2024,TSU,20,84.275
São Paulo,2024,TSU,21,84.163
São Paulo,2024,TSU,22,84.179
São Paulo,2024,TSU,23,84.39
São Paulo,2024,TSU,24,84.543
São Paulo,2024,TSU,25,84.617
São Paulo,2024,TSU,34,84.91
São Paulo,2024,TSU,35,99.418
São Paulo,2024,TSU,37,91.883
São Paulo,2024,TSU,45,86.916
São Paulo,2024,TSU,46,84.985
São Paulo,2024,TSU,47,84.787
São Paulo,2024,TSU,48,84.402
São Paulo,2024,TSU,49,84.293
São Paulo,2024,TSU,50,83.943
São Paulo,2024,TSU,52,83.596
São Paulo,2024,TSU,53,84.536
São Paulo,2024,TSU,54,83.545
São Paulo,2024,TSU,55,83.512
São Paulo,2024,TSU,56,83.118
São Paulo,2024,TSU,57,83.061
São Paulo,2024,TSU,58,82.766
São Paulo,2024,TSU,59,83.0
São Paulo,2024,TSU,60,82.872
São Paulo,2024,TSU,61,82.664
São Paulo,2024,TSU,62,82.405
São Paulo,2024,TSU,63,82.236
São Paulo,2024,TSU,64,82.047
São Paulo,2024,TSU,65,82.035
Mexico City,2025,OCO,19,83.963
Mexico City,2025,OCO,20,83.745
Mexico City,2025,OCO,21,83.939
Mexico City,2025,OCO,22,83.387
Mexico City,2025,OCO,23,83.874
Mexico City,2025,OCO,24,83.708
Mexico City,2025,OCO,25,83.777
Mexico City,2025,OCO,26,83.89
Mexico City,2025,OCO,29,84.011
Mexico City,2025,OCO,30,82.251
Mexico City,2025,OCO,31,82.425
Mexico City,2025,OCO,32,82.613
Mexico City,2025,OCO,33,82.377
Mexico City,2025,OCO,34,82.469
Mexico City,2025,OCO,35,83.363
Mexico City,2025,OCO,36,85.052
Mexico City,2025,OCO,37,83.018
Mexico City,2025,OCO,38,82.733
Mexico City,2025,OCO,39,82.664
Mexico City,2025,OCO,40,82.458
Mexico City,2025,OCO,41,82.539
Mexico City,2025,OCO,42,82.349
Mexico City,2025,OCO,43,82.381
Mexico City,2025,OCO,44,82.461
Mexico City,2025,OCO,45,82.125
Mexico City,2025,OCO,46,82.141
Mexico City,2025,OCO,47,82.127
Mexico City,2025,OCO,48,82.336
Mexico City,2025,OCO,49,82.115
Mexico City,2025,OCO,50,86.62
Mexico City,2025,OCO,51,83.666
Mexico City,2025,OCO,52,82.513
Mexico City,2025,OCO,53,82.128
Mexico City,2025,OCO,54,82.189
Mexico City,2025,OCO,55,82.304
Mexico City,2025,OCO,56,82.393
Mexico City,2025,OCO,57,82.375
Mexico City,2025,OCO,58,82.166
Mexico City,2025,OCO,59,82.048
Mexico City,2025,OCO,60,82.132
Mexico City,2025,OCO,61,82.25
Mexico City,2025,OCO,62,82.659
Mexico City,2025,OCO,63,82.709
Mexico City,2025,OCO,64,82.689
Mexico City,2025,OCO,65,82.68
Belgium,2025,ANT,22,107.765
Belgium,2025,ANT,23,107.487
Belgium,2025,ANT,24,108.414
Belgium,2025,ANT,25,107.931
Great Britain,2024,HAM,17,71.515
Great Britain,2024,HAM,18,71.614
Great Britain,2024,HAM,19,71.517
Great Britain,2024,HAM,20,72.152
Great Britain,2024,HAM,23,71.868
Great Britain,2024,HAM,24,70.131
Great Britain,2024,HAM,25,70.296
Great Britain,2024,HAM,26,70.257
Great Britain,2024,HAM,27,70.374
Great Britain,2024,HAM,28,70.254
Great Britain,2024,HAM,29,70.148
Great Britain,2024,HAM,30,70.171
Great Britain,2024,HAM,31,70.367
Great Britain,2024,HAM,32,70.388
Great Britain,2024,HAM,33,70.566
Great Britain,2024,HAM,34,70.211
Great Britain,2024,HAM,35,70.128
Great Britain,2024,HAM,36,70.566
Great Britain,2024,HAM,37,70.671
Great Britain,2024,HAM,38,70.479
Great Britain,2024,HAM,39,70.677
Great Britain,2024,HAM,40,70.638
Great Britain,2024,HAM,41,70.621
Great Britain,2024,HAM,42,70.997
Great Britain,2024,HAM,43,70.946
Great Britain,2024,HAM,44,70.802
Great Britain,2024,HAM,45,71.331
Great Britain,2024,HAM,46,70.877
Great Britain,2024,HAM,47,70.86
Great Britain,2024,HAM,48,71.283
Great Britain,2024,HAM,49,71.942
Great Britain,2024,HAM,50,70.919
Great Britain,2024,HAM,51,70.941
Great Britain,2024,HAM,52,71.228
Great Britain,2024,HAM,55,71.331
Great Britain,2024,HAM,56,69.963
Great Britain,2024,HAM,57,70.092
Great Britain,2024,HAM,58,70.044
Great Britain,2024,HAM,59,69.905
Great Britain,2024,HAM,60,69.792
Great Britain,2024,HAM,61,69.81
Great Britain,2024,HAM,62,69.562
Great Britain,2024,HAM,64,70.105
Great Britain,2024,HAM,67,69.98
Canada,2025,LEC,17,76.587
Canada,2025,LEC,18,76.041
Canada,2025,LEC,19,76.121
Canada,2025,LEC,20,76.22
Canada,2025,LEC,21,76.108
Canada,2025,LEC,22,76.24
Canada,2025,LEC,23,76.493
Canada,2025,LEC,24,76.153
Canada,2025,LEC,25,76.13
Canada,2025,LEC,26,76.019
Canada,2025,LEC,27,76.541
Canada,2025,LEC,30,76.492
Canada,2025,LEC,31,75.675
Canada,2025,LEC,32,75.491
Canada,2025,LEC,33,75.335
Canada,2025,LEC,34,75.298
Canada,2025,LEC,35,75.361
Canada,2025,LEC,36,75.333
Canada,2025,LEC,37,75.525
Canada,2025,LEC,38,75.053
Canada,2025,LEC,39,75.092
Canada,2025,LEC,40,74.971
Canada,2025,LEC,41,75.226
Canada,2025,LEC,42,75.252
Canada,2025,LEC,43,75.319
Canada,2025,LEC,44,75.375
Canada,2025,LEC,45,75.087
Canada,2025,LEC,46,76.168
Canada,2025,LEC,47,75.216
Canada,2025,LEC,50,75.433
Canada,2025,LEC,51,75.462
Canada,2025,LEC,52,75.49
Canada,2025,LEC,55,75.061
Canada,2025,LEC,56,75.179
Canada,2025,LEC,57,74.579
Canada,2025,LEC,58,74.261
Canada,2025,LEC,59,74.396
Canada,2025,LEC,60,74.798
Canada,2025,LEC,61,75.232
Azerbaijan,2025,COL,24,106.766
Azerbaijan,2025,COL,25,107.125
Azerbaijan,2025,COL,26,106.947
Azerbaijan,2025,COL,27,106.775
Azerbaijan,2025,COL,28,106.565
Azerbaijan,2025,COL,29,107.031
Azerbaijan,2025,COL,30,106.875
Azerbaijan,2025,COL,31,106.567
Azerbaijan,2025,COL,32,106.693
Azerbaijan,2025,COL,33,106.303
Azerbaijan,2025,COL,34,106.453
Azerbaijan,2025,COL,35,106.293
Azerbaijan,2025,COL,36,106.498
Azerbaijan,2025,COL,37,106.658
Azerbaijan,2025,COL,38,106.281
Azerbaijan,2025,COL,39,106.681
Azerbaijan,2025,COL,40,106.498
Azerbaijan,2025,COL,41,106.055
Azerbaijan,2025,COL,42,106.845
Azerbaijan,2025,COL,43,106.375
Azerbaijan,2025,COL,44,106.52
Azerbaijan,2025,COL,45,106.539
Azerbaijan,2025,COL,46,106.774
United States,2025,COL,20,101.725
United States,2025,COL,21,101.384
United States,2025,COL,22,101.127
United States,2025,COL,23,101.193
United States,2025,COL,24,102.677
United States,2025,COL,25,101.797
United States,2025,COL,26,101.637
United States,2025,COL,27,102.625
United States,2025,COL,28,101.68
United States,2025,COL,29,101.41
United States,2025,COL,30,101.054
United States,2025,COL,31,101.156
United States,2025,COL,35,101.425
United States,2025,COL,36,99.779
United States,2025,COL,37,99.892
United States,2025,COL,38,100.186
United States,2025,COL,39,99.852
United States,2025,COL,40,99.884
United States,2025,COL,41,99.971
United States,2025,COL,42,100.114
United States,2025,COL,43,99.748
United States,2025,COL,44,99.806
United States,2025,COL,45,99.911
United States,2025,COL,46,100.031
United States,2025,COL,47,99.625
United States,2025,COL,48,99.445
United States,2025,COL,49,100.142
United States,2025,COL,50,99.646
United States,2025,COL,51,99.973
Azerbaijan,2025,TSU,24,105.833
Azerbaijan,2025,TSU,25,105.872
Azerbaijan,2025,TSU,26,105.844
Azerbaijan,2025,TSU,27,105.433
Azerbaijan,2025,TSU,28,105.242
Azerbaijan,2025,TSU,29,105.535
Azerbaijan,2025,TSU,30,105.664
Azerbaijan,2025,TSU,31,105.821
Azerbaijan,2025,TSU,32,105.469
Azerbaijan,2025,TSU,33,105.617
Azerbaijan,2025,TSU,34,105.277
Azerbaijan,2025,TSU,35,105.159
Azerbaijan,2025,TSU,36,105.137
Azerbaijan,2025,TSU,37,105.141
Azerbaijan,2025,TSU,40,104.952
Azerbaijan,2025,TSU,41,104.877
Azerbaijan,2025,TSU,42,104.434
Azerbaijan,2025,TSU,43,104.573
Azerbaijan,2025,TSU,44,105.548
Azerbaijan,2025,TSU,45,104.909
Azerbaijan,2025,TSU,46,105.119
Azerbaijan,2025,TSU,47,105.032
Italy,2024,BOT,17,86.569
Italy,2024,BOT,18,86.396
Italy,2024,BOT,19,86.359
Italy,2024,BOT,20,86.456
Italy,2024,BOT,21,86.803
Italy,2024,BOT,22,87.23
Italy,2024,BOT,23,87.404
Italy,2024,BOT,24,86.943
Italy,2024,BOT,25,86.542
Italy,2024,BOT,26,86.863
Italy,2024,BOT,27,86.885
Italy,2024,BOT,28,86.309
Italy,2024,BOT,29,85.804
Italy,2024,BOT,30,86.827
Italy,2024,BOT,31,86.022
Italy,2024,BOT,32,86.004
Italy,2024,BOT,35,87.859
Italy,2024,BOT,36,85.336
Italy,2024,BOT,37,85.114
Italy,2024,BOT,38,85.213
Italy,2024,BOT,39,86.704
Italy,2024,BOT,40,85.081
Italy,2024,BOT,41,85.16
Italy,2024,BOT,42,86.31
Italy,2024,BOT,43,86.036
Italy,2024,BOT,44,84.637
Italy,2024,BOT,45,84.792
Italy,2024,BOT,46,84.588
Italy,2024,BOT,47,84.358
Italy,2024,BOT,48,84.089
Australia,2025,HAM,23,92.041
Australia,2025,HAM,24,91.771
Australia,2025,HAM,25,91.852
Australia,2025,HAM,26,90.86
Australia,2025,HAM,27,91.302
Australia,2025,HAM,28,90.755
Australia,2025,HAM,29,90.143
Australia,2025,HAM,30,90.127
Australia,2025,HAM,31,89.737
Australia,2025,HAM,32,90.422
Australia,2025,HAM,42,90.234
Australia,2025,HAM,43,87.508
Australia,2025,HAM,46,84.218
Australia,2025,HAM,52,96.714
Australia,2025,HAM,53,97.051
Miami,2024,HUL,19,93.608
Miami,2024,HUL,20,93.273
Miami,2024,HUL,21,93.538
Miami,2024,HUL,24,93.705
Miami,2024,HUL,25,94.099
Miami,2024,HUL,26,94.486
Miami,2024,HUL,27,94.322
Miami,2024,HUL,33,94.825
Miami,2024,HUL,34,93.618
Miami,2024,HUL,35,93.078
Miami,2024,HUL,36,93.115
Miami,2024,HUL,37,93.291
Miami,2024,HUL,38,92.894
Miami,2024,HUL,39,92.953
Miami,2024,HUL,40,93.092
Miami,2024,HUL,41,92.346
Miami,2024,HUL,42,92.637
Miami,2024,HUL,43,92.214
Miami,2024,HUL,44,92.638
Miami,2024,HUL,45,92.457
Miami,2024,HUL,46,92.474
Miami,2024,HUL,47,92.667
Miami,2024,HUL,48,92.184
Miami,2024,HUL,49,92.298
Miami,2024,HUL,50,92.474
Miami,2024,HUL,51,92.144
Miami,2024,HUL,52,92.044
Miami,2024,HUL,53,92.403
Australia,2024,RIC,20,83.024
Australia,2024,RIC,21,83.127
Australia,2024,RIC,22,83.187
Australia,2024,RIC,23,83.105
Australia,2024,RIC,24,83.012
Australia,2024,RIC,25,83.292
Australia,2024,RIC,26,83.547
Australia,2024,RIC,27,83.357
Australia,2024,RIC,28,83.885
Australia,2024,RIC,31,83.863
Australia,2024,RIC,32,82.938
Australia,2024,RIC,33,82.738
Australia,2024,RIC,34,82.443
Australia,2024,RIC,35,82.709
Australia,2024,RIC,36,83.49
Australia,2024,RIC,37,85.131
Australia,2024,RIC,38,82.438
Australia,2024,RIC,39,82.38
Australia,2024,RIC,40,82.172
Australia,2024,RIC,41,81.387
Australia,2024,RIC,42,81.608
Australia,2024,RIC,43,81.888
Australia,2024,RIC,44,81.648
Australia,2024,RIC,45,81.313
Australia,2024,RIC,46,81.33
Australia,2024,RIC,47,81.239
Australia,2024,RIC,48,81.3
Australia,2024,RIC,49,81.492
Australia,2024,RIC,50,81.606
Australia,2024,RIC,51,81.782
Austria,2024,TSU,17,72.447
Austria,2024,TSU,18,72.463
Austria,2024,TSU,19,72.484
Austria,2024,TSU,20,72.571
Austria,2024,TSU,23,72.652
Austria,2024,TSU,24,71.011
Austria,2024,TSU,25,71.463
Austria,2024,TSU,26,71.534
Austria,2024,TSU,27,71.145
Austria,2024,TSU,28,71.262
Austria,2024,TSU,29,71.281
Austria,2024,TSU,30,71.232
Austria,2024,TSU,31,71.245
Austria,2024,TSU,32,71.128
Austria,2024,TSU,33,71.361
Austria,2024,TSU,34,71.368
Austria,2024,TSU,35,71.754
Austria,2024,TSU,36,71.942
Austria,2024,TSU,37,71.95
Austria,2024,TSU,38,71.94
Austria,2024,TSU,39,71.594
Austria,2024,TSU,40,71.688
Austria,2024,TSU,41,71.737
Austria,2024,TSU,42,71.872
Austria,2024,TSU,43,71.839
Austria,2024,TSU,46,71.859
Austria,2024,TSU,47,70.947
Austria,2024,TSU,48,70.809
Austria,2024,TSU,49,70.587
Austria,2024,TSU,50,70.6
Austria,2024,TSU,51,70.556
Austria,2024,TSU,52,70.7
Austria,2024,TSU,53,70.762
Austria,2024,TSU,54,73.342
Austria,2024,TSU,55,70.318
Austria,2024,TSU,56,70.648
Austria,2024,TSU,57,70.621
Austria,2024,TSU,58,71.613
Austria,2024,TSU,59,70.916
Austria,2024,TSU,60,70.879
Austria,2024,TSU,61,70.847
Austria,2024,TSU,62,72.473
Austria,2024,TSU,64,70.964
Austria,2024,TSU,66,71.743
Japan,2025,LAW,17,94.633
Japan,2025,LAW,18,94.544
Japan,2025,LAW,19,94.581
Japan,2025,LAW,20,94.342
Japan,2025,LAW,21,94.768
Japan,2025,LAW,22,94.604
Japan,2025,LAW,23,94.689
Japan,2025,LAW,24,94.458
Japan,2025,LAW,25,94.188
Japan,2025,LAW,26,94.116
Japan,2025,LAW,27,94.016
Japan,2025,LAW,28,94.064
Japan,2025,LAW,29,93.977
Japan,2025,LAW,30,93.959
Japan,2025,LAW,31,94.105
Japan,2025,LAW,32,95.823
Japan,2025,LAW,35,95.11
Japan,2025,LAW,36,92.2
Japan,2025,LAW,37,93.395
Japan,2025,LAW,38,92.796
Japan,2025,LAW,39,92.244
Japan,2025,LAW,40,92.043
Japan,2025,LAW,41,92.43
Japan,2025,LAW,42,92.294
Japan,2025,LAW,43,92.105
Japan,2025,LAW,44,92.368
Japan,2025,LAW,45,92.514
Japan,2025,LAW,46,92.681
Japan,2025,LAW,47,92.775
Japan,2025,LAW,48,92.705
Japan,2025,LAW,49,92.796
Spain,2024,HUL,19,80.756
Spain,2024,HUL,20,81.174
Spain,2024,HUL,21,81.137
Spain,2024,HUL,22,81.205
Spain,2024,HUL,23,82.174
Spain,2024,HUL,24,81.627
Spain,2024,HUL,25,80.907
Spain,2024,HUL,26,81.053
Spain,2024,HUL,27,80.972
Spain,2024,HUL,28,81.42
Spain,2024,HUL,29,81.09
Spain,2024,HUL,30,80.979
Spain,2024,HUL,31,81.198
Spain,2024,HUL,32,81.314
Spain,2024,HUL,33,81.445
Spain,2024,HUL,34,81.203
Spain,2024,HUL,35,81.627
Spain,2024,HUL,36,81.255
Spain,2024,HUL,37,81.04
Spain,2024,HUL,40,81.02
Spain,2024,HUL,41,80.452
Spain,2024,HUL,42,80.122
Spain,2024,HUL,43,80.356
Spain,2024,HUL,44,79.023
Spain,2024,HUL,45,79.532
Spain,2024,HUL,46,79.415
Spain,2024,HUL,47,79.363
Spain,2024,HUL,48,79.264
Spain,2024,HUL,49,78.916
Spain,2024,HUL,50,78.609
Spain,2024,HUL,51,79.15
Spain,2024,HUL,52,78.943
Spain,2024,HUL,53,79.107
Spain,2024,HUL,54,79.124
Spain,2024,HUL,55,79.451
Spain,2024,HUL,56,79.559
Spain,2024,HUL,57,79.163
Spain,2024,HUL,58,79.704
Spain,2024,HUL,59,79.661
Spain,2024,HUL,60,80.015
Spain,2024,HUL,61,79.572
Spain,2024,HUL,62,79.872
Australia,2025,VER,23,91.04
Australia,2025,VER,24,90.686
Australia,2025,VER,25,90.978
Australia,2025,VER,26,90.845
Australia,2025,VER,27,90.293
Australia,2025,VER,28,89.731
Australia,2025,VER,29,89.411
Australia,2025,VER,30,89.043
Australia,2025,VER,31,88.237
Australia,2025,VER,32,88.127
Australia,2025,VER,42,88.208
Australia,2025,VER,43,85.317
Australia,2025,VER,52,83.081
Australia,2025,VER,53,93.864
Austria,2025,TSU,21,71.869
Austria,2025,TSU,22,70.539
Austria,2025,TSU,23,70.923
Austria,2025,TSU,24,70.613
Austria,2025,TSU,25,70.781
Austria,2025,TSU,26,70.85
Austria,2025,TSU,27,70.676
Austria,2025,TSU,28,71.254
Austria,2025,TSU,29,71.658
Austria,2025,TSU,32,71.39
Austria,2025,TSU,33,70.469
Austria,2025,TSU,34,70.209
Austria,2025,TSU,35,70.028
Austria,2025,TSU,36,70.213
Austria,2025,TSU,37,70.189
Austria,2025,TSU,38,70.216
Austria,2025,TSU,39,70.015
Austria,2025,TSU,40,70.256
Austria,2025,TSU,41,70.486
Austria,2025,TSU,42,70.311
Austria,2025,TSU,43,70.416
Austria,2025,TSU,44,70.548
Austria,2025,TSU,45,70.569
Austria,2025,TSU,46,70.35
Austria,2025,TSU,47,70.511
Austria,2025,TSU,48,72.399
Austria,2025,TSU,49,70.711
Austria,2025,TSU,50,70.657
Austria,2025,TSU,51,70.671
Austria,2025,TSU,52,70.769
Austria,2025,TSU,53,71.183
Austria,2025,TSU,54,72.887
Austria,2025,TSU,55,72.299
Austria,2025,TSU,56,70.912
Austria,2025,TSU,57,71.023
Austria,2025,TSU,58,71.979
Austria,2025,TSU,59,70.415
Austria,2025,TSU,62,70.84
Austria,2025,TSU,63,69.802
Austria,2025,TSU,64,70.252
Hungary,2025,HAD,17,83.928
Hungary,2025,HAD,18,83.785
Hungary,2025,HAD,19,83.644
Hungary,2025,HAD,20,83.768
Hungary,2025,HAD,21,83.717
Hungary,2025,HAD,22,84.019
Hungary,2025,HAD,23,83.938
Hungary,2025,HAD,24,83.753
Hungary,2025,HAD,25,83.688
Hungary,2025,HAD,26,83.857
Hungary,2025,HAD,27,84.216
Hungary,2025,HAD,28,83.918
Hungary,2025,HAD,29,84.574
Hungary,2025,HAD,30,83.815
Hungary,2025,HAD,31,84.628
Hungary,2025,HAD,32,83.259
Hungary,2025,HAD,35,83.236
Hungary,2025,HAD,36,81.481
Hungary,2025,HAD,37,81.573
Hungary,2025,HAD,38,81.433
Hungary,2025,HAD,39,81.39
Hungary,2025,HAD,40,81.723
Hungary,2025,HAD,41,81.696
Hungary,2025,HAD,42,81.836
Hungary,2025,HAD,43,82.46
Hungary,2025,HAD,44,82.357
Hungary,2025,HAD,45,81.579
Hungary,2025,HAD,46,81.946
Hungary,2025,HAD,47,82.249
Hungary,2025,HAD,48,80.942
Hungary,2025,HAD,49,80.802
Hungary,2025,HAD,50,81.389
Hungary,2025,HAD,51,81.118
Hungary,2025,HAD,52,81.102
Hungary,2025,HAD,53,81.011
Hungary,2025,HAD,54,80.974
Hungary,2025,HAD,55,80.803
Hungary,2025,HAD,56,80.928
Hungary,2025,HAD,57,80.971
Hungary,2025,HAD,58,81.079
Hungary,2025,HAD,59,81.041
Hungary,2025,HAD,60,81.066
Hungary,2025,HAD,61,80.953
Hungary,2025,HAD,62,81.006
Hungary,2025,HAD,63,81.149
Hungary,2025,HAD,64,81.421
Hungary,2025,HAD,65,81.33
Emilia Romagna,2025,STR,19,81.938
Emilia Romagna,2025,STR,20,82.046
Emilia Romagna,2025,STR,21,81.912
Emilia Romagna,2025,STR,22,82.312
Emilia Romagna,2025,STR,23,82.133
Emilia Romagna,2025,STR,24,82.155
Emilia Romagna,2025,STR,25,81.933
Emilia Romagna,2025,STR,26,82.223
Emilia Romagna,2025,STR,27,82.409
Emilia Romagna,2025,STR,32,82.632
Emilia Romagna,2025,STR,33,82.511
Emilia Romagna,2025,STR,34,82.101
Emilia Romagna,2025,STR,35,82.559
Emilia Romagna,2025,STR,36,83.274
Emilia Romagna,2025,STR,37,83.401
Emilia Romagna,2025,STR,38,83.025
Emilia Romagna,2025,STR,39,82.969
Emilia Romagna,2025,STR,40,81.94
Emilia Romagna,2025,STR,41,82.337
Emilia Romagna,2025,STR,42,82.207
Emilia Romagna,2025,STR,43,82.352
Emilia Romagna,2025,STR,44,81.851
Emilia Romagna,2025,STR,54,81.883
Emilia Romagna,2025,STR,55,82.744
Emilia Romagna,2025,STR,56,82.083
Emilia Romagna,2025,STR,57,80.933
Emilia Romagna,2025,STR,58,80.657
Emilia Romagna,2025,STR,59,80.501
Australia,2025,PIA,23,90.214
Australia,2025,PIA,24,89.739
Australia,2025,PIA,25,89.626
Australia,2025,PIA,26,89.295
Australia,2025,PIA,27,89.133
Australia,2025,PIA,28,89.037
Australia,2025,PIA,29,88.629
Australia,2025,PIA,30,88.188
Australia,2025,PIA,31,88.331
Australia,2025,PIA,32,87.916
Australia,2025,PIA,33,89.379
Australia,2025,PIA,42,88.226
Australia,2025,PIA,43,84.583
Australia,2025,PIA,52,83.242
Australia,2025,PIA,53,97.224
Netherlands,2025,VER,17,76.197
Netherlands,2025,VER,18,76.197
Netherlands,2025,VER,19,76.156
Netherlands,2025,VER,20,76.435
Netherlands,2025,VER,21,76.71
Netherlands,2025,VER,22,76.706
Netherlands,2025,VER,27,76.398
Netherlands,2025,VER,28,75.615
Netherlands,2025,VER,29,75.247
Netherlands,2025,VER,30,75.332
Netherlands,2025,VER,33,75.329
Netherlands,2025,VER,34,75.029
Netherlands,2025,VER,36,74.916
Netherlands,2025,VER,37,74.932
Netherlands,2025,VER,38,74.746
Netherlands,2025,VER,39,74.839
Netherlands,2025,VER,40,74.759
Netherlands,2025,VER,41,74.82
Netherlands,2025,VER,42,74.993
Netherlands,2025,VER,43,75.044
Netherlands,2025,VER,44,74.944
Netherlands,2025,VER,45,74.912
Netherlands,2025,VER,46,74.839
Netherlands,2025,VER,47,74.741
Netherlands,2025,VER,48,74.937
Netherlands,2025,VER,49,74.872
Netherlands,2025,VER,50,74.872
Netherlands,2025,VER,51,75.109
Netherlands,2025,VER,52,74.915
Netherlands,2025,VER,58,74.932
Netherlands,2025,VER,59,74.516
Netherlands,2025,VER,60,73.539
Netherlands,2025,VER,61,73.445
Netherlands,2025,VER,62,73.437
Netherlands,2025,VER,63,73.206
Netherlands,2025,VER,64,73.248
Italy,2025,COL,17,85.019
Italy,2025,COL,18,84.434
Italy,2025,COL,19,84.414
Italy,2025,COL,20,84.427
Italy,2025,COL,21,84.292
Italy,2025,COL,22,84.399
Italy,2025,COL,23,84.111
Italy,2025,COL,24,84.458
Italy,2025,COL,25,84.334
Italy,2025,COL,26,84.168
Italy,2025,COL,27,84.215
Italy,2025,COL,28,83.949
Italy,2025,COL,29,84.844
Italy,2025,COL,30,83.793
Italy,2025,COL,31,85.753
Italy,2025,COL,32,84.216
Italy,2025,COL,35,84.319
Italy,2025,COL,36,83.089
Italy,2025,COL,37,82.919
Italy,2025,COL,38,83.058
Italy,2025,COL,39,82.894
Italy,2025,COL,41,85.047
Italy,2025,COL,42,83.2
Italy,2025,COL,43,83.07
Italy,2025,COL,44,82.622
Italy,2025,COL,45,82.64
Italy,2025,COL,46,82.573
Italy,2025,COL,47,82.818
Italy,2025,COL,48,82.833
Spain,2024,TSU,19,82.182
Spain,2024,TSU,20,81.744
Spain,2024,TSU,21,82.962
Spain,2024,TSU,22,81.392
Spain,2024,TSU,23,83.793
Spain,2024,TSU,24,81.748
Spain,2024,TSU,25,81.615
Spain,2024,TSU,26,81.791
Spain,2024,TSU,29,82.011
Spain,2024,TSU,30,79.573
Spain,2024,TSU,31,79.755
Spain,2024,TSU,32,80.378
Spain,2024,TSU,33,80.323
Spain,2024,TSU,34,80.172
Spain,2024,TSU,35,80.557
Spain,2024,TSU,36,80.188
Spain,2024,TSU,37,82.771
Spain,2024,TSU,38,80.653
Spain,2024,TSU,39,80.849
Spain,2024,TSU,40,81.026
Spain,2024,TSU,41,82.1
Spain,2024,TSU,42,81.475
Spain,2024,TSU,43,84.313
Spain,2024,TSU,46,80.875
Spain,2024,TSU,47,80.706
Spain,2024,TSU,48,80.461
Spain,2024,TSU,49,82.703
Spain,2024,TSU,50,81.799
Spain,2024,TSU,51,79.815
Spain,2024,TSU,52,79.678
Spain,2024,TSU,53,79.818
Spain,2024,TSU,54,80.029
Spain,2024,TSU,55,80.437
Spain,2024,TSU,56,79.564
Spain,2024,TSU,57,79.447
Spain,2024,TSU,58,79.464
Spain,2024,TSU,59,79.642
Spain,2024,TSU,60,80.129
Spain,2024,TSU,61,79.796
Italy,2025,LAW,19,84.044
Italy,2025,LAW,20,83.877
Italy,2025,LAW,21,83.764
Italy,2025,LAW,22,84.735
Italy,2025,LAW,23,85.2
Italy,2025,LAW,24,84.165
Italy,2025,LAW,25,84.185
Italy,2025,LAW,26,85.332
Italy,2025,LAW,27,84.202
Italy,2025,LAW,28,87.448
Italy,2025,LAW,29,84.5
Italy,2025,LAW,30,83.939
Italy,2025,LAW,31,83.69
Italy,2025,LAW,32,83.652
Italy,2025,LAW,33,83.657
Italy,2025,LAW,34,83.656
Italy,2025,LAW,35,83.574
Italy,2025,LAW,36,83.415
Italy,2025,LAW,37,83.615
Italy,2025,LAW,38,83.347
Italy,2025,LAW,39,83.802
Italy,2025,LAW,41,83.386
Italy,2025,LAW,42,83.487
Italy,2025,LAW,43,83.334
Italy,2025,LAW,44,82.985
Italy,2025,LAW,45,83.09
Italy,2025,LAW,46,83.08
Italy,2025,LAW,47,83.189
Italy,2025,LAW,48,83.003
Italy,2025,LAW,49,82.798
Saudi Arabia,2025,LAW,19,95.162
Saudi Arabia,2025,LAW,22,95.159
Saudi Arabia,2025,LAW,23,94.381
Saudi Arabia,2025,LAW,24,95.469
Saudi Arabia,2025,LAW,25,96.381
Saudi Arabia,2025,LAW,26,94.842
Saudi Arabia,2025,LAW,27,94.725
Saudi Arabia,2025,LAW,28,95.216
Saudi Arabia,2025,LAW,29,95.19
Saudi Arabia,2025,LAW,30,94.591
Saudi Arabia,2025,LAW,31,94.725
Saudi Arabia,2025,LAW,32,94.607
Saudi Arabia,2025,LAW,33,94.755
Saudi Arabia,2025,LAW,34,94.198
Saudi Arabia,2025,LAW,35,93.724
Saudi Arabia,2025,LAW,36,94.401
Saudi Arabia,2025,LAW,37,93.869
Saudi Arabia,2025,LAW,38,93.927
Saudi Arabia,2025,LAW,39,93.462
Saudi Arabia,2025,LAW,40,93.616
Saudi Arabia,2025,LAW,41,93.218
Saudi Arabia,2025,LAW,42,93.546
Saudi Arabia,2025,LAW,43,93.312
Saudi Arabia,2025,LAW,44,92.998
Saudi Arabia,2025,LAW,45,93.255
Saudi Arabia,2025,LAW,46,93.313
Japan,2024,VER,21,96.402
Japan,2024,VER,22,95.617
Japan,2024,VER,23,96.384
Japan,2024,VER,24,96.205
Japan,2024,VER,25,96.532
Japan,2024,VER,26,96.337
Japan,2024,VER,27,96.437
Japan,2024,VER,28,96.654
Japan,2024,VER,29,96.496
Japan,2024,VER,30,96.655
Japan,2024,VER,31,96.849
Japan,2024,VER,32,96.761
Japan,2024,VER,33,96.92
Japan,2024,VER,36,97.048
Japan,2024,VER,37,94.619
Japan,2024,VER,38,94.97
Japan,2024,VER,39,94.986
Japan,2024,VER,40,94.494
Japan,2024,VER,41,94.343
Japan,2024,VER,43,94.273
Japan,2024,VER,44,94.303
Japan,2024,VER,45,94.455
Japan,2024,VER,46,94.606
Japan,2024,VER,47,94.61
Japan,2024,VER,48,95.113
Japan,2024,VER,49,95.75
Belgium,2024,PER,20,108.695
Belgium,2024,PER,23,109.663
Belgium,2024,PER,24,107.223
Belgium,2024,PER,25,107.822
Belgium,2024,PER,26,107.667
Belgium,2024,PER,27,108.048
Belgium,2024,PER,28,107.625
Belgium,2024,PER,29,107.7
Belgium,2024,PER,30,107.47
Belgium,2024,PER,31,108.878
Belgium,2024,PER,32,108.335
Belgium,2024,PER,33,108.016
Belgium,2024,PER,34,107.63
Belgium,2024,PER,35,108.217
Belgium,2024,PER,36,107.843
Belgium,2024,PER,37,108.014
Belgium,2024,PER,38,108.057
Singapore,2024,STR,17,99.923
Singapore,2024,STR,18,99.933
Singapore,2024,STR,19,100.015
Singapore,2024,STR,20,99.96
Singapore,2024,STR,21,99.929
Singapore,2024,STR,22,101.423
Singapore,2024,STR,23,100.433
Singapore,2024,STR,24,100.328
Singapore,2024,STR,25,100.183
Singapore,2024,STR,28,100.487
Singapore,2024,STR,29,99.233
Singapore,2024,STR,30,99.389
Singapore,2024,STR,31,98.917
Singapore,2024,STR,32,98.495
Singapore,2024,STR,33,98.159
Singapore,2024,STR,34,98.162
Singapore,2024,STR,35,98.286
Singapore,2024,STR,36,97.924
Singapore,2024,STR,37,97.851
Singapore,2024,STR,38,98.917
Singapore,2024,STR,39,101.692
Singapore,2024,STR,40,98.261
Singapore,2024,STR,41,98.508
Singapore,2024,STR,42,99.745
Singapore,2024,STR,43,98.024
Singapore,2024,STR,44,98.182
Singapore,2024,STR,45,98.203
Singapore,2024,STR,46,98.817
Singapore,2024,STR,47,99.289
Singapore,2024,STR,48,98.365
Singapore,2024,STR,49,97.928
Singapore,2024,STR,50,98.532
Singapore,2024,STR,51,100.14
Singapore,2024,STR,52,98.309
Singapore,2024,STR,53,98.03
Singapore,2024,STR,54,98.555
Singapore,2024,STR,55,98.178
Singapore,2024,STR,56,98.32
Singapore,2024,STR,57,98.584
Bahrain,2024,NOR,20,96.416
Bahrain,2024,NOR,21,96.501
Bahrain,2024,NOR,22,96.62
Bahrain,2024,NOR,23,96.668
Bahrain,2024,NOR,24,96.696
Bahrain,2024,NOR,25,96.823
Bahrain,2024,NOR,26,96.73
Bahrain,2024,NOR,27,96.566
Bahrain,2024,NOR,28,96.726
Bahrain,2024,NOR,29,97.018
Bahrain,2024,NOR,30,97.041
Bahrain,2024,NOR,31,96.986
Bahrain,2024,NOR,32,97.083
Bahrain,2024,NOR,35,97.171
Bahrain,2024,NOR,36,94.476
Bahrain,2024,NOR,37,95.69
Bahrain,2024,NOR,38,95.067
Bahrain,2024,NOR,39,95.149
Bahrain,2024,NOR,40,94.88
Bahrain,2024,NOR,41,95.276
Bahrain,2024,NOR,42,95.069
Bahrain,2024,NOR,43,95.165
Bahrain,2024,NOR,44,95.295
Bahrain,2024,NOR,45,95.346
Bahrain,2024,NOR,46,95.338
Bahrain,2024,NOR,47,95.371
Bahrain,2024,NOR,48,95.485
Bahrain,2024,NOR,49,95.717
Bahrain,2024,NOR,50,95.674
Bahrain,2024,NOR,51,95.657
Bahrain,2024,NOR,52,96.038
Bahrain,2024,NOR,53,95.922
Italy,2025,VER,17,83.001
Italy,2025,VER,18,82.89
Italy,2025,VER,19,82.727
Italy,2025,VER,20,82.838
Italy,2025,VER,21,82.857
Italy,2025,VER,22,82.919
Italy,2025,VER,23,82.733
Italy,2025,VER,24,82.782
Italy,2025,VER,25,82.817
Italy,2025,VER,26,82.97
Italy,2025,VER,27,82.937
Italy,2025,VER,28,83.015
Italy,2025,VER,29,83.031
Italy,2025,VER,30,82.811
Italy,2025,VER,31,82.928
Italy,2025,VER,32,82.941
Italy,2025,VER,33,82.89
Italy,2025,VER,34,82.943
Italy,2025,VER,35,82.795
Italy,2025,VER,36,82.651
Italy,2025,VER,39,82.699
Italy,2025,VER,42,81.402
Italy,2025,VER,43,81.445
Italy,2025,VER,44,81.32
Italy,2025,VER,45,81.289
Italy,2025,VER,46,81.353
Italy,2025,VER,47,81.325
Italy,2025,VER,48,81.336
Italy,2025,VER,49,81.316
Netherlands,2024,PER,17,76.572
Netherlands,2024,PER,18,76.467
Netherlands,2024,PER,19,76.731
Netherlands,2024,PER,20,76.623
Netherlands,2024,PER,21,76.529
Netherlands,2024,PER,22,76.529
Netherlands,2024,PER,23,76.684
Netherlands,2024,PER,24,77.003
Netherlands,2024,PER,25,77.07
Netherlands,2024,PER,26,76.432
Netherlands,2024,PER,27,76.505
Netherlands,2024,PER,28,76.361
Netherlands,2024,PER,31,76.57
Netherlands,2024,PER,32,75.296
Netherlands,2024,PER,33,75.031
Netherlands,2024,PER,34,74.673
Netherlands,2024,PER,35,74.966
Netherlands,2024,PER,36,75.106
Netherlands,2024,PER,37,74.846
Netherlands,2024,PER,38,75.121
Netherlands,2024,PER,39,75.102
Netherlands,2024,PER,40,74.949
Netherlands,2024,PER,41,74.792
Netherlands,2024,PER,42,74.879
Netherlands,2024,PER,43,74.828
Netherlands,2024,PER,44,74.93
Netherlands,2024,PER,45,75.143
Netherlands,2024,PER,46,75.138
Netherlands,2024,PER,47,75.103
Netherlands,2024,PER,48,76.486
Netherlands,2024,PER,49,75.601
Netherlands,2024,PER,50,75.492
Netherlands,2024,PER,51,75.314
Netherlands,2024,PER,52,75.12
Netherlands,2024,PER,53,75.046
Netherlands,2024,PER,54,75.266
Netherlands,2024,PER,55,75.169
Netherlands,2024,PER,56,75.45
Netherlands,2024,PER,57,75.521
Netherlands,2024,PER,58,75.714
Netherlands,2024,PER,59,76.198
Netherlands,2024,PER,60,75.287
Netherlands,2024,PER,61,75.197
Netherlands,2024,PER,62,75.063
Netherlands,2024,PER,63,75.034
Netherlands,2024,PER,64,75.081
Netherlands,2024,PER,65,74.699
Netherlands,2024,PER,66,74.932
Netherlands,2024,PER,67,74.61
Netherlands,2024,PER,68,74.849
Azerbaijan,2025,ANT,24,105.46
Azerbaijan,2025,ANT,25,105.287
Azerbaijan,2025,ANT,26,105.513
Azerbaijan,2025,ANT,27,105.197
Azerbaijan,2025,ANT,28,105.069
Azerbaijan,2025,ANT,29,105.384
Azerbaijan,2025,ANT,30,106.213
Azerbaijan,2025,ANT,31,105.425
Azerbaijan,2025,ANT,32,104.823
Azerbaijan,2025,ANT,33,105.021
Azerbaijan,2025,ANT,34,104.925
Azerbaijan,2025,ANT,35,104.891
Azerbaijan,2025,ANT,36,104.887
Azerbaijan,2025,ANT,37,104.929
Azerbaijan,2025,ANT,38,104.626
Azerbaijan,2025,ANT,39,104.791
Azerbaijan,2025,ANT,40,104.834
Azerbaijan,2025,ANT,41,104.917
Azerbaijan,2025,ANT,42,105.029
Azerbaijan,2025,ANT,43,104.888
Azerbaijan,2025,ANT,44,104.632
Azerbaijan,2025,ANT,45,104.434
Azerbaijan,2025,ANT,46,104.172
Azerbaijan,2025,ANT,47,104.301
Belgium,2025,PIA,22,106.486
Belgium,2025,PIA,23,106.3
Belgium,2025,PIA,24,106.433
Belgium,2025,PIA,25,106.474
Belgium,2025,PIA,26,106.415
Belgium,2025,PIA,27,106.407
Belgium,2025,PIA,28,106.243
Belgium,2025,PIA,29,106.462
Belgium,2025,PIA,30,106.171
Belgium,2025,PIA,31,106.205
Belgium,2025,PIA,32,106.242
Belgium,2025,PIA,33,106.358
Belgium,2025,PIA,34,106.663
Belgium,2025,PIA,35,106.358
Belgium,2025,PIA,36,106.444
Belgium,2025,PIA,37,106.577
Belgium,2025,PIA,38,106.483
Belgium,2025,PIA,39,106.347
Belgium,2025,PIA,40,106.498
Netherlands,2025,GAS,17,77.252
Netherlands,2025,GAS,18,77.243
Netherlands,2025,GAS,19,76.779
Netherlands,2025,GAS,20,77.483
Netherlands,2025,GAS,21,77.573
Netherlands,2025,GAS,22,77.262
Netherlands,2025,GAS,27,76.811
Netherlands,2025,GAS,28,78.387
Netherlands,2025,GAS,29,76.326
Netherlands,2025,GAS,30,76.423
Netherlands,2025,GAS,33,76.385
Netherlands,2025,GAS,34,76.253
Netherlands,2025,GAS,36,75.926
Netherlands,2025,GAS,37,75.8
Netherlands,2025,GAS,38,76.061
Netherlands,2025,GAS,39,76.263
Netherlands,2025,GAS,40,76.326
Netherlands,2025,GAS,41,76.38
Netherlands,2025,GAS,42,76.031
Netherlands,2025,GAS,43,76.424
Netherlands,2025,GAS,44,76.536
Netherlands,2025,GAS,45,76.416
Netherlands,2025,GAS,46,76.556
Netherlands,2025,GAS,47,76.351
Netherlands,2025,GAS,48,76.554
Netherlands,2025,GAS,49,76.603
Netherlands,2025,GAS,50,76.511
Netherlands,2025,GAS,51,76.816
Netherlands,2025,GAS,58,76.871
Netherlands,2025,GAS,59,76.732
Netherlands,2025,GAS,60,75.248
Netherlands,2025,GAS,61,75.403
Netherlands,2025,GAS,62,75.718
Netherlands,2025,GAS,63,75.91
Netherlands,2025,GAS,64,76.426
Abu Dhabi,2025,PIA,17,89.681
Abu Dhabi,2025,PIA,18,89.535
Abu Dhabi,2025,PIA,19,89.557
Abu Dhabi,2025,PIA,20,89.598
Abu Dhabi,2025,PIA,21,89.892
Abu Dhabi,2025,PIA,22,89.584
Abu Dhabi,2025,PIA,23,89.503
Abu Dhabi,2025,PIA,24,89.515
Abu Dhabi,2025,PIA,25,89.435
Abu Dhabi,2025,PIA,26,89.261
Abu Dhabi,2025,PIA,27,89.492
Abu Dhabi,2025,PIA,28,89.299
Abu Dhabi,2025,PIA,29,89.004
Abu Dhabi,2025,PIA,30,88.927
Abu Dhabi,2025,PIA,31,89.119
Abu Dhabi,2025,PIA,32,88.983
Abu Dhabi,2025,PIA,33,89.001
Abu Dhabi,2025,PIA,34,89.002
Abu Dhabi,2025,PIA,35,89.313
Abu Dhabi,2025,PIA,36,89.177
Abu Dhabi,2025,PIA,37,89.009
Abu Dhabi,2025,PIA,38,89.126
Abu Dhabi,2025,PIA,39,89.106
Abu Dhabi,2025,PIA,40,89.26
Abu Dhabi,2025,PIA,43,89.388
Abu Dhabi,2025,PIA,44,87.369
Abu Dhabi,2025,PIA,45,86.765
Abu Dhabi,2025,PIA,46,87.392
Abu Dhabi,2025,PIA,47,86.965
Abu Dhabi,2025,PIA,48,86.994
Abu Dhabi,2025,PIA,49,87.022
Abu Dhabi,2025,PIA,50,87.112
Abu Dhabi,2025,PIA,51,87.039
Abu Dhabi,2025,PIA,52,87.312
Abu Dhabi,2025,PIA,53,87.498
Abu Dhabi,2025,PIA,54,87.527
Belgium,2024,MAG,20,109.093
Belgium,2024,MAG,21,109.957
Belgium,2024,MAG,22,110.385
Belgium,2024,MAG,23,110.189
Belgium,2024,MAG,24,109.372
Belgium,2024,MAG,25,109.208
Belgium,2024,MAG,26,108.861
Belgium,2024,MAG,27,109.903
Belgium,2024,MAG,28,110.071
Belgium,2024,MAG,29,108.97
Belgium,2024,MAG,30,108.846
Belgium,2024,MAG,31,108.469
Belgium,2024,MAG,32,109.229
Belgium,2024,MAG,33,108.624
Belgium,2024,MAG,34,108.658
Belgium,2024,MAG,35,108.522
Belgium,2024,MAG,36,108.437
Belgium,2024,MAG,37,108.701
Belgium,2024,MAG,38,108.916
Belgium,2024,MAG,39,108.742
Belgium,2024,MAG,40,108.906
São Paulo,2024,HUL,19,85.094
São Paulo,2024,HUL,20,84.415
Saudi Arabia,2024,BOT,21,96.253
Saudi Arabia,2024,BOT,22,96.801
Saudi Arabia,2024,BOT,23,96.425
Saudi Arabia,2024,BOT,24,96.251
Saudi Arabia,2024,BOT,25,96.902
Saudi Arabia,2024,BOT,26,95.619
Saudi Arabia,2024,BOT,27,95.319
Saudi Arabia,2024,BOT,28,95.254
Saudi Arabia,2024,BOT,29,95.324
Saudi Arabia,2024,BOT,30,94.857
Saudi Arabia,2024,BOT,31,95.313
Saudi Arabia,2024,BOT,32,95.415
Saudi Arabia,2024,BOT,33,95.173
Saudi Arabia,2024,BOT,34,95.792
Saudi Arabia,2024,BOT,37,95.721
Saudi Arabia,2024,BOT,38,93.08
Saudi Arabia,2024,BOT,39,92.927
Saudi Arabia,2024,BOT,40,93.028
Saudi Arabia,2024,BOT,41,93.175
Saudi Arabia,2024,BOT,42,93.194
Saudi Arabia,2024,BOT,43,92.996
Saudi Arabia,2024,BOT,44,93.068
Saudi Arabia,2024,BOT,45,95.201
Japan,2024,PER,21,96.206
Japan,2024,PER,22,96.558
Japan,2024,PER,23,97.264
Japan,2024,PER,24,96.656
Japan,2024,PER,25,96.921
Japan,2024,PER,26,97.76
Japan,2024,PER,27,97.689
Japan,2024,PER,28,96.843
Japan,2024,PER,29,96.733
Japan,2024,PER,30,96.969
Japan,2024,PER,31,97.097
Japan,2024,PER,32,97.118
Japan,2024,PER,35,97.106
Japan,2024,PER,36,93.945
Japan,2024,PER,37,94.479
Japan,2024,PER,38,94.808
Japan,2024,PER,39,95.245
Japan,2024,PER,40,94.99
Japan,2024,PER,41,94.738
Japan,2024,PER,43,95.03
Japan,2024,PER,44,95.099
Japan,2024,PER,45,94.701
Japan,2024,PER,46,94.996
Japan,2024,PER,47,94.75
Japan,2024,PER,48,95.056
Japan,2024,PER,49,95.383
Netherlands,2024,LEC,17,76.491
Netherlands,2024,LEC,18,76.369
Netherlands,2024,LEC,19,76.417
Netherlands,2024,LEC,20,76.518
Netherlands,2024,LEC,21,76.391
Netherlands,2024,LEC,22,76.283
Netherlands,2024,LEC,23,76.75
Netherlands,2024,LEC,26,76.728
Netherlands,2024,LEC,27,75.756
Netherlands,2024,LEC,28,75.023
Netherlands,2024,LEC,29,75.852
Netherlands,2024,LEC,30,75.562
Netherlands,2024,LEC,31,75.248
Netherlands,2024,LEC,32,75.277
Netherlands,2024,LEC,33,75.542
Netherlands,2024,LEC,34,75.033
Netherlands,2024,LEC,35,75.132
Netherlands,2024,LEC,36,74.926
Netherlands,2024,LEC,37,75.268
Netherlands,2024,LEC,38,76.059
Netherlands,2024,LEC,39,74.796
Netherlands,2024,LEC,40,75.237
Netherlands,2024,LEC,41,75.379
Netherlands,2024,LEC,42,75.091
Netherlands,2024,LEC,43,75.213
Netherlands,2024,LEC,44,75.376
Netherlands,2024,LEC,45,74.837
Netherlands,2024,LEC,46,75.11
Netherlands,2024,LEC,47,74.871
Netherlands,2024,LEC,48,75.296
Netherlands,2024,LEC,49,75.08
Netherlands,2024,LEC,50,75.287
Netherlands,2024,LEC,51,75.411
Netherlands,2024,LEC,52,75.017
Netherlands,2024,LEC,53,74.646
Netherlands,2024,LEC,54,74.974
Netherlands,2024,LEC,55,75.075
Netherlands,2024,LEC,56,75.615
Netherlands,2024,LEC,57,75.077
Netherlands,2024,LEC,58,74.974
Netherlands,2024,LEC,59,75.48
Netherlands,2024,LEC,60,74.89
Netherlands,2024,LEC,61,74.915
Netherlands,2024,LEC,62,75.003
Netherlands,2024,LEC,63,74.585
Netherlands,2024,LEC,64,75.153
Netherlands,2024,LEC,65,74.974
Netherlands,2024,LEC,66,74.881
Netherlands,2024,LEC,67,74.882
Netherlands,2024,LEC,68,74.771
Singapore,2024,ZHO,17,99.727
Singapore,2024,ZHO,18,100.174
Singapore,2024,ZHO,19,100.059
Singapore,2024,ZHO,20,101.195
Singapore,2024,ZHO,21,100.581
Singapore,2024,ZHO,22,100.465
Singapore,2024,ZHO,23,100.115
Singapore,2024,ZHO,24,100.026
Singapore,2024,ZHO,25,100.047
Singapore,2024,ZHO,26,100.219
Singapore,2024,ZHO,27,100.4
Singapore,2024,ZHO,28,100.189
Singapore,2024,ZHO,29,99.965
Singapore,2024,ZHO,30,101.094
Singapore,2024,ZHO,31,100.857
Singapore,2024,ZHO,32,102.29
Singapore,2024,ZHO,33,101.21
Singapore,2024,ZHO,36,101.039
Singapore,2024,ZHO,37,98.362
Singapore,2024,ZHO,38,98.329
Singapore,2024,ZHO,39,97.976
Singapore,2024,ZHO,40,98.314
Singapore,2024,ZHO,41,98.573
Singapore,2024,ZHO,42,99.616
Singapore,2024,ZHO,43,98.721
Singapore,2024,ZHO,44,97.96
Singapore,2024,ZHO,45,97.6
Singapore,2024,ZHO,46,97.831
Singapore,2024,ZHO,47,97.864
Singapore,2024,ZHO,48,97.461
Singapore,2024,ZHO,49,98.68
Singapore,2024,ZHO,50,99.122
Singapore,2024,ZHO,51,98.599
Singapore,2024,ZHO,52,98.016
Singapore,2024,ZHO,53,98.299
Singapore,2024,ZHO,54,99.707
Singapore,2024,ZHO,55,98.218
Singapore,2024,ZHO,56,98.167
Singapore,2024,ZHO,57,98.309
Las Vegas,2025,ALO,22,97.046
Las Vegas,2025,ALO,23,96.608
Las Vegas,2025,ALO,24,97.24
Las Vegas,2025,ALO,25,96.686
Las Vegas,2025,ALO,26,96.413
Las Vegas,2025,ALO,27,96.291
Las Vegas,2025,ALO,28,96.241
Las Vegas,2025,ALO,29,96.346
Las Vegas,2025,ALO,30,96.192
Las Vegas,2025,ALO,31,97.079
Las Vegas,2025,ALO,32,97.639
Las Vegas,2025,ALO,33,97.133
Las Vegas,2025,ALO,34,96.543
Las Vegas,2025,ALO,35,96.222
Las Vegas,2025,ALO,36,96.046
Las Vegas,2025,ALO,37,95.76
Las Vegas,2025,ALO,38,95.893
Las Vegas,2025,ALO,39,95.874
Las Vegas,2025,ALO,40,96.138
Las Vegas,2025,ALO,41,95.85
Las Vegas,2025,ALO,42,95.629
Las Vegas,2025,ALO,43,95.803
Las Vegas,2025,ALO,44,96.276
Las Vegas,2025,ALO,45,96.726
Las Vegas,2025,ALO,46,97.175
Australia,2025,ANT,23,91.887
Australia,2025,ANT,24,91.324
Australia,2025,ANT,25,90.822
Australia,2025,ANT,26,90.706
Australia,2025,ANT,27,91.299
Australia,2025,ANT,28,90.463
Australia,2025,ANT,29,90.716
Australia,2025,ANT,30,89.919
Australia,2025,ANT,31,89.794
Australia,2025,ANT,32,89.245
Australia,2025,ANT,42,89.032
Australia,2025,ANT,43,87.505
Australia,2025,ANT,46,84.901
Australia,2025,ANT,52,90.78
Australia,2025,ANT,53,95.008
Netherlands,2025,STR,19,76.314
Netherlands,2025,STR,20,76.45
Netherlands,2025,STR,21,77.321
Netherlands,2025,STR,27,76.803
Netherlands,2025,STR,28,77.992
Netherlands,2025,STR,29,76.244
Netherlands,2025,STR,30,75.911
Netherlands,2025,STR,33,76.012
Netherlands,2025,STR,34,75.767
Netherlands,2025,STR,36,75.763
Netherlands,2025,STR,37,75.971
Netherlands,2025,STR,38,76.034
Netherlands,2025,STR,39,76.069
Netherlands,2025,STR,40,76.159
Netherlands,2025,STR,41,76.223
Netherlands,2025,STR,42,76.089
Netherlands,2025,STR,43,76.261
Netherlands,2025,STR,44,76.379
Netherlands,2025,STR,45,76.537
Netherlands,2025,STR,46,76.493
Netherlands,2025,STR,47,76.488
Netherlands,2025,STR,48,76.784
Netherlands,2025,STR,49,76.721
Netherlands,2025,STR,50,76.694
Netherlands,2025,STR,51,77.062
Netherlands,2025,STR,58,76.952
Netherlands,2025,STR,59,76.433
Netherlands,2025,STR,60,75.242
Netherlands,2025,STR,61,75.241
Netherlands,2025,STR,62,75.805
Netherlands,2025,STR,63,75.284
Netherlands,2025,STR,64,75.954
Spain,2025,COL,19,82.805
Spain,2025,COL,20,82.359
Spain,2025,COL,21,82.388
Spain,2025,COL,22,82.649
Spain,2025,COL,23,82.541
Spain,2025,COL,24,82.562
Spain,2025,COL,25,82.707
Spain,2025,COL,26,83.729
Spain,2025,COL,27,83.997
Spain,2025,COL,28,82.766
Spain,2025,COL,29,82.499
Spain,2025,COL,30,83.503
Spain,2025,COL,31,82.645
Spain,2025,COL,32,82.593
Spain,2025,COL,33,83.257
Spain,2025,COL,34,84.241
Spain,2025,COL,35,83.956
Spain,2025,COL,36,82.315
Spain,2025,COL,37,85.365
Spain,2025,COL,38,83.395
Spain,2025,COL,41,82.679
Spain,2025,COL,42,78.353
Spain,2025,COL,43,82.116
Spain,2025,COL,44,80.805
Spain,2025,COL,45,81.025
Spain,2025,COL,46,81.05
Spain,2025,COL,47,80.728
Spain,2025,COL,48,80.273
Spain,2025,COL,49,82.164
Spain,2025,COL,50,80.105
Spain,2025,COL,51,80.056
Spain,2025,COL,52,80.076
Spain,2025,COL,61,80.12
Spain,2025,COL,62,82.072
Singapore,2024,NOR,17,96.624
Singapore,2024,NOR,18,97.008
Singapore,2024,NOR,19,97.068
Singapore,2024,NOR,20,97.282
Singapore,2024,NOR,21,96.887
Singapore,2024,NOR,22,97.198
Singapore,2024,NOR,23,97.115
Singapore,2024,NOR,24,97.212
Singapore,2024,NOR,25,97.527
Singapore,2024,NOR,26,97.404
Singapore,2024,NOR,27,97.26
Singapore,2024,NOR,28,97.603
Singapore,2024,NOR,29,97.528
Singapore,2024,NOR,32,101.878
Singapore,2024,NOR,33,97.034
Singapore,2024,NOR,34,96.684
Singapore,2024,NOR,35,96.714
Singapore,2024,NOR,36,96.524
Singapore,2024,NOR,37,96.216
Singapore,2024,NOR,38,96.435
Singapore,2024,NOR,39,96.71
Singapore,2024,NOR,40,97.325
Singapore,2024,NOR,41,97.194
Singapore,2024,NOR,42,96.57
Singapore,2024,NOR,43,96.404
Singapore,2024,NOR,44,96.61
Singapore,2024,NOR,45,96.275
Singapore,2024,NOR,46,96.928
Singapore,2024,NOR,47,95.953
Singapore,2024,NOR,48,96.567
Singapore,2024,NOR,49,94.925
Singapore,2024,NOR,50,96.06
Singapore,2024,NOR,51,96.311
Singapore,2024,NOR,52,96.603
Singapore,2024,NOR,53,96.192
Singapore,2024,NOR,54,96.435
Singapore,2024,NOR,55,96.749
Singapore,2024,NOR,56,96.786
Singapore,2024,NOR,57,97.197
Singapore,2024,NOR,58,98.849
Japan,2025,BOR,17,94.599
Japan,2025,BOR,18,94.642
Japan,2025,BOR,19,94.724
Japan,2025,BOR,20,94.204
Japan,2025,BOR,21,94.539
Japan,2025,BOR,22,94.372
Japan,2025,BOR,23,94.492
Japan,2025,BOR,24,94.124
Japan,2025,BOR,25,93.799
Japan,2025,BOR,26,93.638
Japan,2025,BOR,27,95.226
Japan,2025,BOR,28,95.015
Japan,2025,BOR,29,95.01
Japan,2025,BOR,30,93.814
Japan,2025,BOR,33,93.695
Japan,2025,BOR,34,92.47
Japan,2025,BOR,35,93.184
Japan,2025,BOR,36,92.947
Japan,2025,BOR,37,92.93
Japan,2025,BOR,38,92.857
Japan,2025,BOR,39,92.517
Japan,2025,BOR,40,92.538
Japan,2025,BOR,41,92.487
Japan,2025,BOR,42,92.154
Japan,2025,BOR,43,92.216
Japan,2025,BOR,44,92.23
Japan,2025,BOR,45,92.353
Japan,2025,BOR,46,92.034
Japan,2025,BOR,47,92.695
Japan,2025,BOR,48,92.276
Japan,2025,BOR,49,92.26
Australia,2024,HUL,19,84.025
Australia,2024,HUL,20,82.247
Australia,2024,HUL,21,82.406
Australia,2024,HUL,22,82.479
Australia,2024,HUL,23,82.439
Australia,2024,HUL,24,82.152
Australia,2024,HUL,25,82.528
Australia,2024,HUL,26,82.974
Australia,2024,HUL,27,83.693
Australia,2024,HUL,28,83.385
Australia,2024,HUL,29,83.338
Australia,2024,HUL,30,83.167
Australia,2024,HUL,31,83.299
Australia,2024,HUL,32,83.139
Australia,2024,HUL,33,82.892
Australia,2024,HUL,34,82.91
Australia,2024,HUL,37,83.143
Australia,2024,HUL,38,81.63
Australia,2024,HUL,39,82.025
Australia,2024,HUL,40,81.896
Australia,2024,HUL,41,82.823
Australia,2024,HUL,42,82.016
Australia,2024,HUL,43,82.173
Australia,2024,HUL,44,81.909
Australia,2024,HUL,45,81.73
Australia,2024,HUL,46,81.532
Australia,2024,HUL,47,81.145
Australia,2024,HUL,48,81.629
Australia,2024,HUL,49,81.602
Australia,2024,HUL,50,81.728
Australia,2024,HUL,51,82.102
Australia,2024,HUL,52,81.73
Canada,2025,SAI,17,77.836
Canada,2025,SAI,18,77.446
Canada,2025,SAI,19,77.196
Canada,2025,SAI,20,77.077
Canada,2025,SAI,21,78.229
Canada,2025,SAI,22,77.196
Canada,2025,SAI,23,77.247
Canada,2025,SAI,24,77.292
Canada,2025,SAI,25,77.297
Canada,2025,SAI,26,77.394
Canada,2025,SAI,27,77.291
Canada,2025,SAI,28,77.3
Canada,2025,SAI,29,78.029
Canada,2025,SAI,30,77.491
Canada,2025,SAI,31,77.382
Canada,2025,SAI,32,76.955
Canada,2025,SAI,33,77.118
Canada,2025,SAI,34,78.138
Canada,2025,SAI,35,77.385
Canada,2025,SAI,36,77.911
Canada,2025,SAI,37,77.398
Canada,2025,SAI,38,77.263
Canada,2025,SAI,39,77.333
Canada,2025,SAI,40,77.227
Canada,2025,SAI,41,77.13
Canada,2025,SAI,42,76.76
Canada,2025,SAI,43,76.915
Canada,2025,SAI,44,77.124
Canada,2025,SAI,45,76.863
Canada,2025,SAI,46,76.835
Canada,2025,SAI,47,76.894
Canada,2025,SAI,49,76.786
Canada,2025,SAI,50,76.88
Canada,2025,SAI,51,76.685
Canada,2025,SAI,52,76.555
Canada,2025,SAI,53,76.426
Canada,2025,SAI,54,76.678
Canada,2025,SAI,55,76.687
Canada,2025,SAI,56,76.846
Canada,2025,SAI,59,77.283
Canada,2025,SAI,60,74.389
Hungary,2025,ALO,17,81.999
Hungary,2025,ALO,18,81.784
Hungary,2025,ALO,19,82.08
Hungary,2025,ALO,20,82.219
Hungary,2025,ALO,21,82.576
Hungary,2025,ALO,22,83.739
Hungary,2025,ALO,23,83.469
Hungary,2025,ALO,24,82.63
Hungary,2025,ALO,25,82.362
Hungary,2025,ALO,26,82.694
Hungary,2025,ALO,27,83.442
Hungary,2025,ALO,28,82.652
Hungary,2025,ALO,29,82.826
Hungary,2025,ALO,30,83.037
Hungary,2025,ALO,31,83.028
Hungary,2025,ALO,32,83.103
Hungary,2025,ALO,33,83.573
Hungary,2025,ALO,34,83.054
Hungary,2025,ALO,35,82.974
Hungary,2025,ALO,36,83.142
Hungary,2025,ALO,37,82.948
Hungary,2025,ALO,38,83.481
Hungary,2025,ALO,41,83.2
Hungary,2025,ALO,42,82.808
Hungary,2025,ALO,43,82.437
Hungary,2025,ALO,44,82.384
Hungary,2025,ALO,45,81.585
Hungary,2025,ALO,46,81.295
Hungary,2025,ALO,47,81.579
Hungary,2025,ALO,48,81.156
Hungary,2025,ALO,49,80.63
Hungary,2025,ALO,50,81.223
Hungary,2025,ALO,51,81.316
Hungary,2025,ALO,52,80.872
Hungary,2025,ALO,53,80.404
Hungary,2025,ALO,54,80.324
Hungary,2025,ALO,55,80.113
Hungary,2025,ALO,56,80.24
Hungary,2025,ALO,57,80.535
Hungary,2025,ALO,58,80.885
Hungary,2025,ALO,59,80.896
Hungary,2025,ALO,60,80.963
Hungary,2025,ALO,61,80.564
Hungary,2025,ALO,62,80.44
Hungary,2025,ALO,63,80.451
Hungary,2025,ALO,64,81.627
Hungary,2025,ALO,65,81.141
Hungary,2025,ALO,66,80.74
Netherlands,2025,PIA,17,75.214
Netherlands,2025,PIA,18,75.53
Netherlands,2025,PIA,19,75.289
Netherlands,2025,PIA,20,75.487
Netherlands,2025,PIA,21,75.602
Netherlands,2025,PIA,22,75.573
Netherlands,2025,PIA,27,75.421
Netherlands,2025,PIA,28,74.609
Netherlands,2025,PIA,29,73.984
Netherlands,2025,PIA,30,74.962
Netherlands,2025,PIA,33,75.259
Netherlands,2025,PIA,34,75.141
Netherlands,2025,PIA,36,74.86
Netherlands,2025,PIA,37,74.556
Netherlands,2025,PIA,38,74.826
Netherlands,2025,PIA,39,74.732
Netherlands,2025,PIA,40,74.185
Netherlands,2025,PIA,41,74.117
Netherlands,2025,PIA,42,74.011
Netherlands,2025,PIA,43,73.965
Netherlands,2025,PIA,44,74.119
Netherlands,2025,PIA,45,74.262
Netherlands,2025,PIA,46,74.116
Netherlands,2025,PIA,47,74.148
Netherlands,2025,PIA,48,74.365
Netherlands,2025,PIA,49,74.503
Netherlands,2025,PIA,50,74.77
Netherlands,2025,PIA,51,74.791
Netherlands,2025,PIA,52,74.635
Netherlands,2025,PIA,58,74.157
Netherlands,2025,PIA,59,73.119
Netherlands,2025,PIA,60,72.939
Netherlands,2025,PIA,61,72.271
Netherlands,2025,PIA,62,72.721
Netherlands,2025,PIA,63,72.583
Netherlands,2025,PIA,64,72.781
Qatar,2025,NOR,21,85.903
Qatar,2025,NOR,22,85.853
Qatar,2025,NOR,23,86.161
Qatar,2025,NOR,24,85.953
Qatar,2025,NOR,27,85.97
Qatar,2025,NOR,28,85.304
Qatar,2025,NOR,29,85.065
Qatar,2025,NOR,30,85.02
Qatar,2025,NOR,31,85.167
Qatar,2025,NOR,32,85.786
Qatar,2025,NOR,33,86.505
Qatar,2025,NOR,34,84.607
Qatar,2025,NOR,35,84.704
Qatar,2025,NOR,36,84.631
Qatar,2025,NOR,37,85.746
Qatar,2025,NOR,38,84.981
Qatar,2025,NOR,39,84.913
Qatar,2025,NOR,40,84.894
Qatar,2025,NOR,41,84.924
Qatar,2025,NOR,42,85.045
Qatar,2025,NOR,43,84.991
Qatar,2025,NOR,46,84.821
Qatar,2025,NOR,47,83.633
Qatar,2025,NOR,48,83.197
Qatar,2025,NOR,49,83.305
Qatar,2025,NOR,50,83.674
Qatar,2025,NOR,51,84.137
Qatar,2025,NOR,52,84.127
Qatar,2025,NOR,53,84.141
Canada,2025,HAD,19,77.375
Canada,2025,HAD,20,77.344
Canada,2025,HAD,21,77.199
Canada,2025,HAD,22,77.068
Canada,2025,HAD,23,77.152
Canada,2025,HAD,24,77.622
Canada,2025,HAD,25,77.424
Canada,2025,HAD,26,77.085
Canada,2025,HAD,27,76.956
Canada,2025,HAD,28,77.313
Canada,2025,HAD,29,76.906
Canada,2025,HAD,30,77.147
Canada,2025,HAD,31,76.842
Canada,2025,HAD,32,77.124
Canada,2025,HAD,33,77.449
Canada,2025,HAD,34,77.48
Canada,2025,HAD,35,77.405
Canada,2025,HAD,36,77.922
Canada,2025,HAD,37,77.335
Canada,2025,HAD,38,77.575
Canada,2025,HAD,39,78.126
Canada,2025,HAD,40,77.169
Canada,2025,HAD,41,77.003
Canada,2025,HAD,42,77.029
Canada,2025,HAD,43,76.905
Canada,2025,HAD,44,77.065
Canada,2025,HAD,45,77.093
Canada,2025,HAD,46,78.101
Canada,2025,HAD,47,77.881
Canada,2025,HAD,49,77.795
Canada,2025,HAD,50,76.409
Canada,2025,HAD,51,76.432
Canada,2025,HAD,52,76.292
Canada,2025,HAD,53,76.556
Canada,2025,HAD,54,76.74
Canada,2025,HAD,55,76.563
Canada,2025,HAD,56,80.447
Canada,2025,HAD,57,78.685
Canada,2025,HAD,58,76.44
Canada,2025,HAD,59,76.569
Canada,2025,HAD,60,76.333
Spain,2025,ALB,19,81.96
Spain,2025,ALB,20,81.963
Spain,2025,ALB,21,82.346
Qatar,2024,LAW,21,87.111
Qatar,2024,LAW,22,87.143
Qatar,2024,LAW,23,87.107
Qatar,2024,LAW,24,86.886
Qatar,2024,LAW,25,87.019
Qatar,2024,LAW,26,87.045
Qatar,2024,LAW,27,86.915
Qatar,2024,LAW,28,86.56
Qatar,2024,LAW,30,86.533
Qatar,2024,LAW,31,86.642
Qatar,2024,LAW,32,86.242
Qatar,2024,LAW,33,86.264
Qatar,2024,LAW,34,86.219
Qatar,2024,LAW,43,86.194
Qatar,2024,LAW,44,89.07
Qatar,2024,LAW,45,87.6
Qatar,2024,LAW,46,86.207
Qatar,2024,LAW,47,86.076
Qatar,2024,LAW,48,86.424
Qatar,2024,LAW,49,86.369
Qatar,2024,LAW,50,86.753
Qatar,2024,LAW,51,87.637
Qatar,2024,LAW,52,88.245
Qatar,2024,LAW,53,87.612
Saudi Arabia,2024,ALO,21,94.39
Saudi Arabia,2024,ALO,22,94.378
Saudi Arabia,2024,ALO,23,94.173
Saudi Arabia,2024,ALO,24,93.958
Saudi Arabia,2024,ALO,25,94.033
Saudi Arabia,2024,ALO,26,93.89
Saudi Arabia,2024,ALO,27,93.841
Saudi Arabia,2024,ALO,28,93.58
Saudi Arabia,2024,ALO,29,93.863
Saudi Arabia,2024,ALO,30,93.682
Saudi Arabia,2024,ALO,31,93.493
Saudi Arabia,2024,ALO,32,93.67
Saudi Arabia,2024,ALO,33,93.398
Saudi Arabia,2024,ALO,34,93.452
Saudi Arabia,2024,ALO,35,93.261
Saudi Arabia,2024,ALO,36,93.395
Saudi Arabia,2024,ALO,37,93.014
Saudi Arabia,2024,ALO,38,93.116
Saudi Arabia,2024,ALO,39,92.937
Saudi Arabia,2024,ALO,40,92.692
Saudi Arabia,2024,ALO,41,92.427
Saudi Arabia,2024,ALO,42,92.662
Saudi Arabia,2024,ALO,43,92.41
Saudi Arabia,2024,ALO,44,92.387
Saudi Arabia,2024,ALO,45,92.474
Saudi Arabia,2024,ALO,46,92.413
Miami,2024,PER,19,93.174
Miami,2024,PER,20,93.159
Miami,2024,PER,21,93.069
Miami,2024,PER,24,92.753
Miami,2024,PER,25,92.386
Miami,2024,PER,26,92.763
Miami,2024,PER,27,92.512
Miami,2024,PER,33,92.161
Miami,2024,PER,34,93.589
Miami,2024,PER,35,92.188
Miami,2024,PER,36,91.589
Miami,2024,PER,37,92.184
Miami,2024,PER,38,92.553
Miami,2024,PER,39,91.664
Miami,2024,PER,40,92.195
Miami,2024,PER,41,92.645
Miami,2024,PER,42,92.137
Miami,2024,PER,43,91.513
Miami,2024,PER,44,91.405
Miami,2024,PER,45,91.509
Miami,2024,PER,46,91.532
Miami,2024,PER,47,91.681
Miami,2024,PER,48,91.369
Miami,2024,PER,49,91.549
Miami,2024,PER,50,91.396
Miami,2024,PER,51,91.735
Miami,2024,PER,52,91.519
Miami,2024,PER,53,91.53
Belgium,2025,HAD,24,108.18
Belgium,2025,HAD,25,108.089
Belgium,2025,HAD,26,108.402
Belgium,2025,HAD,27,108.252
Belgium,2025,HAD,28,108.684
Belgium,2025,HAD,29,108.075
Belgium,2025,HAD,30,108.126
Belgium,2025,HAD,31,108.127
Belgium,2025,HAD,32,108.157
Belgium,2025,HAD,33,107.868
Belgium,2025,HAD,34,107.807
Belgium,2025,HAD,35,108.21
Belgium,2025,HAD,36,108.129
Belgium,2025,HAD,37,108.127
Belgium,2025,HAD,38,108.096
Belgium,2025,HAD,39,110.358
Miami,2025,LEC,43,91.097
Miami,2025,LEC,44,91.258
Miami,2025,LEC,45,91.057
Miami,2025,LEC,46,91.167
Miami,2025,LEC,47,91.334
Miami,2025,LEC,48,90.984
Miami,2025,LEC,49,90.888
Miami,2025,LEC,50,90.849
Miami,2025,LEC,51,90.828
Miami,2025,LEC,52,90.557
Miami,2025,LEC,53,90.975
Azerbaijan,2024,STR,18,110.709
Azerbaijan,2024,STR,19,110.45
Azerbaijan,2024,STR,20,110.234
Azerbaijan,2024,STR,21,110.293
Azerbaijan,2024,STR,24,110.509
Azerbaijan,2024,STR,25,109.018
Azerbaijan,2024,STR,26,108.895
Azerbaijan,2024,STR,27,108.843
Azerbaijan,2024,STR,28,108.708
Azerbaijan,2024,STR,29,108.512
Azerbaijan,2024,STR,30,108.603
Azerbaijan,2024,STR,31,108.665
Azerbaijan,2024,STR,32,108.148
Azerbaijan,2024,STR,33,108.849
Azerbaijan,2024,STR,34,109.568
Azerbaijan,2024,STR,37,108.592
Azerbaijan,2024,STR,38,108.422
Azerbaijan,2024,STR,39,108.903
Azerbaijan,2024,STR,40,108.312
Las Vegas,2025,ANT,21,96.186
Las Vegas,2025,ANT,22,96.43
Las Vegas,2025,ANT,23,96.437
Las Vegas,2025,ANT,24,96.281
Las Vegas,2025,ANT,25,96.181
Las Vegas,2025,ANT,26,95.539
Las Vegas,2025,ANT,27,95.32
Las Vegas,2025,ANT,28,95.289
Las Vegas,2025,ANT,29,95.695
Las Vegas,2025,ANT,30,96.397
Las Vegas,2025,ANT,31,95.615
Las Vegas,2025,ANT,32,95.74
Las Vegas,2025,ANT,33,95.527
Las Vegas,2025,ANT,34,95.496
Las Vegas,2025,ANT,35,95.116
Las Vegas,2025,ANT,36,95.139
Las Vegas,2025,ANT,37,95.179
Las Vegas,2025,ANT,38,95.159
Las Vegas,2025,ANT,39,95.433
Las Vegas,2025,ANT,40,95.026
Las Vegas,2025,ANT,41,94.415
Las Vegas,2025,ANT,42,94.756
Las Vegas,2025,ANT,43,94.531
Las Vegas,2025,ANT,44,94.629
Las Vegas,2025,ANT,45,94.382
Las Vegas,2025,ANT,46,94.228
Canada,2024,PER,18,88.718
Canada,2024,PER,19,87.644
Canada,2024,PER,20,87.001
Canada,2024,PER,21,88.03
Canada,2024,PER,22,91.463
Canada,2024,PER,23,86.184
Canada,2024,PER,30,86.418
Canada,2024,PER,31,89.333
Canada,2024,PER,32,93.782
Canada,2024,PER,33,92.347
Canada,2024,PER,34,90.413
Canada,2024,PER,35,88.604
Canada,2024,PER,36,88.705
Canada,2024,PER,37,87.346
Canada,2024,PER,38,87.478
Canada,2024,PER,39,86.96
Canada,2024,PER,40,86.56
Canada,2024,PER,42,85.83
Canada,2024,PER,45,85.681
Canada,2024,PER,46,86.788
China,2024,VER,19,100.07
China,2024,VER,20,100.139
China,2024,VER,32,100.081
China,2024,VER,33,98.604
China,2024,VER,34,98.406
China,2024,VER,35,98.426
China,2024,VER,36,98.765
China,2024,VER,37,98.825
China,2024,VER,38,98.801
China,2024,VER,39,98.855
China,2024,VER,40,98.742
China,2024,VER,41,98.956
China,2024,VER,42,99.067
China,2024,VER,43,99.227
China,2024,VER,44,99.224
China,2024,VER,45,99.305
China,2024,VER,46,99.216
China,2024,VER,47,99.433
China,2024,VER,48,99.422
China,2024,VER,49,99.325
China,2024,VER,50,99.35
China,2024,VER,51,99.445
China,2024,VER,52,99.276
Bahrain,2024,LEC,20,96.821
Bahrain,2024,LEC,21,96.794
Bahrain,2024,LEC,22,96.977
Bahrain,2024,LEC,23,96.796
Bahrain,2024,LEC,24,96.987
Bahrain,2024,LEC,25,96.924
Bahrain,2024,LEC,26,96.76
Bahrain,2024,LEC,27,96.81
Bahrain,2024,LEC,28,96.831
Bahrain,2024,LEC,29,96.907
Bahrain,2024,LEC,30,96.963
Bahrain,2024,LEC,31,97.158
Bahrain,2024,LEC,32,97.031
Bahrain,2024,LEC,33,96.941
Bahrain,2024,LEC,36,96.741
Bahrain,2024,LEC,37,94.09
Bahrain,2024,LEC,38,94.897
Bahrain,2024,LEC,39,94.783
Bahrain,2024,LEC,40,95.087
Bahrain,2024,LEC,41,94.859
Bahrain,2024,LEC,42,95.028
Bahrain,2024,LEC,43,94.982
Bahrain,2024,LEC,44,95.192
Bahrain,2024,LEC,45,95.051
Bahrain,2024,LEC,46,95.22
Bahrain,2024,LEC,47,95.058
Bahrain,2024,LEC,48,95.057
Bahrain,2024,LEC,49,95.308
Bahrain,2024,LEC,50,95.302
Bahrain,2024,LEC,51,95.383
Bahrain,2024,LEC,52,95.418
Bahrain,2024,LEC,53,95.394
São Paulo,2024,COL,19,84.836
São Paulo,2024,COL,20,85.028
Las Vegas,2025,TSU,21,96.646
Las Vegas,2025,TSU,22,97.548
Las Vegas,2025,TSU,23,98.734
Las Vegas,2025,TSU,24,98.214
Las Vegas,2025,TSU,25,97.434
Las Vegas,2025,TSU,26,97.473
Las Vegas,2025,TSU,29,96.965
Las Vegas,2025,TSU,30,95.373
Las Vegas,2025,TSU,31,95.88
Las Vegas,2025,TSU,32,95.372
Las Vegas,2025,TSU,33,95.757
Las Vegas,2025,TSU,34,95.872
Las Vegas,2025,TSU,35,95.641
Las Vegas,2025,TSU,36,95.448
Las Vegas,2025,TSU,37,95.623
Las Vegas,2025,TSU,38,95.612
Las Vegas,2025,TSU,39,95.568
Las Vegas,2025,TSU,40,95.436
Las Vegas,2025,TSU,41,95.505
Las Vegas,2025,TSU,42,95.472
Las Vegas,2025,TSU,43,95.573
Las Vegas,2025,TSU,44,95.605
Las Vegas,2025,TSU,45,95.728
Las Vegas,2025,TSU,46,95.617
São Paulo,2025,STR,24,76.444
São Paulo,2025,STR,25,75.655
São Paulo,2025,STR,26,75.88
São Paulo,2025,STR,27,76.451
São Paulo,2025,STR,28,75.65
São Paulo,2025,STR,31,76.059
São Paulo,2025,STR,32,74.394
São Paulo,2025,STR,33,74.375
São Paulo,2025,STR,34,74.716
São Paulo,2025,STR,35,74.546
São Paulo,2025,STR,36,74.549
São Paulo,2025,STR,37,74.414
São Paulo,2025,STR,38,75.533
São Paulo,2025,STR,39,74.836
São Paulo,2025,STR,40,74.279
São Paulo,2025,STR,41,74.563
São Paulo,2025,STR,42,74.898
São Paulo,2025,STR,43,74.93
São Paulo,2025,STR,44,75.172
São Paulo,2025,STR,45,74.832
São Paulo,2025,STR,46,74.554
São Paulo,2025,STR,47,74.56
São Paulo,2025,STR,48,75.004
São Paulo,2025,STR,49,74.846
São Paulo,2025,STR,50,74.843
São Paulo,2025,STR,51,74.764
São Paulo,2025,STR,52,74.868
São Paulo,2025,STR,53,76.752
São Paulo,2025,STR,56,75.244
São Paulo,2025,STR,57,73.094
São Paulo,2025,STR,58,73.42
São Paulo,2025,STR,59,73.251
São Paulo,2025,STR,60,73.425
São Paulo,2025,STR,61,73.856
São Paulo,2025,STR,62,73.491
São Paulo,2025,STR,63,73.374
São Paulo,2025,STR,64,73.515
São Paulo,2025,STR,65,73.569
São Paulo,2025,STR,66,73.403
São Paulo,2025,STR,67,73.609
Las Vegas,2025,ALB,22,95.634
Las Vegas,2025,ALB,23,95.675
Las Vegas,2025,ALB,24,95.484
Las Vegas,2025,ALB,25,95.453
Las Vegas,2025,ALB,26,95.276
Las Vegas,2025,ALB,27,95.184
Las Vegas,2025,ALB,28,95.322
Las Vegas,2025,ALB,29,96.182
Great Britain,2025,RUS,21,70.908
Great Britain,2025,RUS,22,71.438
Great Britain,2025,RUS,23,71.289
Great Britain,2025,RUS,24,71.53
Great Britain,2025,RUS,25,71.367
Great Britain,2025,RUS,26,71.448
Great Britain,2025,RUS,27,70.478
Great Britain,2025,RUS,28,71.172
Great Britain,2025,RUS,29,71.338
Great Britain,2025,RUS,31,71.239
Great Britain,2025,RUS,32,70.77
Great Britain,2025,RUS,33,70.769
Great Britain,2025,RUS,34,70.545
Great Britain,2025,RUS,35,70.49
Great Britain,2025,RUS,36,70.237
Great Britain,2025,RUS,37,70.331
Great Britain,2025,RUS,38,70.457
Great Britain,2025,RUS,39,70.427
Great Britain,2025,RUS,40,70.401
Great Britain,2025,RUS,41,70.705
Great Britain,2025,RUS,42,70.732
Great Britain,2025,RUS,43,70.703
Great Britain,2025,RUS,44,70.583
Great Britain,2025,RUS,47,70.752
Great Britain,2025,RUS,48,69.372
Great Britain,2025,RUS,49,69.532
Great Britain,2025,RUS,50,69.823
Great Britain,2025,RUS,51,69.962
Great Britain,2025,RUS,52,69.89
Great Britain,2025,RUS,53,69.976
Great Britain,2025,RUS,54,69.901
Great Britain,2025,RUS,55,69.779
Great Britain,2025,RUS,56,69.738
Great Britain,2025,RUS,57,69.931
Great Britain,2025,RUS,58,69.853
Great Britain,2025,RUS,59,69.798
Great Britain,2025,RUS,60,69.725
Great Britain,2025,RUS,61,69.962
Great Britain,2025,RUS,62,69.87
Great Britain,2025,RUS,63,69.917
Great Britain,2025,RUS,64,70.107
Great Britain,2025,RUS,65,70.173
Great Britain,2025,RUS,66,70.231
Great Britain,2024,STR,17,72.388
Great Britain,2024,STR,18,72.581
Great Britain,2024,STR,19,72.576
Great Britain,2024,STR,22,72.663
Great Britain,2024,STR,23,71.25
Great Britain,2024,STR,24,71.033
Great Britain,2024,STR,25,71.309
Great Britain,2024,STR,26,71.478
Great Britain,2024,STR,27,71.397
Great Britain,2024,STR,28,71.413
Great Britain,2024,STR,29,71.464
Great Britain,2024,STR,30,71.378
Great Britain,2024,STR,31,71.349
Great Britain,2024,STR,32,71.344
Great Britain,2024,STR,33,71.275
Great Britain,2024,STR,34,71.365
Great Britain,2024,STR,35,71.625
Great Britain,2024,STR,36,71.826
Great Britain,2024,STR,37,72.029
Great Britain,2024,STR,38,71.884
Great Britain,2024,STR,39,72.042
Great Britain,2024,STR,40,72.507
Great Britain,2024,STR,41,72.3
Great Britain,2024,STR,42,71.896
Great Britain,2024,STR,45,71.585
Great Britain,2024,STR,46,70.453
Great Britain,2024,STR,47,70.567
Great Britain,2024,STR,48,70.435
Great Britain,2024,STR,49,70.443
Great Britain,2024,STR,50,70.42
Great Britain,2024,STR,51,70.52
Great Britain,2024,STR,52,70.707
Great Britain,2024,STR,53,70.561
Great Britain,2024,STR,54,70.565
Great Britain,2024,STR,55,70.143
Great Britain,2024,STR,56,72.569
Great Britain,2024,STR,57,70.437
Great Britain,2024,STR,58,70.822
Great Britain,2024,STR,59,70.638
Great Britain,2024,STR,60,71.099
Great Britain,2024,STR,61,70.984
Great Britain,2024,STR,62,70.7
Great Britain,2024,STR,64,72.102
Great Britain,2024,STR,66,71.322
Abu Dhabi,2025,HAD,19,89.869
Abu Dhabi,2025,HAD,20,90.478
Abu Dhabi,2025,HAD,21,90.028
Abu Dhabi,2025,HAD,22,90.305
Abu Dhabi,2025,HAD,23,89.788
Abu Dhabi,2025,HAD,24,90.078
Abu Dhabi,2025,HAD,25,90.621
Abu Dhabi,2025,HAD,26,92.178
Abu Dhabi,2025,HAD,27,89.989
Abu Dhabi,2025,HAD,28,90.0
Abu Dhabi,2025,HAD,29,89.879
Abu Dhabi,2025,HAD,30,90.356
Abu Dhabi,2025,HAD,31,90.232
Abu Dhabi,2025,HAD,32,90.425
Abu Dhabi,2025,HAD,33,91.414
Abu Dhabi,2025,HAD,34,90.562
Abu Dhabi,2025,HAD,35,90.485
Abu Dhabi,2025,HAD,36,90.197
Abu Dhabi,2025,HAD,37,89.623
Abu Dhabi,2025,HAD,38,89.448
Abu Dhabi,2025,HAD,39,90.562
Abu Dhabi,2025,HAD,40,90.066
Abu Dhabi,2025,HAD,41,89.879
Abu Dhabi,2025,HAD,42,89.381
Abu Dhabi,2025,HAD,43,89.515
Abu Dhabi,2025,HAD,44,89.625
Abu Dhabi,2025,HAD,45,90.447
Abu Dhabi,2025,HAD,46,89.833
Abu Dhabi,2025,HAD,47,89.415
Abu Dhabi,2025,HAD,48,89.891
Abu Dhabi,2025,HAD,49,89.57
Abu Dhabi,2025,HAD,50,90.059
Abu Dhabi,2025,HAD,51,89.522
Abu Dhabi,2025,HAD,52,90.082
Abu Dhabi,2025,HAD,53,89.375
Great Britain,2024,BOT,17,72.754
Great Britain,2024,BOT,18,72.437
Great Britain,2024,BOT,21,72.538
Great Britain,2024,BOT,22,71.308
Great Britain,2024,BOT,23,71.777
Great Britain,2024,BOT,24,71.607
Great Britain,2024,BOT,25,71.358
Great Britain,2024,BOT,26,71.562
Great Britain,2024,BOT,27,71.128
Great Britain,2024,BOT,28,71.533
Great Britain,2024,BOT,29,71.642
Great Britain,2024,BOT,30,71.633
Great Britain,2024,BOT,31,71.569
Great Britain,2024,BOT,32,71.37
Great Britain,2024,BOT,33,71.459
Great Britain,2024,BOT,34,71.432
Great Britain,2024,BOT,35,71.604
Great Britain,2024,BOT,36,71.653
Great Britain,2024,BOT,37,71.815
Great Britain,2024,BOT,38,71.797
Great Britain,2024,BOT,39,71.921
Great Britain,2024,BOT,40,72.135
Great Britain,2024,BOT,41,72.199
Great Britain,2024,BOT,44,72.103
Great Britain,2024,BOT,45,71.193
Great Britain,2024,BOT,46,71.074
Great Britain,2024,BOT,47,71.958
Great Britain,2024,BOT,48,70.711
Great Britain,2024,BOT,49,70.449
Great Britain,2024,BOT,50,70.726
Great Britain,2024,BOT,51,70.736
Great Britain,2024,BOT,52,71.229
Great Britain,2024,BOT,53,72.04
Great Britain,2024,BOT,54,71.0
Great Britain,2024,BOT,55,70.902
Great Britain,2024,BOT,56,70.536
Great Britain,2024,BOT,57,71.177
Great Britain,2024,BOT,58,71.473
Great Britain,2024,BOT,59,72.808
Great Britain,2024,BOT,60,73.607
Great Britain,2024,BOT,61,70.778
Great Britain,2024,BOT,62,71.21
Great Britain,2024,BOT,64,71.356
Great Britain,2024,BOT,66,71.574
Bahrain,2025,LEC,19,99.061
Bahrain,2025,LEC,20,96.876
Bahrain,2025,LEC,21,97.206
Bahrain,2025,LEC,22,97.393
Bahrain,2025,LEC,23,97.363
Bahrain,2025,LEC,24,97.666
Bahrain,2025,LEC,25,98.013
Bahrain,2025,LEC,26,97.452
Bahrain,2025,LEC,27,97.476
Bahrain,2025,LEC,28,97.947
Bahrain,2025,LEC,29,98.105
Bahrain,2025,LEC,30,97.781
Bahrain,2025,LEC,31,97.619
Bahrain,2025,LEC,36,98.048
Bahrain,2025,LEC,37,96.132
Bahrain,2025,LEC,38,96.324
Bahrain,2025,LEC,39,96.142
Bahrain,2025,LEC,40,96.198
Bahrain,2025,LEC,41,96.28
Bahrain,2025,LEC,42,96.493
Bahrain,2025,LEC,43,96.304
Bahrain,2025,LEC,44,96.506
Bahrain,2025,LEC,45,96.547
Bahrain,2025,LEC,46,96.7
Bahrain,2025,LEC,47,96.894
Bahrain,2025,LEC,48,96.774
Bahrain,2025,LEC,49,96.954
Bahrain,2025,LEC,50,97.658
Bahrain,2025,LEC,51,96.956
Bahrain,2025,LEC,52,97.279
Bahrain,2025,LEC,53,98.423
Qatar,2025,VER,21,85.864
Qatar,2025,VER,22,85.803
Qatar,2025,VER,23,85.921
Qatar,2025,VER,24,85.877
Qatar,2025,VER,25,85.74
Qatar,2025,VER,26,85.618
Qatar,2025,VER,27,85.431
Qatar,2025,VER,28,85.606
Qatar,2025,VER,29,85.477
Qatar,2025,VER,30,85.481
Qatar,2025,VER,31,85.359
Qatar,2025,VER,34,85.405
Qatar,2025,VER,35,84.845
Qatar,2025,VER,36,84.779
Qatar,2025,VER,37,84.744
Qatar,2025,VER,38,84.618
Qatar,2025,VER,39,84.907
Qatar,2025,VER,40,84.592
Qatar,2025,VER,41,84.541
Qatar,2025,VER,42,84.568
Qatar,2025,VER,43,84.729
Qatar,2025,VER,44,84.747
Qatar,2025,VER,45,84.701
Qatar,2025,VER,46,83.515
Qatar,2025,VER,47,83.887
Qatar,2025,VER,48,83.805
Qatar,2025,VER,49,83.799
Qatar,2025,VER,50,83.665
Qatar,2025,VER,51,83.498
Qatar,2025,VER,52,83.989
Qatar,2025,VER,53,84.141
China,2024,OCO,19,102.486
China,2024,OCO,32,102.544
China,2024,OCO,33,101.902
China,2024,OCO,34,100.937
China,2024,OCO,35,100.972
China,2024,OCO,36,101.009
China,2024,OCO,37,101.194
China,2024,OCO,38,101.361
China,2024,OCO,39,101.131
China,2024,OCO,40,101.313
China,2024,OCO,41,101.592
China,2024,OCO,42,101.653
China,2024,OCO,43,101.515
China,2024,OCO,44,101.535
China,2024,OCO,45,101.24
China,2024,OCO,46,101.423
China,2024,OCO,47,102.084
China,2024,OCO,48,101.743
China,2024,OCO,49,101.301
China,2024,OCO,50,101.297
China,2024,OCO,51,101.567
China,2024,OCO,52,101.477
Monaco,2024,GAS,18,81.961
Monaco,2024,GAS,19,80.797
Monaco,2024,GAS,20,79.904
Monaco,2024,GAS,21,80.255
Monaco,2024,GAS,22,79.876
Monaco,2024,GAS,23,80.554
Monaco,2024,GAS,24,81.306
Monaco,2024,GAS,25,80.949
Monaco,2024,GAS,26,80.372
Monaco,2024,GAS,27,80.593
Monaco,2024,GAS,28,80.521
Monaco,2024,GAS,29,80.229
Monaco,2024,GAS,30,79.376
Monaco,2024,GAS,31,81.764
Monaco,2024,GAS,32,81.427
Monaco,2024,GAS,33,81.121
Monaco,2024,GAS,34,80.965
Monaco,2024,GAS,35,80.751
Monaco,2024,GAS,36,79.361
Monaco,2024,GAS,37,79.576
Monaco,2024,GAS,38,79.975
Monaco,2024,GAS,39,79.428
Monaco,2024,GAS,40,80.32
Monaco,2024,GAS,41,80.384
Monaco,2024,GAS,42,80.2
Monaco,2024,GAS,43,79.977
Monaco,2024,GAS,44,81.048
Monaco,2024,GAS,45,80.621
Monaco,2024,GAS,46,79.382
Monaco,2024,GAS,47,79.97
Monaco,2024,GAS,48,79.435
Monaco,2024,GAS,49,79.865
Monaco,2024,GAS,50,80.534
Monaco,2024,GAS,51,81.023
Monaco,2024,GAS,53,84.473
Monaco,2024,GAS,54,79.917
Monaco,2024,GAS,55,79.091
Monaco,2024,GAS,56,79.407
Monaco,2024,GAS,57,79.704
Monaco,2024,GAS,58,79.448
Monaco,2024,GAS,59,79.097
Monaco,2024,GAS,60,81.378
Monaco,2024,GAS,61,80.237
Monaco,2024,GAS,62,80.407
Monaco,2024,GAS,63,78.469
Monaco,2024,GAS,64,79.155
Monaco,2024,GAS,65,78.868
Monaco,2024,GAS,66,79.22
Monaco,2024,GAS,67,78.726
Monaco,2024,GAS,68,78.624
Monaco,2024,GAS,69,78.545
Monaco,2024,GAS,70,78.363
Monaco,2024,GAS,71,77.799
Monaco,2024,GAS,72,78.14
Monaco,2024,GAS,73,78.382
United States,2025,BEA,20,100.577
United States,2025,BEA,21,100.513
United States,2025,BEA,22,100.769
United States,2025,BEA,23,100.591
United States,2025,BEA,24,100.762
United States,2025,BEA,25,100.617
United States,2025,BEA,26,100.731
United States,2025,BEA,27,100.874
United States,2025,BEA,28,100.855
United States,2025,BEA,29,101.717
United States,2025,BEA,32,101.086
United States,2025,BEA,33,99.119
United States,2025,BEA,35,99.554
United States,2025,BEA,36,100.832
United States,2025,BEA,37,99.899
United States,2025,BEA,38,99.91
United States,2025,BEA,39,99.811
United States,2025,BEA,40,99.756
United States,2025,BEA,41,100.15
United States,2025,BEA,42,100.081
United States,2025,BEA,43,100.048
United States,2025,BEA,44,100.117
United States,2025,BEA,45,99.468
United States,2025,BEA,46,99.425
United States,2025,BEA,47,99.435
United States,2025,BEA,48,99.463
United States,2025,BEA,49,99.218
United States,2025,BEA,50,99.431
United States,2025,BEA,51,99.593
United States,2025,BEA,52,99.667
Mexico City,2024,RUS,22,82.533
Mexico City,2024,RUS,23,82.702
Mexico City,2024,RUS,24,82.36
Mexico City,2024,RUS,25,82.191
Mexico City,2024,RUS,26,82.362
Mexico City,2024,RUS,27,82.457
Mexico City,2024,RUS,28,82.62
Mexico City,2024,RUS,29,82.598
Mexico City,2024,RUS,30,82.549
Mexico City,2024,RUS,33,82.698
Mexico City,2024,RUS,34,81.708
Mexico City,2024,RUS,35,81.794
Mexico City,2024,RUS,36,81.609
Mexico City,2024,RUS,37,81.406
Mexico City,2024,RUS,38,81.603
Mexico City,2024,RUS,39,81.532
Mexico City,2024,RUS,40,81.504
Mexico City,2024,RUS,41,81.299
Mexico City,2024,RUS,42,80.974
Mexico City,2024,RUS,43,81.024
Mexico City,2024,RUS,44,81.202
Mexico City,2024,RUS,45,81.018
Mexico City,2024,RUS,46,81.21
Mexico City,2024,RUS,47,80.826
Mexico City,2024,RUS,48,81.401
Mexico City,2024,RUS,49,81.144
Mexico City,2024,RUS,50,80.915
Mexico City,2024,RUS,51,81.086
Mexico City,2024,RUS,52,81.096
Mexico City,2024,RUS,53,80.79
Mexico City,2024,RUS,54,81.167
Mexico City,2024,RUS,55,81.102
Mexico City,2024,RUS,56,81.435
Mexico City,2024,RUS,57,80.888
Mexico City,2024,RUS,58,80.903
Mexico City,2024,RUS,59,81.373
Mexico City,2024,RUS,60,81.404
Mexico City,2024,RUS,61,81.559
Mexico City,2024,RUS,62,80.892
Mexico City,2024,RUS,63,80.791
Mexico City,2024,RUS,64,80.731
Mexico City,2024,RUS,65,81.129
Mexico City,2024,RUS,66,82.037
Mexico City,2024,RUS,67,82.188
Canada,2024,HAM,18,87.426
Canada,2024,HAM,19,86.013
Canada,2024,HAM,20,86.817
Canada,2024,HAM,21,85.298
Canada,2024,HAM,22,85.593
Canada,2024,HAM,23,85.438
Canada,2024,HAM,24,86.533
Canada,2024,HAM,30,86.331
Canada,2024,HAM,31,87.745
Canada,2024,HAM,32,90.533
Canada,2024,HAM,33,91.549
Canada,2024,HAM,34,88.936
Canada,2024,HAM,35,87.36
Canada,2024,HAM,36,86.93
Canada,2024,HAM,37,86.369
Canada,2024,HAM,38,86.863
Canada,2024,HAM,39,85.419
Canada,2024,HAM,40,84.911
Canada,2024,HAM,42,83.88
Canada,2024,HAM,45,84.413
Canada,2024,HAM,46,83.763
Canada,2024,HAM,47,87.257
Canada,2024,HAM,48,81.327
Canada,2024,HAM,50,79.502
Canada,2024,HAM,51,78.414
Canada,2024,HAM,59,78.018
Canada,2024,HAM,60,80.267
Canada,2024,HAM,61,77.666
Canada,2024,HAM,62,76.96
Canada,2024,HAM,63,76.448
Canada,2024,HAM,64,76.657
Great Britain,2024,RIC,19,71.658
Great Britain,2024,RIC,20,72.066
Great Britain,2024,RIC,21,71.375
Great Britain,2024,RIC,22,71.37
Great Britain,2024,RIC,23,72.24
Great Britain,2024,RIC,24,71.394
Great Britain,2024,RIC,25,71.467
Great Britain,2024,RIC,26,71.621
Great Britain,2024,RIC,27,71.663
Great Britain,2024,RIC,28,71.682
Great Britain,2024,RIC,29,71.742
Great Britain,2024,RIC,30,72.013
Great Britain,2024,RIC,31,71.852
Great Britain,2024,RIC,32,71.667
Great Britain,2024,RIC,33,71.929
Great Britain,2024,RIC,34,71.633
Great Britain,2024,RIC,35,71.904
Great Britain,2024,RIC,36,72.009
Great Britain,2024,RIC,39,72.057
Great Britain,2024,RIC,40,70.788
Great Britain,2024,RIC,41,70.856
Great Britain,2024,RIC,42,70.73
Great Britain,2024,RIC,43,70.594
Great Britain,2024,RIC,44,70.743
Great Britain,2024,RIC,45,70.943
Great Britain,2024,RIC,46,70.828
Great Britain,2024,RIC,47,70.923
Great Britain,2024,RIC,48,70.673
Great Britain,2024,RIC,49,70.646
Great Britain,2024,RIC,50,70.426
Great Britain,2024,RIC,51,70.518
Great Britain,2024,RIC,52,71.048
Great Britain,2024,RIC,53,70.939
Great Britain,2024,RIC,54,71.896
Great Britain,2024,RIC,55,70.869
Great Britain,2024,RIC,56,70.875
Great Britain,2024,RIC,57,70.56
Great Britain,2024,RIC,58,70.616
Great Britain,2024,RIC,59,70.91
Great Britain,2024,RIC,60,70.907
Great Britain,2024,RIC,61,70.581
Great Britain,2024,RIC,62,70.929
Great Britain,2024,RIC,64,71.048
Great Britain,2024,RIC,67,71.574
Monaco,2024,SAR,18,81.016
Monaco,2024,SAR,19,81.031
Monaco,2024,SAR,20,81.221
Monaco,2024,SAR,21,80.853
Monaco,2024,SAR,22,80.849
Monaco,2024,SAR,23,80.897
Monaco,2024,SAR,24,80.593
Monaco,2024,SAR,25,80.395
Monaco,2024,SAR,26,80.903
Monaco,2024,SAR,27,80.929
Monaco,2024,SAR,28,81.231
Monaco,2024,SAR,29,81.604
Monaco,2024,SAR,30,81.334
Monaco,2024,SAR,31,80.84
Monaco,2024,SAR,32,80.775
Monaco,2024,SAR,33,80.797
Monaco,2024,SAR,34,80.53
Monaco,2024,SAR,35,80.738
Monaco,2024,SAR,36,80.584
Monaco,2024,SAR,37,81.134
Monaco,2024,SAR,38,81.404
Monaco,2024,SAR,39,81.131
Monaco,2024,SAR,40,81.273
Monaco,2024,SAR,41,81.78
Monaco,2024,SAR,42,84.378
Monaco,2024,SAR,43,81.87
Monaco,2024,SAR,44,80.552
Monaco,2024,SAR,45,79.511
Monaco,2024,SAR,46,80.72
Monaco,2024,SAR,47,80.124
Monaco,2024,SAR,48,79.888
Monaco,2024,SAR,49,80.97
Monaco,2024,SAR,50,83.966
Monaco,2024,SAR,52,80.292
Monaco,2024,SAR,53,80.78
Monaco,2024,SAR,54,81.318
Monaco,2024,SAR,55,82.289
Monaco,2024,SAR,56,80.342
Monaco,2024,SAR,59,81.474
Monaco,2024,SAR,60,75.594
Monaco,2024,SAR,61,75.58
Monaco,2024,SAR,62,75.558
Monaco,2024,SAR,63,75.525
Monaco,2024,SAR,64,75.688
Monaco,2024,SAR,65,76.895
Monaco,2024,SAR,66,79.869
Monaco,2024,SAR,67,80.799
Monaco,2024,SAR,68,80.347
Monaco,2024,SAR,69,80.004
Monaco,2024,SAR,70,76.077
Monaco,2024,SAR,71,76.866
Monaco,2024,SAR,72,76.326
United States,2024,MAG,24,100.732
United States,2024,MAG,25,100.626
United States,2024,MAG,26,100.292
United States,2024,MAG,27,100.479
United States,2024,MAG,28,100.126
United States,2024,MAG,29,101.523
United States,2024,MAG,30,100.25
United States,2024,MAG,31,100.769
United States,2024,MAG,32,100.455
United States,2024,MAG,33,100.166
United States,2024,MAG,34,99.826
United States,2024,MAG,35,99.641
United States,2024,MAG,36,99.585
United States,2024,MAG,37,99.786
United States,2024,MAG,40,100.481
United States,2024,MAG,42,98.975
United States,2024,MAG,43,98.653
United States,2024,MAG,44,98.988
United States,2024,MAG,45,98.671
United States,2024,MAG,46,99.045
United States,2024,MAG,47,99.085
United States,2024,MAG,48,98.779
United States,2024,MAG,49,99.025
United States,2024,MAG,50,98.746
United States,2024,MAG,51,98.676
United States,2024,MAG,52,98.877
Singapore,2025,PIA,18,97.388
Singapore,2025,PIA,19,96.923
Singapore,2025,PIA,20,97.117
Singapore,2025,PIA,21,96.992
Singapore,2025,PIA,22,96.796
Singapore,2025,PIA,23,96.609
Singapore,2025,PIA,24,96.846
Singapore,2025,PIA,25,97.546
Singapore,2025,PIA,26,96.701
Singapore,2025,PIA,29,96.84
Singapore,2025,PIA,30,95.649
Singapore,2025,PIA,31,95.535
Singapore,2025,PIA,32,95.408
Singapore,2025,PIA,33,95.565
Singapore,2025,PIA,34,95.668
Singapore,2025,PIA,35,95.737
Singapore,2025,PIA,36,95.92
Singapore,2025,PIA,37,95.449
Singapore,2025,PIA,38,95.66
Singapore,2025,PIA,39,95.585
Singapore,2025,PIA,40,95.688
Singapore,2025,PIA,41,96.172
Singapore,2025,PIA,42,95.744
Singapore,2025,PIA,43,95.93
Singapore,2025,PIA,44,96.449
Singapore,2025,PIA,46,96.738
Singapore,2025,PIA,47,95.98
Singapore,2025,PIA,48,96.413
Singapore,2025,PIA,49,97.661
Singapore,2025,PIA,50,97.286
Singapore,2025,PIA,51,97.368
Singapore,2025,PIA,52,96.174
Singapore,2025,PIA,53,95.882
Singapore,2025,PIA,54,95.556
Singapore,2025,PIA,55,96.978
Singapore,2025,PIA,56,95.881
Singapore,2025,PIA,57,96.078
Singapore,2025,PIA,58,96.4
Austria,2024,PIA,17,71.484
Austria,2024,PIA,18,71.535
Austria,2024,PIA,19,71.577
Austria,2024,PIA,20,71.753
Austria,2024,PIA,21,71.741
Austria,2024,PIA,22,71.86
Austria,2024,PIA,23,71.366
Austria,2024,PIA,24,71.224
Austria,2024,PIA,27,71.335
Austria,2024,PIA,28,70.295
Austria,2024,PIA,29,70.276
Austria,2024,PIA,30,69.985
Austria,2024,PIA,31,70.423
Austria,2024,PIA,32,69.994
Austria,2024,PIA,33,69.767
Austria,2024,PIA,34,69.516
Austria,2024,PIA,35,69.779
Austria,2024,PIA,36,70.238
Austria,2024,PIA,37,70.298
Austria,2024,PIA,38,70.176
Austria,2024,PIA,39,70.401
Austria,2024,PIA,40,70.57
Austria,2024,PIA,41,70.649
Austria,2024,PIA,42,70.729
Austria,2024,PIA,43,71.252
Austria,2024,PIA,44,70.772
Austria,2024,PIA,45,71.217
Austria,2024,PIA,46,70.617
Austria,2024,PIA,47,70.562
Austria,2024,PIA,48,71.024
Austria,2024,PIA,49,70.578
Austria,2024,PIA,50,70.661
Austria,2024,PIA,53,70.517
Austria,2024,PIA,54,69.088
Austria,2024,PIA,55,69.014
Austria,2024,PIA,56,68.837
Austria,2024,PIA,57,68.697
Austria,2024,PIA,58,69.048
Austria,2024,PIA,59,69.441
Austria,2024,PIA,60,69.627
Austria,2024,PIA,61,69.616
Austria,2024,PIA,62,69.487
Austria,2024,PIA,63,69.634
Austria,2024,PIA,65,69.986
Austria,2024,PIA,67,70.14
Miami,2025,OCO,19,93.61
Miami,2025,OCO,20,93.406
Miami,2025,OCO,21,92.989
Miami,2025,OCO,22,93.479
Miami,2025,OCO,25,95.102
Miami,2025,OCO,26,91.358
Miami,2025,OCO,27,91.463
Miami,2025,OCO,30,91.96
Miami,2025,OCO,31,91.122
Miami,2025,OCO,34,91.877
Miami,2025,OCO,35,91.33
Miami,2025,OCO,36,91.511
Miami,2025,OCO,37,91.65
Miami,2025,OCO,38,91.747
Miami,2025,OCO,39,91.603
Miami,2025,OCO,40,91.553
Miami,2025,OCO,41,91.562
Miami,2025,OCO,42,91.339
Miami,2025,OCO,43,91.542
Miami,2025,OCO,44,91.67
Miami,2025,OCO,45,91.836
Miami,2025,OCO,46,92.099
Miami,2025,OCO,47,91.838
Miami,2025,OCO,48,91.662
Miami,2025,OCO,49,91.533
Miami,2025,OCO,50,91.924
Miami,2025,OCO,51,91.642
Miami,2025,OCO,52,91.586
Miami,2025,OCO,53,91.766
Monaco,2025,HAM,26,74.698
Monaco,2025,HAM,27,74.804
Monaco,2025,HAM,28,74.533
Monaco,2025,HAM,29,75.42
Monaco,2025,HAM,30,76.81
Monaco,2025,HAM,31,75.884
Monaco,2025,HAM,32,75.648
Monaco,2025,HAM,33,75.676
Monaco,2025,HAM,34,76.536
Monaco,2025,HAM,35,77.566
Monaco,2025,HAM,36,77.826
Monaco,2025,HAM,37,77.218
Monaco,2025,HAM,39,77.288
Monaco,2025,HAM,40,75.446
Monaco,2025,HAM,41,74.951
Monaco,2025,HAM,42,75.111
Monaco,2025,HAM,43,74.984
Monaco,2025,HAM,44,74.854
Monaco,2025,HAM,45,74.686
Monaco,2025,HAM,46,74.849
Monaco,2025,HAM,47,75.323
Monaco,2025,HAM,48,75.703
Monaco,2025,HAM,49,75.113
Monaco,2025,HAM,50,75.569
Monaco,2025,HAM,51,75.694
Monaco,2025,HAM,52,75.559
Monaco,2025,HAM,53,75.494
Monaco,2025,HAM,54,76.185
Monaco,2025,HAM,55,76.217
Monaco,2025,HAM,58,76.657
Monaco,2025,HAM,59,78.349
Monaco,2025,HAM,60,76.686
Monaco,2025,HAM,61,75.767
Monaco,2025,HAM,62,75.431
Monaco,2025,HAM,63,74.916
Monaco,2025,HAM,64,74.193
Monaco,2025,HAM,65,76.306
Monaco,2025,HAM,66,76.238
Monaco,2025,HAM,67,76.659
Monaco,2025,HAM,68,76.016
Monaco,2025,HAM,69,75.861
Monaco,2025,HAM,70,75.585
Monaco,2025,HAM,71,75.257
Monaco,2025,HAM,72,75.088
Monaco,2025,HAM,73,74.273
Monaco,2025,HAM,74,74.09
Japan,2024,MAG,18,99.728
Japan,2024,MAG,19,99.665
Japan,2024,MAG,20,99.538
Japan,2024,MAG,21,99.262
Japan,2024,MAG,24,99.545
Japan,2024,MAG,25,96.654
Japan,2024,MAG,26,97.033
Japan,2024,MAG,27,97.145
Japan,2024,MAG,28,97.395
Japan,2024,MAG,29,97.504
Japan,2024,MAG,30,97.888
Japan,2024,MAG,31,98.014
Japan,2024,MAG,32,98.498
Japan,2024,MAG,33,98.657
Japan,2024,MAG,34,98.58
Japan,2024,MAG,35,97.93
Japan,2024,MAG,36,98.046
Japan,2024,MAG,37,98.078
Japan,2024,MAG,38,97.662
Japan,2024,MAG,39,97.789
Japan,2024,MAG,40,97.553
Japan,2024,MAG,43,97.542
Japan,2024,MAG,44,97.376
Japan,2024,MAG,45,97.475
Japan,2024,MAG,46,97.674
Japan,2024,MAG,47,98.332
Japan,2024,MAG,48,98.707
Austria,2024,LEC,20,71.157
Austria,2024,LEC,21,71.041
Austria,2024,LEC,22,70.952
Austria,2024,LEC,23,70.639
Austria,2024,LEC,24,70.5
Austria,2024,LEC,25,70.622
Austria,2024,LEC,26,70.459
Austria,2024,LEC,27,70.309
Austria,2024,LEC,28,70.726
Austria,2024,LEC,29,71.475
Austria,2024,LEC,30,70.795
Austria,2024,LEC,31,70.401
Austria,2024,LEC,32,70.681
Austria,2024,LEC,35,70.736
Austria,2024,LEC,36,70.055
Austria,2024,LEC,37,69.894
Austria,2024,LEC,38,70.008
Austria,2024,LEC,39,70.477
Austria,2024,LEC,40,70.143
Austria,2024,LEC,41,70.308
Austria,2024,LEC,42,70.368
Austria,2024,LEC,43,70.118
Austria,2024,LEC,44,70.946
Austria,2024,LEC,45,70.543
Austria,2024,LEC,46,70.193
Austria,2024,LEC,47,70.522
Austria,2024,LEC,48,70.789
Austria,2024,LEC,49,70.595
Austria,2024,LEC,50,70.568
Austria,2024,LEC,53,71.739
Austria,2024,LEC,54,70.734
Austria,2024,LEC,55,69.683
Austria,2024,LEC,56,69.584
Austria,2024,LEC,57,69.801
Austria,2024,LEC,58,69.687
Austria,2024,LEC,59,69.649
Austria,2024,LEC,60,70.285
Austria,2024,LEC,61,70.36
Austria,2024,LEC,62,69.931
Austria,2024,LEC,64,69.857
Austria,2024,LEC,66,70.092
Austria,2024,LEC,67,69.776
Great Britain,2025,PIA,19,70.709
Great Britain,2025,PIA,20,70.863
Great Britain,2025,PIA,21,70.951
Great Britain,2025,PIA,22,70.624
Great Britain,2025,PIA,23,70.938
Great Britain,2025,PIA,26,71.249
Great Britain,2025,PIA,27,69.854
Great Britain,2025,PIA,28,69.52
Great Britain,2025,PIA,29,69.519
Great Britain,2025,PIA,30,69.434
Great Britain,2025,PIA,32,69.343
Great Britain,2025,PIA,33,69.449
Great Britain,2025,PIA,34,69.44
Great Britain,2025,PIA,35,69.196
Great Britain,2025,PIA,36,69.443
Great Britain,2025,PIA,37,69.46
Great Britain,2025,PIA,38,69.482
Great Britain,2025,PIA,39,69.273
Great Britain,2025,PIA,40,69.437
Great Britain,2025,PIA,41,69.637
Great Britain,2025,PIA,42,69.737
Great Britain,2025,PIA,43,69.8
Great Britain,2025,PIA,44,70.103
Great Britain,2025,PIA,45,69.714
Great Britain,2025,PIA,46,70.151
Great Britain,2025,PIA,47,70.048
Great Britain,2025,PIA,48,69.471
Great Britain,2025,PIA,49,70.621
Great Britain,2025,PIA,50,70.2
Great Britain,2025,PIA,51,70.073
Great Britain,2025,PIA,52,70.114
Great Britain,2025,PIA,55,70.014
Great Britain,2025,PIA,56,68.558
Great Britain,2025,PIA,57,68.283
Great Britain,2025,PIA,58,68.739
Great Britain,2025,PIA,59,68.157
Great Britain,2025,PIA,60,67.924
Great Britain,2025,PIA,61,68.085
Great Britain,2025,PIA,62,68.162
Great Britain,2025,PIA,63,68.372
Great Britain,2025,PIA,64,68.903
Great Britain,2025,PIA,65,68.952
Great Britain,2025,PIA,66,68.49
Miami,2024,PIA,17,92.785
Miami,2024,PIA,18,93.084
Miami,2024,PIA,19,92.975
Miami,2024,PIA,20,93.109
Miami,2024,PIA,21,92.63
Miami,2024,PIA,22,92.93
Miami,2024,PIA,24,92.716
Miami,2024,PIA,25,92.455
Miami,2024,PIA,26,92.453
Miami,2024,PIA,33,92.656
Miami,2024,PIA,34,93.248
Miami,2024,PIA,35,92.143
Miami,2024,PIA,36,91.372
Miami,2024,PIA,37,92.202
Miami,2024,PIA,38,92.035
Miami,2024,PIA,39,91.673
Miami,2024,PIA,42,92.617
Miami,2024,PIA,43,90.643
Miami,2024,PIA,44,90.634
Miami,2024,PIA,45,90.752
Miami,2024,PIA,46,91.286
Miami,2024,PIA,47,91.08
Miami,2024,PIA,48,91.641
Miami,2024,PIA,49,91.828
Miami,2024,PIA,50,91.95
Miami,2024,PIA,51,92.375
Miami,2024,PIA,52,92.849
Miami,2024,PIA,53,93.862
Australia,2024,OCO,21,82.814
Australia,2024,OCO,22,82.663
Australia,2024,OCO,23,82.803
Australia,2024,OCO,24,82.713
Australia,2024,OCO,25,82.759
Australia,2024,OCO,26,82.797
Australia,2024,OCO,27,82.892
Australia,2024,OCO,28,82.901
Australia,2024,OCO,29,83.108
Australia,2024,OCO,30,83.117
Australia,2024,OCO,31,83.04
Australia,2024,OCO,32,82.921
Australia,2024,OCO,33,82.909
Australia,2024,OCO,34,82.996
Australia,2024,OCO,35,85.483
Australia,2024,OCO,36,83.239
Australia,2024,OCO,37,84.94
Australia,2024,OCO,38,82.834
Australia,2024,OCO,39,83.627
Australia,2024,OCO,40,82.706
Australia,2024,OCO,41,82.989
Australia,2024,OCO,44,83.162
Australia,2024,OCO,45,81.597
Australia,2024,OCO,46,81.354
Australia,2024,OCO,47,83.041
Australia,2024,OCO,48,81.464
Australia,2024,OCO,49,81.549
Australia,2024,OCO,50,81.678
Australia,2024,OCO,51,81.633
Bahrain,2024,STR,19,97.417
Bahrain,2024,STR,20,97.554
Bahrain,2024,STR,21,97.859
Bahrain,2024,STR,22,98.022
Bahrain,2024,STR,23,98.175
Bahrain,2024,STR,24,97.826
Bahrain,2024,STR,25,98.138
Bahrain,2024,STR,26,97.994
Bahrain,2024,STR,29,98.133
Bahrain,2024,STR,30,95.854
Bahrain,2024,STR,31,95.632
Bahrain,2024,STR,32,96.202
Bahrain,2024,STR,33,95.821
Bahrain,2024,STR,34,96.349
Bahrain,2024,STR,35,96.332
Bahrain,2024,STR,36,96.242
Bahrain,2024,STR,37,96.086
Bahrain,2024,STR,38,95.987
Bahrain,2024,STR,39,96.364
Bahrain,2024,STR,40,96.353
Bahrain,2024,STR,41,96.485
Bahrain,2024,STR,42,96.322
Bahrain,2024,STR,43,96.343
Bahrain,2024,STR,44,96.304
Bahrain,2024,STR,45,96.564
Bahrain,2024,STR,46,96.243
Bahrain,2024,STR,47,96.379
Bahrain,2024,STR,48,96.298
Bahrain,2024,STR,49,97.325
Bahrain,2024,STR,50,96.871
Bahrain,2024,STR,51,96.541
Bahrain,2024,STR,52,96.763
Bahrain,2024,STR,53,96.934
Hungary,2024,ALB,19,86.837
Hungary,2024,ALB,20,85.651
Hungary,2024,ALB,21,85.197
Hungary,2024,ALB,22,85.39
Hungary,2024,ALB,23,85.124
Hungary,2024,ALB,24,85.347
Hungary,2024,ALB,25,85.586
Hungary,2024,ALB,26,85.538
Hungary,2024,ALB,27,85.84
Hungary,2024,ALB,28,85.857
Hungary,2024,ALB,31,86.009
Hungary,2024,ALB,32,83.93
Hungary,2024,ALB,33,84.035
Hungary,2024,ALB,34,84.029
Hungary,2024,ALB,35,84.261
Hungary,2024,ALB,36,84.765
Hungary,2024,ALB,37,84.432
Hungary,2024,ALB,38,84.292
Hungary,2024,ALB,39,84.148
Hungary,2024,ALB,40,84.249
Hungary,2024,ALB,41,84.285
Hungary,2024,ALB,42,84.311
Hungary,2024,ALB,43,84.048
Hungary,2024,ALB,44,84.127
Hungary,2024,ALB,45,84.795
Hungary,2024,ALB,46,84.787
Hungary,2024,ALB,47,84.412
Hungary,2024,ALB,48,85.058
Hungary,2024,ALB,49,84.674
Hungary,2024,ALB,50,84.357
Hungary,2024,ALB,51,84.307
Hungary,2024,ALB,52,84.193
Hungary,2024,ALB,53,84.061
Hungary,2024,ALB,54,84.015
Hungary,2024,ALB,55,83.998
Hungary,2024,ALB,56,83.993
Hungary,2024,ALB,57,85.799
Hungary,2024,ALB,58,86.179
Hungary,2024,ALB,59,84.451
Hungary,2024,ALB,60,84.64
Hungary,2024,ALB,61,84.594
Hungary,2024,ALB,63,84.153
Hungary,2024,ALB,64,89.563
Hungary,2024,ALB,65,85.703
São Paulo,2025,BEA,26,75.158
São Paulo,2025,BEA,27,75.098
São Paulo,2025,BEA,28,75.099
São Paulo,2025,BEA,29,75.303
São Paulo,2025,BEA,30,75.09
São Paulo,2025,BEA,31,74.906
São Paulo,2025,BEA,32,74.756
São Paulo,2025,BEA,33,75.31
São Paulo,2025,BEA,34,74.86
São Paulo,2025,BEA,35,76.043
São Paulo,2025,BEA,36,74.901
São Paulo,2025,BEA,37,74.768
São Paulo,2025,BEA,38,75.095
São Paulo,2025,BEA,39,74.738
São Paulo,2025,BEA,40,74.608
São Paulo,2025,BEA,41,74.487
São Paulo,2025,BEA,44,74.39
São Paulo,2025,BEA,45,73.987
São Paulo,2025,BEA,46,73.91
São Paulo,2025,BEA,47,73.6
São Paulo,2025,BEA,48,74.101
São Paulo,2025,BEA,49,73.483
São Paulo,2025,BEA,50,74.774
São Paulo,2025,BEA,51,74.083
São Paulo,2025,BEA,52,73.992
São Paulo,2025,BEA,53,73.961
São Paulo,2025,BEA,54,74.018
São Paulo,2025,BEA,55,74.684
São Paulo,2025,BEA,56,74.243
São Paulo,2025,BEA,57,74.203
São Paulo,2025,BEA,58,74.062
São Paulo,2025,BEA,59,74.363
São Paulo,2025,BEA,60,74.197
São Paulo,2025,BEA,61,74.08
São Paulo,2025,BEA,62,73.777
São Paulo,2025,BEA,63,73.975
São Paulo,2025,BEA,64,74.014
São Paulo,2025,BEA,65,73.52
São Paulo,2025,BEA,66,73.987
São Paulo,2025,BEA,67,73.974
Monaco,2024,RIC,18,80.862
Monaco,2024,RIC,19,81.108
Monaco,2024,RIC,20,81.31
Monaco,2024,RIC,21,80.942
Monaco,2024,RIC,22,80.817
Monaco,2024,RIC,23,80.849
Monaco,2024,RIC,24,80.662
Monaco,2024,RIC,25,80.348
Monaco,2024,RIC,26,81.029
Monaco,2024,RIC,27,80.691
Monaco,2024,RIC,28,81.365
Monaco,2024,RIC,29,81.566
Monaco,2024,RIC,30,81.265
Monaco,2024,RIC,31,80.9
Monaco,2024,RIC,32,80.703
Monaco,2024,RIC,33,80.94
Monaco,2024,RIC,34,80.395
Monaco,2024,RIC,35,80.84
Monaco,2024,RIC,36,80.54
Monaco,2024,RIC,37,81.126
Monaco,2024,RIC,38,81.358
Monaco,2024,RIC,39,81.099
Monaco,2024,RIC,40,81.255
Monaco,2024,RIC,41,80.87
Monaco,2024,RIC,42,85.218
Monaco,2024,RIC,43,81.527
Monaco,2024,RIC,44,81.053
Monaco,2024,RIC,45,78.003
Monaco,2024,RIC,46,81.761
Monaco,2024,RIC,47,77.172
Monaco,2024,RIC,48,81.071
Monaco,2024,RIC,49,78.282
Monaco,2024,RIC,50,79.837
Monaco,2024,RIC,53,79.796
Monaco,2024,RIC,54,80.079
Monaco,2024,RIC,55,79.176
Monaco,2024,RIC,56,79.457
Monaco,2024,RIC,57,82.007
Monaco,2024,RIC,58,79.672
Monaco,2024,RIC,59,79.119
Monaco,2024,RIC,60,78.936
Monaco,2024,RIC,61,79.23
Monaco,2024,RIC,62,78.771
Monaco,2024,RIC,63,78.977
Monaco,2024,RIC,64,78.805
Monaco,2024,RIC,65,78.637
Monaco,2024,RIC,66,78.73
Monaco,2024,RIC,67,78.248
Monaco,2024,RIC,68,78.219
Monaco,2024,RIC,69,78.116
Monaco,2024,RIC,70,78.386
Monaco,2024,RIC,71,78.706
Monaco,2024,RIC,72,78.108
Netherlands,2024,ZHO,17,78.234
Netherlands,2024,ZHO,20,78.194
Netherlands,2024,ZHO,21,76.808
Netherlands,2024,ZHO,22,76.715
Netherlands,2024,ZHO,23,76.726
Netherlands,2024,ZHO,24,77.295
Netherlands,2024,ZHO,25,76.443
Netherlands,2024,ZHO,26,76.777
Netherlands,2024,ZHO,27,76.4
Netherlands,2024,ZHO,28,78.19
Netherlands,2024,ZHO,29,76.556
Netherlands,2024,ZHO,30,77.148
Netherlands,2024,ZHO,31,76.863
Netherlands,2024,ZHO,32,77.968
Netherlands,2024,ZHO,33,77.091
Netherlands,2024,ZHO,34,77.091
Netherlands,2024,ZHO,35,77.411
Netherlands,2024,ZHO,36,77.221
Netherlands,2024,ZHO,37,78.29
Netherlands,2024,ZHO,38,77.573
Netherlands,2024,ZHO,39,77.784
Netherlands,2024,ZHO,40,78.968
Netherlands,2024,ZHO,41,77.774
Netherlands,2024,ZHO,42,79.115
Netherlands,2024,ZHO,43,78.117
Netherlands,2024,ZHO,44,81.195
Netherlands,2024,ZHO,45,78.167
Netherlands,2024,ZHO,46,78.973
Netherlands,2024,ZHO,47,77.856
Netherlands,2024,ZHO,48,77.537
Netherlands,2024,ZHO,49,77.238
Netherlands,2024,ZHO,50,77.065
Netherlands,2024,ZHO,53,77.351
Netherlands,2024,ZHO,54,75.913
Netherlands,2024,ZHO,55,75.76
Netherlands,2024,ZHO,56,75.803
Netherlands,2024,ZHO,57,76.04
Netherlands,2024,ZHO,58,76.42
Netherlands,2024,ZHO,59,76.413
Netherlands,2024,ZHO,60,76.359
Netherlands,2024,ZHO,61,77.641
Netherlands,2024,ZHO,62,76.399
Netherlands,2024,ZHO,63,76.256
Netherlands,2024,ZHO,64,75.871
Netherlands,2024,ZHO,65,79.34
Netherlands,2024,ZHO,66,76.036
China,2025,ALB,22,98.977
China,2025,ALB,23,97.285
China,2025,ALB,24,97.647
China,2025,ALB,25,97.772
China,2025,ALB,26,97.774
China,2025,ALB,27,98.2
China,2025,ALB,28,98.136
China,2025,ALB,29,98.59
China,2025,ALB,30,98.071
China,2025,ALB,31,97.854
China,2025,ALB,32,97.823
China,2025,ALB,33,97.916
China,2025,ALB,34,97.59
China,2025,ALB,35,97.471
China,2025,ALB,36,97.453
China,2025,ALB,37,97.37
China,2025,ALB,38,97.539
China,2025,ALB,39,97.249
China,2025,ALB,40,97.199
China,2025,ALB,41,97.211
China,2025,ALB,42,97.26
China,2025,ALB,43,96.968
China,2025,ALB,44,96.875
China,2025,ALB,45,96.863
China,2025,ALB,46,96.876
China,2025,ALB,47,96.57
China,2025,ALB,48,96.534
China,2025,ALB,49,96.373
China,2025,ALB,50,96.481
China,2025,ALB,51,96.285
China,2025,ALB,52,96.294
Spain,2025,PIA,17,80.659
Spain,2025,PIA,18,80.657
Spain,2025,PIA,19,80.693
Spain,2025,PIA,20,80.85
Spain,2025,PIA,21,81.126
Spain,2025,PIA,24,81.471
Spain,2025,PIA,25,79.985
Spain,2025,PIA,26,79.85
Spain,2025,PIA,27,79.913
Spain,2025,PIA,28,79.749
Spain,2025,PIA,29,79.904
Spain,2025,PIA,30,79.919
Spain,2025,PIA,31,79.807
Spain,2025,PIA,32,79.719
Spain,2025,PIA,33,79.983
Spain,2025,PIA,34,80.387
Spain,2025,PIA,35,80.474
Spain,2025,PIA,36,80.15
Spain,2025,PIA,37,80.129
Spain,2025,PIA,38,80.457
Spain,2025,PIA,39,79.681
Spain,2025,PIA,40,79.945
Spain,2025,PIA,41,80.293
Spain,2025,PIA,42,80.125
Spain,2025,PIA,43,80.141
Spain,2025,PIA,44,79.489
Spain,2025,PIA,45,79.694
Spain,2025,PIA,46,79.438
Spain,2025,PIA,47,79.235
Spain,2025,PIA,48,79.63
Spain,2025,PIA,51,79.378
Spain,2025,PIA,52,78.78
Spain,2025,PIA,53,78.796
Spain,2025,PIA,54,77.885
Spain,2025,PIA,61,77.766
Spain,2025,PIA,62,75.743
Canada,2025,OCO,17,77.697
Canada,2025,OCO,18,77.731
Canada,2025,OCO,19,77.582
Canada,2025,OCO,20,77.725
Canada,2025,OCO,21,78.235
Canada,2025,OCO,22,77.502
Canada,2025,OCO,23,77.156
Canada,2025,OCO,24,77.011
Canada,2025,OCO,25,77.125
Canada,2025,OCO,26,77.237
Canada,2025,OCO,27,77.616
Canada,2025,OCO,28,77.34
Canada,2025,OCO,29,77.299
Canada,2025,OCO,30,77.284
Canada,2025,OCO,31,77.331
Canada,2025,OCO,32,77.179
Canada,2025,OCO,33,77.239
Canada,2025,OCO,34,77.201
Canada,2025,OCO,35,77.419
Canada,2025,OCO,36,77.34
Canada,2025,OCO,37,77.152
Canada,2025,OCO,38,77.79
Canada,2025,OCO,39,77.917
Canada,2025,OCO,40,77.035
Canada,2025,OCO,41,76.969
Canada,2025,OCO,42,76.905
Canada,2025,OCO,43,76.995
Canada,2025,OCO,44,76.739
Canada,2025,OCO,45,76.88
Canada,2025,OCO,46,76.69
Canada,2025,OCO,47,76.821
Canada,2025,OCO,49,76.84
Canada,2025,OCO,50,76.677
Canada,2025,OCO,51,76.832
Canada,2025,OCO,52,76.614
Canada,2025,OCO,53,76.384
Canada,2025,OCO,54,76.477
Canada,2025,OCO,55,76.426
Canada,2025,OCO,56,76.586
Canada,2025,OCO,59,76.51
Canada,2025,OCO,60,75.185
Italy,2025,ANT,17,84.516
Italy,2025,ANT,18,84.227
Italy,2025,ANT,19,83.979
Italy,2025,ANT,20,83.94
Italy,2025,ANT,21,83.746
Italy,2025,ANT,22,83.688
Italy,2025,ANT,23,83.295
Italy,2025,ANT,24,83.671
Italy,2025,ANT,25,83.515
Italy,2025,ANT,26,83.449
Italy,2025,ANT,27,84.699
Italy,2025,ANT,30,83.7
Italy,2025,ANT,31,82.775
Italy,2025,ANT,32,82.663
Italy,2025,ANT,33,82.852
Italy,2025,ANT,34,82.705
Italy,2025,ANT,35,82.649
Italy,2025,ANT,36,82.653
Italy,2025,ANT,37,82.953
Italy,2025,ANT,38,82.982
Italy,2025,ANT,39,83.01
Italy,2025,ANT,41,84.154
Italy,2025,ANT,42,82.503
Italy,2025,ANT,43,82.255
Italy,2025,ANT,44,82.322
Italy,2025,ANT,45,83.848
Italy,2025,ANT,46,82.651
Italy,2025,ANT,47,82.366
Italy,2025,ANT,48,82.327
Italy,2025,ANT,49,82.201
Bahrain,2024,RUS,20,97.233
Bahrain,2024,RUS,21,96.732
Bahrain,2024,RUS,22,96.769
Bahrain,2024,RUS,23,96.992
Bahrain,2024,RUS,24,96.954
Bahrain,2024,RUS,25,96.736
Bahrain,2024,RUS,26,96.928
Bahrain,2024,RUS,27,96.801
Bahrain,2024,RUS,28,96.815
Bahrain,2024,RUS,29,96.911
Bahrain,2024,RUS,30,97.066
Bahrain,2024,RUS,33,97.186
Bahrain,2024,RUS,34,95.838
Bahrain,2024,RUS,35,95.241
Bahrain,2024,RUS,36,95.772
Bahrain,2024,RUS,37,95.434
Bahrain,2024,RUS,38,95.481
Bahrain,2024,RUS,39,95.479
Bahrain,2024,RUS,40,95.204
Bahrain,2024,RUS,41,95.065
Bahrain,2024,RUS,42,95.093
Bahrain,2024,RUS,43,95.136
Bahrain,2024,RUS,44,95.193
Bahrain,2024,RUS,45,95.162
Bahrain,2024,RUS,46,95.276
Bahrain,2024,RUS,47,96.657
Bahrain,2024,RUS,48,95.805
Bahrain,2024,RUS,49,96.059
Bahrain,2024,RUS,50,95.954
Bahrain,2024,RUS,51,96.181
Bahrain,2024,RUS,52,95.852
Bahrain,2024,RUS,53,96.186
Austria,2024,ALO,19,71.483
Austria,2024,ALO,20,71.38
Austria,2024,ALO,21,71.521
Austria,2024,ALO,22,71.425
Austria,2024,ALO,23,72.107
Austria,2024,ALO,24,71.324
Austria,2024,ALO,25,71.348
Austria,2024,ALO,26,71.516
Austria,2024,ALO,27,71.741
Austria,2024,ALO,28,71.72
Austria,2024,ALO,29,71.693
Austria,2024,ALO,30,72.079
Austria,2024,ALO,31,71.771
Austria,2024,ALO,32,71.845
Austria,2024,ALO,33,72.0
Austria,2024,ALO,34,71.501
Austria,2024,ALO,37,72.44
Austria,2024,ALO,38,70.871
Austria,2024,ALO,39,70.908
Austria,2024,ALO,40,70.594
Austria,2024,ALO,41,70.861
Austria,2024,ALO,42,70.737
Austria,2024,ALO,43,70.588
Austria,2024,ALO,44,70.94
Austria,2024,ALO,45,71.365
Austria,2024,ALO,46,72.15
Austria,2024,ALO,47,71.329
Austria,2024,ALO,48,71.119
Austria,2024,ALO,49,70.576
Austria,2024,ALO,50,70.731
Austria,2024,ALO,51,70.914
Austria,2024,ALO,52,72.431
Austria,2024,ALO,53,71.568
Austria,2024,ALO,54,71.336
Austria,2024,ALO,55,72.38
Austria,2024,ALO,56,70.693
Austria,2024,ALO,57,71.399
Austria,2024,ALO,58,72.992
Austria,2024,ALO,59,72.769
Austria,2024,ALO,60,72.403
Netherlands,2024,ALO,17,78.446
Netherlands,2024,ALO,18,77.508
Netherlands,2024,ALO,19,77.478
Netherlands,2024,ALO,20,77.336
Netherlands,2024,ALO,21,76.815
Netherlands,2024,ALO,22,76.963
Netherlands,2024,ALO,23,77.138
Netherlands,2024,ALO,24,77.83
Netherlands,2024,ALO,25,77.006
Netherlands,2024,ALO,26,77.156
Netherlands,2024,ALO,27,78.012
Netherlands,2024,ALO,28,77.174
Netherlands,2024,ALO,29,77.217
Netherlands,2024,ALO,30,77.457
Netherlands,2024,ALO,33,77.251
Netherlands,2024,ALO,34,75.521
Netherlands,2024,ALO,35,74.758
Netherlands,2024,ALO,36,75.741
Netherlands,2024,ALO,37,76.762
Netherlands,2024,ALO,38,76.125
Netherlands,2024,ALO,39,76.138
Netherlands,2024,ALO,40,76.357
Netherlands,2024,ALO,41,77.345
Netherlands,2024,ALO,42,76.67
Netherlands,2024,ALO,43,76.349
Netherlands,2024,ALO,44,75.865
Netherlands,2024,ALO,45,75.823
Netherlands,2024,ALO,46,75.985
Netherlands,2024,ALO,47,75.831
Netherlands,2024,ALO,48,75.749
Netherlands,2024,ALO,49,75.481
Netherlands,2024,ALO,50,75.647
Netherlands,2024,ALO,51,75.268
Netherlands,2024,ALO,52,75.014
Netherlands,2024,ALO,53,75.151
Netherlands,2024,ALO,54,75.048
Netherlands,2024,ALO,55,75.039
Netherlands,2024,ALO,56,75.242
Netherlands,2024,ALO,57,75.193
Netherlands,2024,ALO,58,76.238
Netherlands,2024,ALO,59,77.097
Netherlands,2024,ALO,60,75.352
Netherlands,2024,ALO,61,75.621
Netherlands,2024,ALO,62,75.506
Netherlands,2024,ALO,63,75.984
Netherlands,2024,ALO,64,75.653
Netherlands,2024,ALO,65,75.297
Netherlands,2024,ALO,66,75.198
Netherlands,2024,ALO,67,75.285
United States,2024,PIA,22,99.711
United States,2024,PIA,23,99.864
United States,2024,PIA,24,99.91
United States,2024,PIA,25,100.269
United States,2024,PIA,26,99.409
United States,2024,PIA,27,99.299
United States,2024,PIA,28,99.016
United States,2024,PIA,29,99.65
United States,2024,PIA,30,99.55
United States,2024,PIA,31,99.661
United States,2024,PIA,34,100.829
United States,2024,PIA,35,98.495
United States,2024,PIA,36,98.022
United States,2024,PIA,37,98.31
United States,2024,PIA,38,98.49
United States,2024,PIA,39,98.212
United States,2024,PIA,40,98.183
United States,2024,PIA,42,99.348
United States,2024,PIA,43,97.883
United States,2024,PIA,44,97.984
United States,2024,PIA,45,98.455
United States,2024,PIA,46,97.979
United States,2024,PIA,47,98.32
United States,2024,PIA,48,98.655
United States,2024,PIA,49,98.021
United States,2024,PIA,50,98.023
United States,2024,PIA,51,97.979
United States,2024,PIA,52,98.532
United States,2024,PER,22,100.57
United States,2024,PER,23,101.456
United States,2024,PER,24,100.681
United States,2024,PER,25,100.564
United States,2024,PER,28,100.115
United States,2024,PER,29,99.642
United States,2024,PER,30,99.451
United States,2024,PER,31,99.633
United States,2024,PER,32,99.682
United States,2024,PER,33,99.378
United States,2024,PER,34,99.719
United States,2024,PER,35,100.2
United States,2024,PER,36,100.105
United States,2024,PER,37,100.162
United States,2024,PER,38,99.499
United States,2024,PER,39,98.939
United States,2024,PER,40,98.986
United States,2024,PER,42,99.066
United States,2024,PER,43,98.866
United States,2024,PER,44,98.787
United States,2024,PER,45,98.781
United States,2024,PER,46,98.514
United States,2024,PER,47,98.579
United States,2024,PER,48,98.914
United States,2024,PER,49,98.842
United States,2024,PER,50,98.682
United States,2024,PER,51,98.729
United States,2024,PER,52,98.67
Belgium,2024,RUS,20,108.499
Belgium,2024,RUS,21,109.605
Belgium,2024,RUS,22,107.763
Belgium,2024,RUS,23,108.588
Belgium,2024,RUS,24,108.412
Belgium,2024,RUS,25,108.325
Belgium,2024,RUS,26,107.992
Belgium,2024,RUS,27,107.759
Belgium,2024,RUS,28,107.707
Belgium,2024,RUS,29,107.665
Belgium,2024,RUS,30,107.76
Belgium,2024,RUS,31,107.628
Belgium,2024,RUS,32,107.48
Belgium,2024,RUS,33,107.596
Belgium,2024,RUS,34,107.315
Belgium,2024,RUS,35,107.432
Belgium,2024,RUS,36,107.562
Belgium,2024,RUS,37,107.62
Belgium,2024,RUS,38,107.919
Belgium,2024,RUS,39,107.6
Belgium,2024,RUS,40,107.796
Japan,2024,TSU,21,99.1
Japan,2024,TSU,24,99.562
Japan,2024,TSU,25,96.637
Japan,2024,TSU,26,97.073
Japan,2024,TSU,27,97.037
Japan,2024,TSU,28,97.184
Japan,2024,TSU,29,97.227
Japan,2024,TSU,30,97.319
Japan,2024,TSU,31,97.617
Japan,2024,TSU,32,97.676
Japan,2024,TSU,33,98.624
Japan,2024,TSU,34,98.692
Japan,2024,TSU,35,97.793
Japan,2024,TSU,36,97.626
Japan,2024,TSU,37,97.103
Japan,2024,TSU,38,97.419
Japan,2024,TSU,39,97.442
Japan,2024,TSU,40,97.595
Japan,2024,TSU,43,97.441
Japan,2024,TSU,44,97.498
Japan,2024,TSU,45,97.329
Japan,2024,TSU,46,97.25
Japan,2024,TSU,47,97.046
Japan,2024,TSU,48,97.106
Netherlands,2025,SAI,17,76.72
Netherlands,2025,SAI,18,76.734
Netherlands,2025,SAI,19,76.614
Netherlands,2025,SAI,20,76.63
Netherlands,2025,SAI,21,76.933
Netherlands,2025,SAI,22,76.797
Netherlands,2025,SAI,29,76.611
Netherlands,2025,SAI,32,74.913
Netherlands,2025,SAI,33,75.095
Netherlands,2025,SAI,35,76.167
Netherlands,2025,SAI,36,75.696
Netherlands,2025,SAI,37,75.55
Netherlands,2025,SAI,38,75.805
Netherlands,2025,SAI,39,75.766
Netherlands,2025,SAI,40,75.282
Netherlands,2025,SAI,41,75.782
Netherlands,2025,SAI,42,75.888
Netherlands,2025,SAI,43,75.705
Netherlands,2025,SAI,44,75.695
Netherlands,2025,SAI,45,75.962
Netherlands,2025,SAI,46,75.745
Netherlands,2025,SAI,47,75.924
Netherlands,2025,SAI,48,76.066
Netherlands,2025,SAI,49,76.224
Netherlands,2025,SAI,50,76.017
Netherlands,2025,SAI,58,76.213
Netherlands,2025,SAI,59,73.808
Netherlands,2025,SAI,60,73.885
Netherlands,2025,SAI,61,74.167
Netherlands,2025,SAI,62,74.36
Netherlands,2025,SAI,63,74.59
Netherlands,2025,SAI,64,74.775
Singapore,2025,BEA,18,98.336
Singapore,2025,BEA,19,98.404
Singapore,2025,BEA,20,98.509
Singapore,2025,BEA,21,99.08
Singapore,2025,BEA,22,97.986
Singapore,2025,BEA,25,97.586
Singapore,2025,BEA,26,96.992
Singapore,2025,BEA,27,97.917
Singapore,2025,BEA,28,96.718
Singapore,2025,BEA,29,96.658
Singapore,2025,BEA,30,97.005
Singapore,2025,BEA,31,97.573
Singapore,2025,BEA,32,97.288
Singapore,2025,BEA,33,98.179
Singapore,2025,BEA,34,99.142
Singapore,2025,BEA,35,99.259
Singapore,2025,BEA,36,99.178
Singapore,2025,BEA,37,98.766
Singapore,2025,BEA,38,99.542
Singapore,2025,BEA,39,99.763
Singapore,2025,BEA,40,97.85
Singapore,2025,BEA,41,97.879
Singapore,2025,BEA,42,97.893
Singapore,2025,BEA,43,97.927
Singapore,2025,BEA,45,98.28
Singapore,2025,BEA,46,100.55
Singapore,2025,BEA,47,97.848
Singapore,2025,BEA,48,98.859
Singapore,2025,BEA,49,100.519
Singapore,2025,BEA,50,98.599
Singapore,2025,BEA,51,98.436
Singapore,2025,BEA,52,96.229
Singapore,2025,BEA,53,96.449
Singapore,2025,BEA,54,96.697
Singapore,2025,BEA,55,96.277
Singapore,2025,BEA,56,96.215
Singapore,2025,BEA,57,96.201
Singapore,2025,BEA,58,96.262
Netherlands,2025,OCO,17,77.559
Netherlands,2025,OCO,18,77.245
Netherlands,2025,OCO,19,77.43
Netherlands,2025,OCO,20,77.189
Netherlands,2025,OCO,21,77.631
Netherlands,2025,OCO,27,77.27
Netherlands,2025,OCO,28,79.01
Netherlands,2025,OCO,29,76.638
Netherlands,2025,OCO,30,76.732
Netherlands,2025,OCO,33,76.526
Netherlands,2025,OCO,34,75.634
Netherlands,2025,OCO,36,75.873
Netherlands,2025,OCO,37,75.901
Netherlands,2025,OCO,38,75.858
Netherlands,2025,OCO,39,76.153
Netherlands,2025,OCO,40,76.164
Netherlands,2025,OCO,41,76.956
Netherlands,2025,OCO,42,76.438
Netherlands,2025,OCO,43,76.468
Netherlands,2025,OCO,44,76.231
Netherlands,2025,OCO,45,76.787
Netherlands,2025,OCO,46,76.422
Netherlands,2025,OCO,47,76.309
Netherlands,2025,OCO,48,76.531
Netherlands,2025,OCO,49,76.479
Netherlands,2025,OCO,50,76.848
Netherlands,2025,OCO,51,76.829
Netherlands,2025,OCO,58,76.654
Netherlands,2025,OCO,59,77.229
Netherlands,2025,OCO,60,76.3
Netherlands,2025,OCO,61,74.614
Netherlands,2025,OCO,62,75.237
Netherlands,2025,OCO,63,75.875
Netherlands,2025,OCO,64,75.61
Azerbaijan,2025,ALO,25,106.8
Azerbaijan,2025,ALO,26,106.308
Azerbaijan,2025,ALO,27,106.321
Azerbaijan,2025,ALO,28,106.455
Azerbaijan,2025,ALO,29,106.583
Azerbaijan,2025,ALO,30,106.428
Azerbaijan,2025,ALO,31,106.571
Azerbaijan,2025,ALO,32,106.416
Azerbaijan,2025,ALO,33,105.894
Azerbaijan,2025,ALO,34,105.823
Azerbaijan,2025,ALO,35,106.487
Azerbaijan,2025,ALO,36,107.156
Azerbaijan,2025,ALO,37,106.062
Azerbaijan,2025,ALO,38,106.558
Azerbaijan,2025,ALO,39,105.823
Azerbaijan,2025,ALO,40,105.487
Azerbaijan,2025,ALO,41,105.423
Azerbaijan,2025,ALO,42,105.408
Azerbaijan,2025,ALO,43,105.898
Azerbaijan,2025,ALO,44,105.655
Azerbaijan,2025,ALO,45,106.013
Azerbaijan,2025,ALO,46,105.32
Azerbaijan,2025,ALO,47,105.402
United States,2025,ALO,20,100.604
United States,2025,ALO,21,101.455
United States,2025,ALO,22,100.958
United States,2025,ALO,23,100.539
United States,2025,ALO,24,101.354
United States,2025,ALO,25,100.968
United States,2025,ALO,26,100.823
United States,2025,ALO,27,101.402
United States,2025,ALO,28,101.154
United States,2025,ALO,29,101.143
United States,2025,ALO,32,101.111
United States,2025,ALO,33,100.958
United States,2025,ALO,35,100.43
United States,2025,ALO,36,99.964
United States,2025,ALO,37,99.6
United States,2025,ALO,38,99.637
United States,2025,ALO,39,99.87
United States,2025,ALO,40,100.019
United States,2025,ALO,41,99.524
United States,2025,ALO,42,99.714
United States,2025,ALO,43,99.883
United States,2025,ALO,44,100.105
United States,2025,ALO,45,99.768
United States,2025,ALO,46,99.506
United States,2025,ALO,47,99.357
United States,2025,ALO,48,99.559
United States,2025,ALO,49,99.29
United States,2025,ALO,50,99.075
United States,2025,ALO,51,99.513
United States,2025,ALO,52,99.169
China,2025,NOR,21,98.122
China,2025,NOR,22,97.979
China,2025,NOR,23,97.336
China,2025,NOR,24,97.321
China,2025,NOR,25,96.952
China,2025,NOR,26,97.357
China,2025,NOR,27,97.132
China,2025,NOR,28,96.754
China,2025,NOR,29,96.509
China,2025,NOR,30,96.531
China,2025,NOR,31,96.335
China,2025,NOR,32,96.367
China,2025,NOR,33,96.862
China,2025,NOR,34,96.774
China,2025,NOR,35,97.195
China,2025,NOR,36,96.854
China,2025,NOR,37,96.316
China,2025,NOR,38,96.274
China,2025,NOR,39,96.192
China,2025,NOR,40,96.217
China,2025,NOR,41,96.397
China,2025,NOR,42,96.661
China,2025,NOR,43,96.868
China,2025,NOR,44,96.971
China,2025,NOR,45,96.743
China,2025,NOR,46,96.396
China,2025,NOR,47,96.07
China,2025,NOR,48,95.857
China,2025,NOR,49,95.708
China,2025,NOR,50,95.666
China,2025,NOR,51,95.675
China,2025,NOR,52,95.9
China,2025,PIA,21,97.408
China,2025,PIA,22,97.985
China,2025,PIA,23,97.738
China,2025,PIA,24,97.232
China,2025,PIA,25,96.97
China,2025,PIA,26,97.185
China,2025,PIA,27,97.186
China,2025,PIA,28,97.112
China,2025,PIA,29,97.001
China,2025,PIA,30,96.533
China,2025,PIA,31,96.81
China,2025,PIA,32,96.662
China,2025,PIA,33,96.698
China,2025,PIA,34,96.449
China,2025,PIA,35,96.804
China,2025,PIA,36,96.64
China,2025,PIA,37,96.795
China,2025,PIA,38,96.69
China,2025,PIA,39,96.527
China,2025,PIA,40,96.2
China,2025,PIA,41,96.009
China,2025,PIA,42,96.028
China,2025,PIA,43,96.319
China,2025,PIA,44,96.366
China,2025,PIA,45,96.533
China,2025,PIA,46,96.674
China,2025,PIA,47,96.46
China,2025,PIA,48,96.139
China,2025,PIA,49,96.002
China,2025,PIA,50,95.968
China,2025,PIA,51,95.624
China,2025,PIA,52,96.107
Italy,2024,HUL,19,85.465
Italy,2024,HUL,20,85.326
Italy,2024,HUL,21,86.113
Italy,2024,HUL,22,85.735
Italy,2024,HUL,23,85.565
Italy,2024,HUL,24,85.632
Italy,2024,HUL,25,85.608
Italy,2024,HUL,26,85.716
Italy,2024,HUL,27,85.506
Italy,2024,HUL,28,85.674
Italy,2024,HUL,29,85.43
Italy,2024,HUL,30,85.57
Italy,2024,HUL,31,85.628
Italy,2024,HUL,34,85.142
Italy,2024,HUL,35,83.587
Italy,2024,HUL,36,83.761
Italy,2024,HUL,37,83.772
Italy,2024,HUL,38,87.809
Italy,2024,HUL,39,83.88
Italy,2024,HUL,40,84.019
Italy,2024,HUL,41,83.621
Italy,2024,HUL,42,83.449
Italy,2024,HUL,43,83.624
Italy,2024,HUL,44,83.591
Italy,2024,HUL,45,83.275
Italy,2024,HUL,46,83.807
Italy,2024,HUL,47,84.107
Italy,2024,HUL,48,86.991
Azerbaijan,2024,NOR,17,109.329
Azerbaijan,2024,NOR,18,108.709
Azerbaijan,2024,NOR,19,109.231
Azerbaijan,2024,NOR,20,109.082
Azerbaijan,2024,NOR,21,109.473
Azerbaijan,2024,NOR,22,108.888
Azerbaijan,2024,NOR,23,108.935
Azerbaijan,2024,NOR,24,109.749
Azerbaijan,2024,NOR,25,110.053
Azerbaijan,2024,NOR,26,108.579
Azerbaijan,2024,NOR,27,108.942
Azerbaijan,2024,NOR,28,109.141
Azerbaijan,2024,NOR,29,109.045
Azerbaijan,2024,NOR,30,109.267
Azerbaijan,2024,NOR,31,108.91
Azerbaijan,2024,NOR,32,108.802
Azerbaijan,2024,NOR,33,107.933
Azerbaijan,2024,NOR,34,107.947
Azerbaijan,2024,NOR,35,107.534
Azerbaijan,2024,NOR,39,107.667
Azerbaijan,2024,NOR,40,105.662
Azerbaijan,2024,NOR,41,105.842
Azerbaijan,2024,NOR,42,106.104
Azerbaijan,2024,NOR,43,105.255
Azerbaijan,2024,NOR,44,105.432
Azerbaijan,2024,NOR,45,105.591
Emilia Romagna,2025,SAI,19,81.458
Emilia Romagna,2025,SAI,20,81.626
Emilia Romagna,2025,SAI,21,81.526
Emilia Romagna,2025,SAI,22,81.872
Emilia Romagna,2025,SAI,23,81.91
Emilia Romagna,2025,SAI,24,82.356
Emilia Romagna,2025,SAI,25,82.324
Emilia Romagna,2025,SAI,26,82.704
Emilia Romagna,2025,SAI,27,82.46
Emilia Romagna,2025,SAI,31,82.242
Emilia Romagna,2025,SAI,32,81.182
Emilia Romagna,2025,SAI,33,81.184
Emilia Romagna,2025,SAI,34,80.867
Emilia Romagna,2025,SAI,35,81.183
Emilia Romagna,2025,SAI,36,81.323
Emilia Romagna,2025,SAI,37,81.568
Emilia Romagna,2025,SAI,38,81.306
Emilia Romagna,2025,SAI,39,81.252
Emilia Romagna,2025,SAI,40,81.593
Emilia Romagna,2025,SAI,41,80.587
Emilia Romagna,2025,SAI,42,81.038
Emilia Romagna,2025,SAI,43,80.157
Emilia Romagna,2025,SAI,44,80.424
Emilia Romagna,2025,SAI,54,80.404
Emilia Romagna,2025,SAI,55,81.77
Emilia Romagna,2025,SAI,56,79.997
Emilia Romagna,2025,SAI,57,80.613
Emilia Romagna,2025,SAI,58,80.122
Emilia Romagna,2025,SAI,59,79.836
São Paulo,2025,LAW,26,74.662
São Paulo,2025,LAW,27,74.946
São Paulo,2025,LAW,28,75.37
São Paulo,2025,LAW,29,75.412
São Paulo,2025,LAW,30,75.166
São Paulo,2025,LAW,31,75.203
São Paulo,2025,LAW,32,74.841
São Paulo,2025,LAW,33,75.692
São Paulo,2025,LAW,34,75.093
São Paulo,2025,LAW,35,75.224
São Paulo,2025,LAW,36,75.422
São Paulo,2025,LAW,37,75.546
São Paulo,2025,LAW,38,75.793
São Paulo,2025,LAW,39,74.837
São Paulo,2025,LAW,40,74.629
São Paulo,2025,LAW,41,74.674
São Paulo,2025,LAW,42,75.305
São Paulo,2025,LAW,43,74.733
São Paulo,2025,LAW,44,74.44
São Paulo,2025,LAW,45,74.599
São Paulo,2025,LAW,46,74.542
São Paulo,2025,LAW,47,74.951
São Paulo,2025,LAW,48,75.062
São Paulo,2025,LAW,49,74.925
São Paulo,2025,LAW,50,74.908
São Paulo,2025,LAW,51,75.648
São Paulo,2025,LAW,52,75.59
São Paulo,2025,LAW,53,74.871
São Paulo,2025,LAW,54,74.954
São Paulo,2025,LAW,55,75.38
São Paulo,2025,LAW,56,75.911
São Paulo,2025,LAW,57,75.363
São Paulo,2025,LAW,58,76.131
São Paulo,2025,LAW,59,75.259
São Paulo,2025,LAW,60,75.195
São Paulo,2025,LAW,61,75.417
São Paulo,2025,LAW,62,75.503
São Paulo,2025,LAW,63,75.266
São Paulo,2025,LAW,64,75.154
São Paulo,2025,LAW,65,74.981
São Paulo,2025,LAW,66,75.385
São Paulo,2025,LAW,67,76.435
Belgium,2025,HUL,22,108.525
Belgium,2025,HUL,23,108.172
Belgium,2025,HUL,24,108.005
Belgium,2025,HUL,25,107.727
Belgium,2025,HUL,26,107.946
Belgium,2025,HUL,27,107.656
Australia,2024,TSU,21,83.048
Australia,2024,TSU,22,82.968
Australia,2024,TSU,23,82.673
Australia,2024,TSU,24,82.953
Australia,2024,TSU,25,83.026
Australia,2024,TSU,26,83.001
Australia,2024,TSU,27,83.302
Australia,2024,TSU,28,83.248
Australia,2024,TSU,29,83.075
Australia,2024,TSU,30,83.498
Australia,2024,TSU,31,83.382
Australia,2024,TSU,32,83.367
Australia,2024,TSU,33,83.39
Australia,2024,TSU,34,83.226
Australia,2024,TSU,35,83.323
Australia,2024,TSU,38,83.289
Australia,2024,TSU,39,81.924
Australia,2024,TSU,40,82.247
Australia,2024,TSU,41,83.218
Australia,2024,TSU,42,81.764
Australia,2024,TSU,43,81.784
Australia,2024,TSU,44,81.928
Australia,2024,TSU,45,81.824
Australia,2024,TSU,46,81.696
Australia,2024,TSU,47,81.134
Australia,2024,TSU,48,81.254
Australia,2024,TSU,49,81.174
Australia,2024,TSU,50,81.303
Australia,2024,TSU,51,81.285
Australia,2024,TSU,52,81.568
Mexico City,2024,ZHO,22,83.774
Mexico City,2024,ZHO,23,83.7
Mexico City,2024,ZHO,24,83.709
Mexico City,2024,ZHO,25,83.371
Mexico City,2024,ZHO,26,83.783
Mexico City,2024,ZHO,27,84.058
Mexico City,2024,ZHO,28,83.835
Mexico City,2024,ZHO,29,85.184
Mexico City,2024,ZHO,30,84.497
Mexico City,2024,ZHO,31,83.71
Mexico City,2024,ZHO,32,86.422
Mexico City,2024,ZHO,33,83.854
Mexico City,2024,ZHO,34,84.323
Mexico City,2024,ZHO,35,83.519
Mexico City,2024,ZHO,36,83.514
Mexico City,2024,ZHO,37,83.521
Mexico City,2024,ZHO,38,83.308
Mexico City,2024,ZHO,39,83.24
Mexico City,2024,ZHO,40,83.444
Mexico City,2024,ZHO,41,83.485
Mexico City,2024,ZHO,42,83.646
Mexico City,2024,ZHO,45,84.414
Mexico City,2024,ZHO,46,82.364
Mexico City,2024,ZHO,47,83.064
Mexico City,2024,ZHO,48,81.98
Mexico City,2024,ZHO,49,81.834
Mexico City,2024,ZHO,50,81.689
Mexico City,2024,ZHO,51,81.776
Mexico City,2024,ZHO,52,81.772
Mexico City,2024,ZHO,53,81.78
Mexico City,2024,ZHO,54,81.786
Mexico City,2024,ZHO,55,81.713
Mexico City,2024,ZHO,56,81.586
Mexico City,2024,ZHO,57,81.553
Mexico City,2024,ZHO,58,81.864
Mexico City,2024,ZHO,59,84.671
Mexico City,2024,ZHO,60,82.216
Mexico City,2024,ZHO,61,82.413
Mexico City,2024,ZHO,62,82.442
Mexico City,2024,ZHO,63,82.319
Mexico City,2024,ZHO,64,81.82
Mexico City,2024,ZHO,65,81.962
Mexico City,2024,ZHO,66,81.935
Spain,2024,OCO,19,80.571
Spain,2024,OCO,20,81.026
Spain,2024,OCO,21,80.662
Spain,2024,OCO,22,80.768
Spain,2024,OCO,23,80.734
Spain,2024,OCO,24,80.949
Spain,2024,OCO,25,80.57
Spain,2024,OCO,26,81.357
Spain,2024,OCO,27,81.033
Spain,2024,OCO,28,81.269
Spain,2024,OCO,29,81.644
Spain,2024,OCO,30,82.216
Spain,2024,OCO,31,83.348
Spain,2024,OCO,32,81.776
Spain,2024,OCO,33,81.194
Spain,2024,OCO,34,81.433
Spain,2024,OCO,35,81.479
Spain,2024,OCO,36,81.702
Spain,2024,OCO,39,81.423
Spain,2024,OCO,40,81.476
Spain,2024,OCO,41,79.592
Spain,2024,OCO,42,79.889
Spain,2024,OCO,43,79.705
Spain,2024,OCO,44,79.626
Spain,2024,OCO,45,79.81
Spain,2024,OCO,46,79.706
Spain,2024,OCO,47,79.525
Spain,2024,OCO,48,79.802
Spain,2024,OCO,49,79.468
Spain,2024,OCO,50,79.614
Spain,2024,OCO,51,79.601
Spain,2024,OCO,52,80.01
Spain,2024,OCO,53,79.321
Spain,2024,OCO,54,79.061
Spain,2024,OCO,55,78.982
Spain,2024,OCO,56,79.284
Spain,2024,OCO,57,79.26
Spain,2024,OCO,58,79.324
Spain,2024,OCO,59,79.564
Spain,2024,OCO,60,79.796
Spain,2024,OCO,61,79.896
Spain,2024,OCO,62,80.041
Singapore,2024,PER,17,99.204
Singapore,2024,PER,18,99.431
Singapore,2024,PER,19,99.343
Singapore,2024,PER,20,99.479
Singapore,2024,PER,21,99.013
Singapore,2024,PER,22,99.166
Singapore,2024,PER,23,99.435
Singapore,2024,PER,24,99.432
Singapore,2024,PER,25,99.672
Singapore,2024,PER,26,99.784
Singapore,2024,PER,27,100.035
Singapore,2024,PER,30,99.713
Singapore,2024,PER,31,99.589
Singapore,2024,PER,32,98.404
Singapore,2024,PER,33,98.407
Singapore,2024,PER,34,97.477
Singapore,2024,PER,35,97.992
Singapore,2024,PER,36,97.858
Singapore,2024,PER,37,98.556
Singapore,2024,PER,38,98.175
Singapore,2024,PER,39,98.133
Singapore,2024,PER,40,97.84
Singapore,2024,PER,41,97.878
Singapore,2024,PER,42,97.821
Singapore,2024,PER,43,97.649
Singapore,2024,PER,44,97.672
Singapore,2024,PER,45,97.783
Singapore,2024,PER,46,97.6
Singapore,2024,PER,47,97.959
Singapore,2024,PER,48,97.754
Singapore,2024,PER,49,97.981
Singapore,2024,PER,50,98.074
Singapore,2024,PER,51,98.722
Singapore,2024,PER,52,98.057
Singapore,2024,PER,53,98.236
Singapore,2024,PER,54,98.121
Singapore,2024,PER,55,98.018
Singapore,2024,PER,56,98.499
Singapore,2024,PER,57,99.127
Qatar,2025,SAI,21,86.975
Qatar,2025,SAI,22,86.693
Qatar,2025,SAI,23,86.647
Qatar,2025,SAI,24,86.646
Qatar,2025,SAI,25,86.65
Qatar,2025,SAI,26,86.699
Qatar,2025,SAI,27,86.776
Qatar,2025,SAI,28,86.56
Qatar,2025,SAI,29,86.195
Qatar,2025,SAI,30,86.418
Qatar,2025,SAI,31,86.262
Qatar,2025,SAI,34,86.165
Qatar,2025,SAI,35,85.267
Qatar,2025,SAI,36,85.167
Qatar,2025,SAI,37,84.732
Qatar,2025,SAI,38,84.913
Qatar,2025,SAI,39,84.854
Qatar,2025,SAI,40,84.794
Qatar,2025,SAI,41,84.597
Qatar,2025,SAI,42,84.561
Qatar,2025,SAI,43,84.648
Qatar,2025,SAI,44,84.726
Qatar,2025,SAI,45,84.306
Qatar,2025,SAI,46,84.52
Qatar,2025,SAI,47,84.273
Qatar,2025,SAI,48,84.182
Qatar,2025,SAI,49,83.859
Qatar,2025,SAI,50,83.935
Qatar,2025,SAI,51,84.485
Qatar,2025,SAI,52,84.526
Qatar,2025,SAI,53,84.502
Qatar,2024,GAS,21,86.369
Qatar,2024,GAS,22,86.946
Qatar,2024,GAS,23,86.453
Qatar,2024,GAS,24,86.298
Qatar,2024,GAS,25,86.235
Qatar,2024,GAS,26,86.174
Qatar,2024,GAS,27,86.12
Qatar,2024,GAS,28,85.969
Qatar,2024,GAS,30,85.533
Qatar,2024,GAS,31,85.344
Qatar,2024,GAS,32,85.335
Qatar,2024,GAS,33,85.331
Qatar,2024,GAS,34,85.122
Qatar,2024,GAS,43,85.622
Qatar,2024,GAS,44,87.285
Qatar,2024,GAS,45,85.421
Qatar,2024,GAS,46,84.508
Qatar,2024,GAS,47,84.238
Qatar,2024,GAS,48,84.097
Qatar,2024,GAS,49,84.156
Qatar,2024,GAS,50,83.942
Qatar,2024,GAS,51,83.866
Qatar,2024,GAS,52,83.904
Qatar,2024,GAS,53,84.057
Italy,2025,LEC,17,83.595
Italy,2025,LEC,18,83.67
Italy,2025,LEC,19,83.449
Italy,2025,LEC,20,83.491
Italy,2025,LEC,21,83.49
Italy,2025,LEC,22,83.494
Italy,2025,LEC,23,83.313
Italy,2025,LEC,24,83.152
Italy,2025,LEC,25,83.263
Italy,2025,LEC,26,83.111
Italy,2025,LEC,27,83.374
Italy,2025,LEC,28,82.98
Italy,2025,LEC,29,83.093
Italy,2025,LEC,30,82.736
Italy,2025,LEC,31,82.972
Italy,2025,LEC,32,82.857
Italy,2025,LEC,35,82.975
Italy,2025,LEC,36,82.17
Italy,2025,LEC,37,82.361
Italy,2025,LEC,38,82.374
Italy,2025,LEC,39,82.125
Italy,2025,LEC,41,82.431
Italy,2025,LEC,42,82.272
Italy,2025,LEC,43,82.035
Italy,2025,LEC,44,81.818
Italy,2025,LEC,45,81.738
Italy,2025,LEC,46,81.673
Italy,2025,LEC,47,81.975
Italy,2025,LEC,48,81.846
Italy,2025,LEC,49,81.586
China,2025,BEA,20,98.925
China,2025,BEA,21,98.391
China,2025,BEA,22,98.787
China,2025,BEA,23,98.371
China,2025,BEA,24,98.873
China,2025,BEA,25,98.762
China,2025,BEA,28,98.933
China,2025,BEA,29,96.89
China,2025,BEA,30,96.976
China,2025,BEA,31,97.339
China,2025,BEA,32,97.426
China,2025,BEA,33,97.387
China,2025,BEA,34,97.496
China,2025,BEA,35,97.008
China,2025,BEA,36,97.797
China,2025,BEA,37,96.792
China,2025,BEA,38,96.64
China,2025,BEA,39,97.281
China,2025,BEA,40,98.133
China,2025,BEA,41,96.691
China,2025,BEA,42,96.582
China,2025,BEA,43,96.386
China,2025,BEA,44,96.543
China,2025,BEA,45,96.621
China,2025,BEA,46,96.726
China,2025,BEA,47,96.553
China,2025,BEA,48,96.642
China,2025,BEA,49,96.836
China,2025,BEA,50,96.813
China,2025,BEA,51,96.739
China,2025,BEA,52,96.504
Singapore,2025,RUS,18,96.973
Singapore,2025,RUS,19,97.039
Singapore,2025,RUS,20,96.916
Singapore,2025,RUS,21,97.259
Singapore,2025,RUS,22,97.109
Singapore,2025,RUS,23,97.226
Singapore,2025,RUS,24,97.158
Singapore,2025,RUS,27,97.199
Singapore,2025,RUS,28,95.676
Singapore,2025,RUS,29,95.843
Singapore,2025,RUS,30,95.795
Singapore,2025,RUS,31,96.027
Singapore,2025,RUS,32,95.912
Singapore,2025,RUS,33,95.836
Singapore,2025,RUS,34,96.123
Singapore,2025,RUS,35,95.904
Singapore,2025,RUS,36,95.879
Singapore,2025,RUS,37,95.91
Singapore,2025,RUS,38,96.119
Singapore,2025,RUS,39,96.189
Singapore,2025,RUS,40,96.248
Singapore,2025,RUS,41,96.357
Singapore,2025,RUS,42,96.128
Singapore,2025,RUS,43,97.0
Singapore,2025,RUS,44,97.065
Singapore,2025,RUS,46,97.89
Singapore,2025,RUS,47,97.026
Singapore,2025,RUS,48,96.761
Singapore,2025,RUS,49,96.183
Singapore,2025,RUS,50,96.077
Singapore,2025,RUS,51,96.223
Singapore,2025,RUS,52,97.317
Singapore,2025,RUS,53,97.388
Singapore,2025,RUS,54,96.261
Singapore,2025,RUS,55,96.254
Singapore,2025,RUS,56,96.153
Singapore,2025,RUS,57,96.333
Singapore,2025,RUS,58,96.133
Austria,2025,HAM,19,71.052
Austria,2025,HAM,20,70.811
Austria,2025,HAM,21,70.942
Austria,2025,HAM,22,71.728
Austria,2025,HAM,23,71.07
Austria,2025,HAM,24,71.377
Austria,2025,HAM,25,71.132
Austria,2025,HAM,28,71.588
Austria,2025,HAM,29,70.23
Austria,2025,HAM,31,70.653
Austria,2025,HAM,32,69.979
Austria,2025,HAM,33,69.933
Austria,2025,HAM,34,69.864
Austria,2025,HAM,35,69.769
Austria,2025,HAM,36,69.961
Austria,2025,HAM,37,69.425
Austria,2025,HAM,38,69.665
Austria,2025,HAM,39,69.319
Austria,2025,HAM,40,70.055
Austria,2025,HAM,41,69.641
Austria,2025,HAM,42,70.106
Austria,2025,HAM,43,70.087
Austria,2025,HAM,44,69.923
Austria,2025,HAM,45,70.173
Austria,2025,HAM,46,70.61
Austria,2025,HAM,47,70.346
Austria,2025,HAM,48,70.282
Austria,2025,HAM,49,71.777
Austria,2025,HAM,52,70.432
Austria,2025,HAM,53,69.115
Austria,2025,HAM,54,68.628
Austria,2025,HAM,55,68.979
Austria,2025,HAM,56,68.757
Austria,2025,HAM,57,68.989
Austria,2025,HAM,58,68.938
Austria,2025,HAM,59,68.669
Austria,2025,HAM,60,69.31
Austria,2025,HAM,61,69.324
Austria,2025,HAM,62,69.266
Austria,2025,HAM,63,69.287
Austria,2025,HAM,64,69.242
Austria,2025,HAM,65,69.088
Austria,2025,HAM,66,69.447
Azerbaijan,2025,LEC,25,105.411
Azerbaijan,2025,LEC,26,105.605
Azerbaijan,2025,LEC,27,105.699
Azerbaijan,2025,LEC,28,105.032
Azerbaijan,2025,LEC,29,106.303
Azerbaijan,2025,LEC,30,105.653
Azerbaijan,2025,LEC,31,105.465
Azerbaijan,2025,LEC,32,105.36
Azerbaijan,2025,LEC,33,105.498
Azerbaijan,2025,LEC,34,105.61
Azerbaijan,2025,LEC,35,105.343
Azerbaijan,2025,LEC,36,105.28
Azerbaijan,2025,LEC,37,105.438
Azerbaijan,2025,LEC,38,104.704
Azerbaijan,2025,LEC,39,105.177
Azerbaijan,2025,LEC,40,106.567
Azerbaijan,2025,LEC,41,105.426
Azerbaijan,2025,LEC,42,106.161
Azerbaijan,2025,LEC,43,105.0
Azerbaijan,2025,LEC,44,106.73
Azerbaijan,2025,LEC,45,104.8
Azerbaijan,2025,LEC,46,104.631
Azerbaijan,2025,LEC,47,104.732
Saudi Arabia,2024,OCO,21,95.02
Saudi Arabia,2024,OCO,22,94.925
Saudi Arabia,2024,OCO,23,95.218
Saudi Arabia,2024,OCO,24,96.216
Saudi Arabia,2024,OCO,25,96.124
Saudi Arabia,2024,OCO,26,96.373
Saudi Arabia,2024,OCO,27,96.331
Saudi Arabia,2024,OCO,28,96.399
Saudi Arabia,2024,OCO,29,95.884
Saudi Arabia,2024,OCO,30,95.305
Saudi Arabia,2024,OCO,31,96.117
Saudi Arabia,2024,OCO,32,95.912
Saudi Arabia,2024,OCO,33,95.709
Saudi Arabia,2024,OCO,34,95.753
Saudi Arabia,2024,OCO,35,94.087
Saudi Arabia,2024,OCO,36,94.061
Saudi Arabia,2024,OCO,37,93.799
Saudi Arabia,2024,OCO,38,93.81
Saudi Arabia,2024,OCO,39,93.845
Saudi Arabia,2024,OCO,40,94.047
Saudi Arabia,2024,OCO,41,93.716
Saudi Arabia,2024,OCO,42,93.711
Saudi Arabia,2024,OCO,43,93.633
Saudi Arabia,2024,OCO,44,94.59
Saudi Arabia,2024,OCO,45,93.871
Emilia Romagna,2024,ZHO,17,82.789
Emilia Romagna,2024,ZHO,18,83.033
Emilia Romagna,2024,ZHO,19,83.106
Emilia Romagna,2024,ZHO,20,83.179
Emilia Romagna,2024,ZHO,21,83.207
Emilia Romagna,2024,ZHO,22,83.217
Emilia Romagna,2024,ZHO,23,83.261
Emilia Romagna,2024,ZHO,24,83.02
Emilia Romagna,2024,ZHO,25,83.021
Emilia Romagna,2024,ZHO,26,83.36
Emilia Romagna,2024,ZHO,27,83.041
Emilia Romagna,2024,ZHO,28,82.929
Emilia Romagna,2024,ZHO,29,82.921
Emilia Romagna,2024,ZHO,30,83.118
Emilia Romagna,2024,ZHO,31,83.117
Emilia Romagna,2024,ZHO,32,83.326
Emilia Romagna,2024,ZHO,35,83.806
Emilia Romagna,2024,ZHO,36,81.317
Emilia Romagna,2024,ZHO,37,83.077
Emilia Romagna,2024,ZHO,38,81.016
Emilia Romagna,2024,ZHO,39,81.549
Emilia Romagna,2024,ZHO,40,81.58
Emilia Romagna,2024,ZHO,41,81.914
Emilia Romagna,2024,ZHO,42,81.383
Emilia Romagna,2024,ZHO,43,82.007
Emilia Romagna,2024,ZHO,44,83.86
Emilia Romagna,2024,ZHO,45,81.23
Emilia Romagna,2024,ZHO,46,81.651
Emilia Romagna,2024,ZHO,47,81.675
Emilia Romagna,2024,ZHO,48,81.817
Emilia Romagna,2024,ZHO,49,84.342
Emilia Romagna,2024,ZHO,50,81.934
Emilia Romagna,2024,ZHO,51,82.488
Emilia Romagna,2024,ZHO,52,84.214
Emilia Romagna,2024,ZHO,53,82.64
Emilia Romagna,2024,ZHO,54,82.802
Emilia Romagna,2024,ZHO,55,84.084
Emilia Romagna,2024,ZHO,56,82.694
Emilia Romagna,2024,ZHO,57,82.942
Emilia Romagna,2024,ZHO,58,83.906
Canada,2025,ALO,19,77.229
Canada,2025,ALO,20,77.07
Canada,2025,ALO,21,77.714
Canada,2025,ALO,22,77.765
Canada,2025,ALO,23,77.288
Canada,2025,ALO,24,76.792
Canada,2025,ALO,25,77.132
Canada,2025,ALO,26,76.688
Canada,2025,ALO,27,76.653
Canada,2025,ALO,28,76.949
Canada,2025,ALO,29,77.163
Canada,2025,ALO,30,77.482
Canada,2025,ALO,31,76.48
Canada,2025,ALO,32,76.486
Canada,2025,ALO,33,76.499
Canada,2025,ALO,34,77.149
Canada,2025,ALO,35,77.092
Canada,2025,ALO,36,76.58
Canada,2025,ALO,37,76.433
Canada,2025,ALO,38,76.791
Canada,2025,ALO,39,76.679
Canada,2025,ALO,40,76.365
Canada,2025,ALO,41,76.344
Canada,2025,ALO,42,76.195
Canada,2025,ALO,43,75.931
Canada,2025,ALO,44,76.007
Canada,2025,ALO,45,76.141
Canada,2025,ALO,46,76.119
Canada,2025,ALO,47,76.365
Canada,2025,ALO,49,76.946
Canada,2025,ALO,52,76.958
Canada,2025,ALO,53,75.621
Canada,2025,ALO,54,75.071
Canada,2025,ALO,55,75.176
Canada,2025,ALO,56,75.407
Canada,2025,ALO,57,75.88
Canada,2025,ALO,58,75.275
Canada,2025,ALO,59,75.024
Canada,2025,ALO,60,75.694
Canada,2025,ALO,61,76.197
Abu Dhabi,2025,BOR,19,90.116
Abu Dhabi,2025,BOR,20,90.036
Abu Dhabi,2025,BOR,21,90.128
Abu Dhabi,2025,BOR,22,90.056
Abu Dhabi,2025,BOR,23,90.34
Abu Dhabi,2025,BOR,24,89.997
Abu Dhabi,2025,BOR,25,90.145
Abu Dhabi,2025,BOR,26,90.091
Abu Dhabi,2025,BOR,27,89.933
Abu Dhabi,2025,BOR,28,90.479
Abu Dhabi,2025,BOR,29,90.695
Abu Dhabi,2025,BOR,30,90.312
Abu Dhabi,2025,BOR,31,89.833
Abu Dhabi,2025,BOR,32,89.981
Abu Dhabi,2025,BOR,33,89.829
Abu Dhabi,2025,BOR,34,89.954
Abu Dhabi,2025,BOR,35,89.862
Abu Dhabi,2025,BOR,36,89.708
Abu Dhabi,2025,BOR,37,89.735
Abu Dhabi,2025,BOR,38,90.367
Abu Dhabi,2025,BOR,39,91.005
Abu Dhabi,2025,BOR,40,90.115
Abu Dhabi,2025,BOR,41,90.021
Abu Dhabi,2025,BOR,42,91.051
Abu Dhabi,2025,BOR,43,89.836
Abu Dhabi,2025,BOR,44,90.299
Abu Dhabi,2025,BOR,45,89.654
Abu Dhabi,2025,BOR,46,89.363
Abu Dhabi,2025,BOR,47,89.386
Abu Dhabi,2025,BOR,48,89.114
Abu Dhabi,2025,BOR,49,89.371
Abu Dhabi,2025,BOR,50,89.459
Abu Dhabi,2025,BOR,51,89.145
Abu Dhabi,2025,BOR,52,89.253
Abu Dhabi,2025,BOR,53,89.229
Abu Dhabi,2025,BOR,54,89.609
Belgium,2024,HAM,20,108.04
Belgium,2024,HAM,21,108.237
Belgium,2024,HAM,22,108.396
Belgium,2024,HAM,23,108.368
Belgium,2024,HAM,24,108.338
Belgium,2024,HAM,25,108.028
Belgium,2024,HAM,28,107.845
Belgium,2024,HAM,29,107.396
Belgium,2024,HAM,30,107.429
Belgium,2024,HAM,31,107.031
Belgium,2024,HAM,32,107.182
Belgium,2024,HAM,33,107.003
Belgium,2024,HAM,34,106.653
Belgium,2024,HAM,35,106.856
Belgium,2024,HAM,36,106.729
Belgium,2024,HAM,37,106.931
Belgium,2024,HAM,38,107.042
Belgium,2024,HAM,39,106.747
Belgium,2024,HAM,40,107.054
Las Vegas,2024,RUS,19,97.964
Las Vegas,2024,RUS,20,98.003
Las Vegas,2024,RUS,21,97.733
Las Vegas,2024,RUS,22,97.359
Las Vegas,2024,RUS,23,97.556
Las Vegas,2024,RUS,24,97.73
Las Vegas,2024,RUS,25,97.576
Las Vegas,2024,RUS,26,97.724
Las Vegas,2024,RUS,27,97.467
Las Vegas,2024,RUS,28,97.609
Las Vegas,2024,RUS,29,97.896
Las Vegas,2024,RUS,30,97.556
Las Vegas,2024,RUS,31,97.544
Las Vegas,2024,RUS,34,97.801
Las Vegas,2024,RUS,35,97.621
Las Vegas,2024,RUS,36,97.246
Las Vegas,2024,RUS,37,97.021
Las Vegas,2024,RUS,38,96.844
Las Vegas,2024,RUS,39,96.407
Las Vegas,2024,RUS,40,96.275
Las Vegas,2024,RUS,41,96.358
Las Vegas,2024,RUS,42,96.559
Las Vegas,2024,RUS,43,96.344
Las Vegas,2024,RUS,44,95.951
Las Vegas,2024,RUS,45,95.946
Las Vegas,2024,RUS,46,96.057
Canada,2025,VER,19,76.005
Canada,2025,VER,20,75.787
Canada,2025,VER,21,75.769
Canada,2025,VER,22,75.715
Canada,2025,VER,23,75.716
Canada,2025,VER,24,75.824
Canada,2025,VER,25,75.774
Canada,2025,VER,26,75.738
Canada,2025,VER,27,75.715
Canada,2025,VER,28,75.464
Canada,2025,VER,29,76.168
Canada,2025,VER,30,76.065
Canada,2025,VER,31,76.033
Canada,2025,VER,32,75.825
Canada,2025,VER,33,75.845
Canada,2025,VER,34,76.187
Canada,2025,VER,35,76.052
Canada,2025,VER,36,76.223
Canada,2025,VER,39,76.123
Canada,2025,VER,40,75.243
Canada,2025,VER,41,75.451
Canada,2025,VER,42,75.291
Canada,2025,VER,43,75.347
Canada,2025,VER,44,75.077
Canada,2025,VER,45,75.399
Canada,2025,VER,46,75.05
Canada,2025,VER,47,75.21
Canada,2025,VER,50,75.339
Canada,2025,VER,51,75.025
Canada,2025,VER,52,75.043
Canada,2025,VER,53,75.113
Canada,2025,VER,54,75.119
Canada,2025,VER,55,74.878
Canada,2025,VER,56,74.747
Canada,2025,VER,57,74.432
Canada,2025,VER,58,74.557
Canada,2025,VER,59,74.953
Canada,2025,VER,60,74.734
Canada,2025,VER,61,74.686
Canada,2025,VER,62,74.491
Saudi Arabia,2025,HAD,19,95.052
Saudi Arabia,2025,HAD,20,95.409
Saudi Arabia,2025,HAD,21,95.561
Saudi Arabia,2025,HAD,22,96.445
Saudi Arabia,2025,HAD,23,96.137
Saudi Arabia,2025,HAD,24,94.873
Saudi Arabia,2025,HAD,25,94.396
Saudi Arabia,2025,HAD,26,94.092
Saudi Arabia,2025,HAD,27,94.097
Saudi Arabia,2025,HAD,28,94.134
Saudi Arabia,2025,HAD,29,94.231
Saudi Arabia,2025,HAD,30,94.398
Saudi Arabia,2025,HAD,31,95.998
Saudi Arabia,2025,HAD,32,95.421
Saudi Arabia,2025,HAD,33,94.621
Saudi Arabia,2025,HAD,36,94.595
Saudi Arabia,2025,HAD,37,93.512
Saudi Arabia,2025,HAD,38,93.341
Saudi Arabia,2025,HAD,39,93.762
Saudi Arabia,2025,HAD,40,93.257
Saudi Arabia,2025,HAD,41,93.522
Saudi Arabia,2025,HAD,42,93.933
Saudi Arabia,2025,HAD,43,93.892
Saudi Arabia,2025,HAD,44,94.173
Saudi Arabia,2025,HAD,45,93.859
Saudi Arabia,2025,HAD,46,93.407
Japan,2024,PIA,21,96.984
Japan,2024,PIA,22,97.416
Japan,2024,PIA,23,98.625
Japan,2024,PIA,24,98.919
Japan,2024,PIA,25,97.175
Japan,2024,PIA,26,97.776
Japan,2024,PIA,27,97.364
Japan,2024,PIA,28,97.389
Japan,2024,PIA,29,97.438
Japan,2024,PIA,30,97.771
Japan,2024,PIA,31,97.946
Japan,2024,PIA,34,97.845
Japan,2024,PIA,35,95.255
Japan,2024,PIA,36,94.802
Japan,2024,PIA,37,95.128
Japan,2024,PIA,38,95.4
Japan,2024,PIA,39,95.267
Japan,2024,PIA,40,96.036
Japan,2024,PIA,41,95.888
Japan,2024,PIA,43,95.545
Japan,2024,PIA,44,95.841
Japan,2024,PIA,45,95.539
Japan,2024,PIA,46,95.648
Japan,2024,PIA,47,95.755
Japan,2024,PIA,48,95.891
Japan,2024,PIA,49,95.898
Qatar,2025,PIA,21,85.806
Qatar,2025,PIA,22,85.958
Qatar,2025,PIA,23,85.87
Qatar,2025,PIA,26,85.857
Qatar,2025,PIA,27,84.945
Qatar,2025,PIA,28,84.951
Qatar,2025,PIA,29,85.269
Qatar,2025,PIA,30,85.696
Qatar,2025,PIA,31,85.56
Qatar,2025,PIA,32,85.537
Qatar,2025,PIA,33,86.062
Qatar,2025,PIA,34,84.143
Qatar,2025,PIA,35,84.497
Qatar,2025,PIA,36,84.33
Qatar,2025,PIA,37,84.544
Qatar,2025,PIA,38,84.574
Qatar,2025,PIA,39,84.566
Qatar,2025,PIA,40,84.44
Qatar,2025,PIA,41,84.777
Qatar,2025,PIA,44,84.786
Qatar,2025,PIA,45,82.996
Qatar,2025,PIA,46,83.324
Qatar,2025,PIA,47,83.333
Qatar,2025,PIA,48,83.411
Qatar,2025,PIA,49,83.062
Qatar,2025,PIA,50,83.172
Qatar,2025,PIA,51,83.248
Qatar,2025,PIA,52,83.833
Qatar,2025,PIA,53,83.9
Saudi Arabia,2025,SAI,19,95.192
Saudi Arabia,2025,SAI,20,95.33
Saudi Arabia,2025,SAI,23,95.533
Saudi Arabia,2025,SAI,24,94.455
Saudi Arabia,2025,SAI,25,94.641
Saudi Arabia,2025,SAI,26,93.923
Saudi Arabia,2025,SAI,27,94.632
Saudi Arabia,2025,SAI,28,94.953
Saudi Arabia,2025,SAI,29,94.658
Saudi Arabia,2025,SAI,30,94.179
Saudi Arabia,2025,SAI,31,94.313
Saudi Arabia,2025,SAI,32,94.338
Saudi Arabia,2025,SAI,33,93.728
Saudi Arabia,2025,SAI,34,93.613
Saudi Arabia,2025,SAI,35,93.969
Saudi Arabia,2025,SAI,36,93.908
Saudi Arabia,2025,SAI,37,93.96
Saudi Arabia,2025,SAI,38,94.269
Saudi Arabia,2025,SAI,39,94.131
Saudi Arabia,2025,SAI,40,94.793
Saudi Arabia,2025,SAI,41,93.864
Saudi Arabia,2025,SAI,42,94.018
Saudi Arabia,2025,SAI,43,93.905
Saudi Arabia,2025,SAI,44,93.933
Saudi Arabia,2025,SAI,45,93.668
Saudi Arabia,2025,SAI,46,93.804
Saudi Arabia,2024,PER,20,93.545
Saudi Arabia,2024,PER,21,93.377
Saudi Arabia,2024,PER,22,93.132
Saudi Arabia,2024,PER,23,93.064
Saudi Arabia,2024,PER,24,92.97
Saudi Arabia,2024,PER,25,92.795
Saudi Arabia,2024,PER,26,93.029
Saudi Arabia,2024,PER,27,92.75
Saudi Arabia,2024,PER,28,92.734
Saudi Arabia,2024,PER,29,92.968
Saudi Arabia,2024,PER,30,92.671
Saudi Arabia,2024,PER,31,92.782
Saudi Arabia,2024,PER,32,92.825
Saudi Arabia,2024,PER,33,92.506
Saudi Arabia,2024,PER,34,92.564
Saudi Arabia,2024,PER,35,92.631
Saudi Arabia,2024,PER,36,92.418
Saudi Arabia,2024,PER,37,92.363
Saudi Arabia,2024,PER,38,92.273
Saudi Arabia,2024,PER,39,92.711
Saudi Arabia,2024,PER,40,92.35
Saudi Arabia,2024,PER,41,92.72
Saudi Arabia,2024,PER,42,92.48
Saudi Arabia,2024,PER,43,92.433
Saudi Arabia,2024,PER,44,92.392
Saudi Arabia,2024,PER,45,92.441
Saudi Arabia,2024,PER,46,92.562
Miami,2024,STR,19,93.861
Miami,2024,STR,20,93.635
Miami,2024,STR,21,93.816
Miami,2024,STR,24,93.727
Miami,2024,STR,25,93.838
Miami,2024,STR,26,93.711
Miami,2024,STR,27,93.698
Miami,2024,STR,33,93.861
Miami,2024,STR,34,93.033
Miami,2024,STR,35,93.559
Miami,2024,STR,36,92.95
Miami,2024,STR,37,93.354
Miami,2024,STR,38,93.145
Miami,2024,STR,39,92.789
Miami,2024,STR,40,92.919
Miami,2024,STR,41,94.389
Miami,2024,STR,42,92.16
Miami,2024,STR,43,92.584
Miami,2024,STR,44,92.958
Miami,2024,STR,45,92.524
Miami,2024,STR,46,92.836
Miami,2024,STR,47,92.451
Miami,2024,STR,48,92.442
Miami,2024,STR,49,92.935
Miami,2024,STR,50,92.342
Miami,2024,STR,51,91.991
Miami,2024,STR,52,93.951
Miami,2024,STR,53,93.206
Saudi Arabia,2024,BEA,21,94.828
Saudi Arabia,2024,BEA,22,94.368
Saudi Arabia,2024,BEA,23,94.559
Saudi Arabia,2024,BEA,24,94.128
Saudi Arabia,2024,BEA,25,93.966
Saudi Arabia,2024,BEA,26,93.924
Saudi Arabia,2024,BEA,27,93.788
Saudi Arabia,2024,BEA,28,93.808
Saudi Arabia,2024,BEA,29,93.639
Saudi Arabia,2024,BEA,30,93.379
Saudi Arabia,2024,BEA,31,93.771
Saudi Arabia,2024,BEA,32,93.446
Saudi Arabia,2024,BEA,33,93.086
Saudi Arabia,2024,BEA,34,93.551
Saudi Arabia,2024,BEA,35,93.256
Saudi Arabia,2024,BEA,36,93.266
Saudi Arabia,2024,BEA,37,93.053
Saudi Arabia,2024,BEA,38,93.052
Saudi Arabia,2024,BEA,39,92.708
Saudi Arabia,2024,BEA,40,92.756
Saudi Arabia,2024,BEA,41,92.607
Saudi Arabia,2024,BEA,42,92.691
Saudi Arabia,2024,BEA,43,92.656
Saudi Arabia,2024,BEA,44,92.672
Saudi Arabia,2024,BEA,45,92.322
Saudi Arabia,2024,BEA,46,92.613
Las Vegas,2025,LAW,21,96.713
Las Vegas,2025,LAW,22,96.846
Las Vegas,2025,LAW,23,97.048
Las Vegas,2025,LAW,24,96.997
Las Vegas,2025,LAW,25,97.142
Las Vegas,2025,LAW,26,97.086
Las Vegas,2025,LAW,27,96.931
Las Vegas,2025,LAW,30,97.613
Las Vegas,2025,LAW,31,96.278
Las Vegas,2025,LAW,32,95.838
Las Vegas,2025,LAW,33,95.658
Las Vegas,2025,LAW,34,95.535
Las Vegas,2025,LAW,35,95.651
Las Vegas,2025,LAW,36,95.788
Las Vegas,2025,LAW,37,95.526
Las Vegas,2025,LAW,38,95.868
Las Vegas,2025,LAW,39,95.855
Las Vegas,2025,LAW,40,95.97
Las Vegas,2025,LAW,41,96.42
Las Vegas,2025,LAW,42,95.824
Las Vegas,2025,LAW,43,95.695
Las Vegas,2025,LAW,44,95.644
Las Vegas,2025,LAW,45,95.458
Italy,2025,ALB,17,84.499
Italy,2025,ALB,18,84.422
Italy,2025,ALB,19,84.738
Italy,2025,ALB,20,84.251
Italy,2025,ALB,21,84.239
Italy,2025,ALB,22,83.815
Italy,2025,ALB,23,83.738
Italy,2025,ALB,24,83.781
Italy,2025,ALB,25,83.867
Italy,2025,ALB,26,83.726
Italy,2025,ALB,27,83.246
Italy,2025,ALB,28,83.723
Italy,2025,ALB,29,83.349
Italy,2025,ALB,30,83.229
Italy,2025,ALB,31,83.129
Italy,2025,ALB,32,83.005
Italy,2025,ALB,33,83.149
Italy,2025,ALB,34,82.995
Italy,2025,ALB,35,82.906
Italy,2025,ALB,36,82.497
Italy,2025,ALB,37,82.609
Italy,2025,ALB,38,82.729
Italy,2025,ALB,39,82.658
Italy,2025,ALB,43,82.673
Italy,2025,ALB,44,81.899
Italy,2025,ALB,45,82.126
Italy,2025,ALB,46,82.034
Italy,2025,ALB,47,81.745
Italy,2025,ALB,48,81.63
Italy,2025,ALB,49,81.96
Italy,2024,RIC,19,85.062
Italy,2024,RIC,20,84.897
Italy,2024,RIC,21,84.753
Italy,2024,RIC,22,84.991
Italy,2024,RIC,23,85.08
Italy,2024,RIC,24,84.848
Italy,2024,RIC,25,84.931
Italy,2024,RIC,26,85.047
Italy,2024,RIC,27,84.906
Italy,2024,RIC,28,85.595
Italy,2024,RIC,29,85.38
Italy,2024,RIC,30,84.835
Italy,2024,RIC,31,84.97
Italy,2024,RIC,32,84.875
Italy,2024,RIC,33,84.69
Italy,2024,RIC,34,84.662
Italy,2024,RIC,35,84.777
Italy,2024,RIC,36,85.588
Italy,2024,RIC,37,85.081
Italy,2024,RIC,38,85.095
Italy,2024,RIC,39,85.288
Italy,2024,RIC,40,85.033
Italy,2024,RIC,41,85.025
Italy,2024,RIC,42,84.945
Italy,2024,RIC,43,84.954
Italy,2024,RIC,44,85.179
Italy,2024,RIC,45,84.776
Italy,2024,RIC,46,85.063
Italy,2024,RIC,47,85.685
Italy,2024,RIC,48,84.775
Italy,2024,RIC,49,84.518
Canada,2025,STR,17,78.285
Canada,2025,STR,18,77.896
Canada,2025,STR,19,77.968
Canada,2025,STR,20,77.828
Canada,2025,STR,21,77.933
Canada,2025,STR,22,79.329
Canada,2025,STR,23,77.955
Canada,2025,STR,26,78.552
Canada,2025,STR,27,76.577
Canada,2025,STR,28,76.717
Canada,2025,STR,29,76.329
Canada,2025,STR,30,76.653
Canada,2025,STR,31,76.514
Canada,2025,STR,32,76.319
Canada,2025,STR,33,76.36
Canada,2025,STR,34,76.338
Canada,2025,STR,35,76.274
Canada,2025,STR,36,76.217
Canada,2025,STR,37,76.39
Canada,2025,STR,38,76.428
Canada,2025,STR,39,78.042
Canada,2025,STR,40,77.22
Canada,2025,STR,41,76.962
Canada,2025,STR,42,76.765
Canada,2025,STR,43,77.432
Canada,2025,STR,44,77.336
Canada,2025,STR,45,77.512
Canada,2025,STR,46,76.881
Canada,2025,STR,47,77.704
Canada,2025,STR,49,77.613
Canada,2025,STR,50,76.591
Canada,2025,STR,53,76.496
Canada,2025,STR,54,75.244
Canada,2025,STR,55,75.298
Canada,2025,STR,56,74.943
Canada,2025,STR,57,74.912
Canada,2025,STR,58,74.902
Canada,2025,STR,59,75.062
Canada,2025,STR,60,75.025
Canada,2024,TSU,18,88.126
Canada,2024,TSU,19,87.732
Canada,2024,TSU,20,86.668
Canada,2024,TSU,21,87.795
Canada,2024,TSU,22,86.941
Canada,2024,TSU,23,86.823
Canada,2024,TSU,30,86.583
Canada,2024,TSU,31,88.487
Canada,2024,TSU,32,91.035
Canada,2024,TSU,33,91.251
Canada,2024,TSU,34,90.814
Canada,2024,TSU,35,89.198
Canada,2024,TSU,36,88.531
Canada,2024,TSU,37,87.766
Canada,2024,TSU,38,86.869
Canada,2024,TSU,39,87.137
Canada,2024,TSU,40,86.152
Canada,2024,TSU,42,85.706
Canada,2024,TSU,43,84.661
Canada,2024,TSU,46,84.662
Canada,2024,TSU,47,85.271
Canada,2024,TSU,48,84.457
Canada,2024,TSU,50,82.657
Canada,2024,TSU,51,79.986
Canada,2024,TSU,59,79.266
Canada,2024,TSU,60,80.714
Canada,2024,TSU,61,78.976
Canada,2024,TSU,62,80.193
Canada,2024,TSU,63,78.186
Canada,2024,TSU,64,78.027
Canada,2024,TSU,65,77.622
São Paulo,2024,ALO,19,84.035
São Paulo,2024,ALO,20,84.787
São Paulo,2024,ALO,21,83.949
São Paulo,2024,ALO,22,84.09
São Paulo,2024,ALO,23,84.384
São Paulo,2024,ALO,24,84.204
São Paulo,2024,ALO,25,84.27
São Paulo,2024,ALO,29,84.443
São Paulo,2024,ALO,34,105.422
São Paulo,2024,ALO,35,99.529
São Paulo,2024,ALO,37,92.61
São Paulo,2024,ALO,44,88.143
São Paulo,2024,ALO,45,85.846
São Paulo,2024,ALO,46,83.861
São Paulo,2024,ALO,47,85.094
São Paulo,2024,ALO,48,83.697
São Paulo,2024,ALO,49,83.379
São Paulo,2024,ALO,50,83.573
São Paulo,2024,ALO,52,83.712
São Paulo,2024,ALO,53,83.078
São Paulo,2024,ALO,54,83.265
São Paulo,2024,ALO,55,82.791
São Paulo,2024,ALO,56,83.683
São Paulo,2024,ALO,57,84.72
São Paulo,2024,ALO,58,84.175
São Paulo,2024,ALO,59,82.968
São Paulo,2024,ALO,60,82.293
São Paulo,2024,ALO,61,84.826
São Paulo,2024,ALO,62,82.71
São Paulo,2024,ALO,63,83.387
São Paulo,2024,ALO,64,83.931
São Paulo,2024,ALO,65,83.313
Miami,2024,ZHO,17,94.005
Miami,2024,ZHO,18,94.095
Miami,2024,ZHO,19,94.394
Miami,2024,ZHO,20,93.941
Miami,2024,ZHO,21,94.286
Miami,2024,ZHO,24,94.689
Miami,2024,ZHO,25,93.688
Miami,2024,ZHO,26,93.664
Miami,2024,ZHO,27,93.644
Miami,2024,ZHO,33,93.485
Miami,2024,ZHO,34,93.784
Miami,2024,ZHO,35,93.438
Miami,2024,ZHO,36,93.184
Miami,2024,ZHO,37,93.258
Miami,2024,ZHO,38,92.951
Miami,2024,ZHO,39,92.919
Miami,2024,ZHO,40,93.309
Miami,2024,ZHO,41,93.703
Miami,2024,ZHO,42,92.896
Miami,2024,ZHO,43,92.777
Miami,2024,ZHO,44,92.818
Miami,2024,ZHO,45,93.01
Miami,2024,ZHO,46,92.774
Miami,2024,ZHO,47,92.591
Miami,2024,ZHO,48,92.781
Miami,2024,ZHO,49,94.209
Miami,2024,ZHO,50,92.938
Miami,2024,ZHO,51,92.522
Miami,2024,ZHO,52,92.611
Miami,2024,ZHO,53,93.156
Miami,2024,ALB,19,93.692
Miami,2024,ALB,20,93.671
Miami,2024,ALB,21,93.584
Miami,2024,ALB,24,93.607
Miami,2024,ALB,25,93.96
Miami,2024,ALB,26,93.429
Miami,2024,ALB,27,93.474
Miami,2024,ALB,33,93.78
Miami,2024,ALB,34,93.921
Miami,2024,ALB,35,93.497
Miami,2024,ALB,36,92.855
Miami,2024,ALB,37,93.157
Miami,2024,ALB,38,93.054
Miami,2024,ALB,39,92.997
Miami,2024,ALB,40,93.499
Miami,2024,ALB,41,92.765
Miami,2024,ALB,42,93.642
Miami,2024,ALB,43,92.947
Miami,2024,ALB,44,92.681
Miami,2024,ALB,45,92.778
Miami,2024,ALB,46,92.565
Miami,2024,ALB,47,92.801
Miami,2024,ALB,48,92.66
Miami,2024,ALB,49,92.552
Miami,2024,ALB,50,92.646
Miami,2024,ALB,51,92.755
Japan,2025,PIA,17,93.572
Japan,2025,PIA,18,93.667
Japan,2025,PIA,19,93.66
Japan,2025,PIA,22,93.435
Japan,2025,PIA,23,93.844
Japan,2025,PIA,24,93.017
Japan,2025,PIA,25,92.386
Japan,2025,PIA,26,92.399
Japan,2025,PIA,27,92.44
Japan,2025,PIA,28,92.435
Japan,2025,PIA,29,92.142
Japan,2025,PIA,30,92.181
Japan,2025,PIA,31,92.047
Japan,2025,PIA,32,92.001
Japan,2025,PIA,33,91.828
Japan,2025,PIA,34,91.432
Japan,2025,PIA,35,91.681
Japan,2025,PIA,36,91.854
Japan,2025,PIA,37,91.615
Japan,2025,PIA,38,91.616
Japan,2025,PIA,39,91.762
Japan,2025,PIA,40,91.631
Japan,2025,PIA,41,91.475
Japan,2025,PIA,42,91.565
Japan,2025,PIA,43,91.33
Japan,2025,PIA,44,91.42
Japan,2025,PIA,45,91.875
Japan,2025,PIA,46,91.551
Japan,2025,PIA,47,91.284
Japan,2025,PIA,48,91.222
Japan,2025,PIA,49,91.109
Austria,2025,NOR,19,70.789
Austria,2025,NOR,22,71.043
Austria,2025,NOR,23,69.921
Austria,2025,NOR,24,70.012
Austria,2025,NOR,25,69.829
Austria,2025,NOR,26,69.645
Austria,2025,NOR,27,69.62
Austria,2025,NOR,28,69.522
Austria,2025,NOR,29,69.528
Austria,2025,NOR,30,69.494
Austria,2025,NOR,32,69.641
Austria,2025,NOR,33,69.546
Austria,2025,NOR,34,69.602
Austria,2025,NOR,35,69.561
Austria,2025,NOR,36,69.377
Austria,2025,NOR,37,69.309
Austria,2025,NOR,38,69.779
Austria,2025,NOR,39,69.723
Austria,2025,NOR,40,69.955
Austria,2025,NOR,41,70.682
Austria,2025,NOR,42,69.899
Austria,2025,NOR,43,69.808
Austria,2025,NOR,44,69.638
Austria,2025,NOR,45,69.641
Austria,2025,NOR,46,70.044
Austria,2025,NOR,47,69.677
Austria,2025,NOR,48,69.97
Austria,2025,NOR,49,70.073
Austria,2025,NOR,50,70.072
Austria,2025,NOR,51,70.221
Austria,2025,NOR,54,70.292
Austria,2025,NOR,55,68.989
Austria,2025,NOR,56,69.357
Austria,2025,NOR,57,68.527
Austria,2025,NOR,58,68.552
Austria,2025,NOR,59,68.326
Austria,2025,NOR,60,68.435
Austria,2025,NOR,61,68.678
Austria,2025,NOR,62,68.272
Austria,2025,NOR,63,68.665
Austria,2025,NOR,64,68.698
Austria,2025,NOR,65,68.655
Austria,2025,NOR,66,68.754
Hungary,2025,STR,17,83.33
Hungary,2025,STR,18,83.27
Hungary,2025,STR,19,82.899
Hungary,2025,STR,20,82.966
Hungary,2025,STR,21,83.424
Hungary,2025,STR,22,83.243
Hungary,2025,STR,23,83.0
Hungary,2025,STR,24,83.153
Hungary,2025,STR,25,83.077
Hungary,2025,STR,26,83.236
Hungary,2025,STR,27,83.121
Hungary,2025,STR,28,82.878
Hungary,2025,STR,29,83.043
Hungary,2025,STR,30,83.092
Hungary,2025,STR,31,83.283
Hungary,2025,STR,32,83.465
Hungary,2025,STR,33,83.393
Hungary,2025,STR,34,83.476
Hungary,2025,STR,35,83.259
Hungary,2025,STR,38,83.679
Hungary,2025,STR,39,81.491
Hungary,2025,STR,40,81.605
Hungary,2025,STR,41,81.687
Hungary,2025,STR,42,82.258
Hungary,2025,STR,43,81.7
Hungary,2025,STR,44,81.637
Hungary,2025,STR,45,81.666
Hungary,2025,STR,46,81.686
Hungary,2025,STR,47,81.33
Hungary,2025,STR,48,81.192
Hungary,2025,STR,49,81.148
Hungary,2025,STR,50,80.921
Hungary,2025,STR,51,80.991
Hungary,2025,STR,52,80.983
Hungary,2025,STR,53,80.826
Hungary,2025,STR,54,80.812
Hungary,2025,STR,55,80.923
Hungary,2025,STR,56,80.708
Hungary,2025,STR,57,80.8
Hungary,2025,STR,58,80.85
Hungary,2025,STR,59,80.788
Hungary,2025,STR,60,80.726
Hungary,2025,STR,61,80.802
Hungary,2025,STR,62,80.714
Hungary,2025,STR,63,80.731
Hungary,2025,STR,64,80.955
Hungary,2025,STR,65,80.935
Hungary,2025,STR,66,81.048
Emilia Romagna,2025,GAS,19,81.98
Emilia Romagna,2025,GAS,20,81.99
Emilia Romagna,2025,GAS,21,81.984
Emilia Romagna,2025,GAS,22,82.5
Emilia Romagna,2025,GAS,23,82.317
Emilia Romagna,2025,GAS,24,82.353
Emilia Romagna,2025,GAS,25,82.325
Emilia Romagna,2025,GAS,26,82.475
Emilia Romagna,2025,GAS,27,82.602
Emilia Romagna,2025,GAS,31,82.654
Emilia Romagna,2025,GAS,32,81.074
Emilia Romagna,2025,GAS,33,81.137
Emilia Romagna,2025,GAS,34,81.254
Emilia Romagna,2025,GAS,35,80.859
Emilia Romagna,2025,GAS,36,81.008
Emilia Romagna,2025,GAS,37,80.77
Emilia Romagna,2025,GAS,38,80.794
Emilia Romagna,2025,GAS,39,81.038
Emilia Romagna,2025,GAS,40,81.331
Emilia Romagna,2025,GAS,41,81.215
Emilia Romagna,2025,GAS,42,81.355
Emilia Romagna,2025,GAS,43,81.39
Emilia Romagna,2025,GAS,44,81.785
Emilia Romagna,2025,GAS,54,81.708
Emilia Romagna,2025,GAS,55,82.624
Emilia Romagna,2025,GAS,56,81.211
Emilia Romagna,2025,GAS,57,80.607
Emilia Romagna,2025,GAS,58,81.685
Emilia Romagna,2025,GAS,59,80.398
Austria,2025,OCO,21,71.769
Austria,2025,OCO,22,70.244
Austria,2025,OCO,23,70.561
Austria,2025,OCO,24,70.326
Austria,2025,OCO,25,70.758
Austria,2025,OCO,26,70.79
Austria,2025,OCO,27,70.992
Austria,2025,OCO,28,72.205
Austria,2025,OCO,29,70.871
Austria,2025,OCO,31,71.373
Austria,2025,OCO,32,70.9
Austria,2025,OCO,33,71.233
Austria,2025,OCO,34,70.752
Austria,2025,OCO,35,70.94
Austria,2025,OCO,36,70.655
Austria,2025,OCO,37,70.387
Austria,2025,OCO,38,70.663
Austria,2025,OCO,39,70.739
Austria,2025,OCO,40,70.802
Austria,2025,OCO,41,70.597
Austria,2025,OCO,42,70.925
Austria,2025,OCO,43,70.829
Austria,2025,OCO,44,70.662
Austria,2025,OCO,45,70.815
Austria,2025,OCO,46,70.828
Austria,2025,OCO,47,70.6
Austria,2025,OCO,48,70.705
Austria,2025,OCO,49,70.843
Austria,2025,OCO,52,70.826
Austria,2025,OCO,53,69.687
Austria,2025,OCO,54,69.583
Austria,2025,OCO,55,69.853
Austria,2025,OCO,56,69.55
Austria,2025,OCO,57,69.765
Austria,2025,OCO,58,69.877
Austria,2025,OCO,59,69.621
Austria,2025,OCO,60,69.658
Austria,2025,OCO,61,69.68
Austria,2025,OCO,62,72.661
Austria,2025,OCO,63,69.781
Austria,2025,OCO,64,70.017
Austria,2025,OCO,65,69.744
Singapore,2024,MAG,17,99.274
Singapore,2024,MAG,18,99.441
Singapore,2024,MAG,19,99.706
Singapore,2024,MAG,20,100.7
Singapore,2024,MAG,21,100.283
Singapore,2024,MAG,22,100.483
Singapore,2024,MAG,23,100.347
Singapore,2024,MAG,24,100.303
Singapore,2024,MAG,25,100.508
Singapore,2024,MAG,26,100.389
Singapore,2024,MAG,27,102.209
Singapore,2024,MAG,30,100.97
Singapore,2024,MAG,31,98.131
Singapore,2024,MAG,32,98.206
Singapore,2024,MAG,33,98.472
Singapore,2024,MAG,34,98.36
Singapore,2024,MAG,35,97.926
Singapore,2024,MAG,36,98.293
Singapore,2024,MAG,37,98.536
Singapore,2024,MAG,38,100.825
Singapore,2024,MAG,39,98.615
Singapore,2024,MAG,40,98.56
Singapore,2024,MAG,41,99.835
Singapore,2024,MAG,42,98.197
Singapore,2024,MAG,43,98.166
Singapore,2024,MAG,44,98.083
Singapore,2024,MAG,45,98.812
Singapore,2024,MAG,46,100.315
Singapore,2024,MAG,47,98.655
Singapore,2024,MAG,48,98.264
Singapore,2024,MAG,51,98.204
Singapore,2024,MAG,52,94.754
Monaco,2024,SAI,18,80.076
Monaco,2024,SAI,19,79.177
Monaco,2024,SAI,20,79.445
Monaco,2024,SAI,21,79.403
Monaco,2024,SAI,22,78.917
Monaco,2024,SAI,23,78.889
Monaco,2024,SAI,24,78.993
Monaco,2024,SAI,25,78.568
Monaco,2024,SAI,26,78.537
Monaco,2024,SAI,27,78.088
Monaco,2024,SAI,28,79.49
Monaco,2024,SAI,29,79.281
Monaco,2024,SAI,30,78.697
Monaco,2024,SAI,31,77.326
Monaco,2024,SAI,32,79.784
Monaco,2024,SAI,33,80.136
Monaco,2024,SAI,34,78.778
Monaco,2024,SAI,35,79.013
Monaco,2024,SAI,36,78.465
Monaco,2024,SAI,37,79.275
Monaco,2024,SAI,38,77.577
Monaco,2024,SAI,39,78.412
Monaco,2024,SAI,40,78.31
Monaco,2024,SAI,41,78.653
Monaco,2024,SAI,42,78.714
Monaco,2024,SAI,43,79.171
Monaco,2024,SAI,44,79.594
Monaco,2024,SAI,45,78.762
Monaco,2024,SAI,46,77.885
Monaco,2024,SAI,47,78.731
Monaco,2024,SAI,48,78.141
Monaco,2024,SAI,49,77.894
Monaco,2024,SAI,50,78.259
Monaco,2024,SAI,51,78.545
Monaco,2024,SAI,52,77.528
Monaco,2024,SAI,54,78.094
Monaco,2024,SAI,55,77.742
Monaco,2024,SAI,56,78.661
Monaco,2024,SAI,57,78.119
Monaco,2024,SAI,58,77.599
Monaco,2024,SAI,59,77.501
Monaco,2024,SAI,60,77.134
Monaco,2024,SAI,61,75.159
Monaco,2024,SAI,62,79.046
Monaco,2024,SAI,63,74.726
Monaco,2024,SAI,64,78.207
Monaco,2024,SAI,65,74.813
Monaco,2024,SAI,66,78.137
Monaco,2024,SAI,67,75.409
Monaco,2024,SAI,68,76.847
Monaco,2024,SAI,69,75.595
Monaco,2024,SAI,70,76.218
Monaco,2024,SAI,71,77.117
Monaco,2024,SAI,72,77.214
Monaco,2024,SAI,73,76.785
Monaco,2024,SAI,74,76.417
Singapore,2024,HAM,19,99.044
Singapore,2024,HAM,20,98.202
Singapore,2024,HAM,21,98.745
Singapore,2024,HAM,22,98.916
Singapore,2024,HAM,23,98.194
Singapore,2024,HAM,24,98.396
Singapore,2024,HAM,25,98.352
Singapore,2024,HAM,26,100.158
Singapore,2024,HAM,27,100.171
Singapore,2024,HAM,28,99.999
Singapore,2024,HAM,29,98.455
Singapore,2024,HAM,30,98.026
Singapore,2024,HAM,31,97.833
Singapore,2024,HAM,32,98.44
Singapore,2024,HAM,33,97.696
Singapore,2024,HAM,34,97.447
Singapore,2024,HAM,35,97.413
Singapore,2024,HAM,36,97.68
Singapore,2024,HAM,37,97.985
Singapore,2024,HAM,38,97.938
Singapore,2024,HAM,39,97.765
Singapore,2024,HAM,40,97.971
Singapore,2024,HAM,41,99.333
Singapore,2024,HAM,42,98.19
Singapore,2024,HAM,43,98.115
Singapore,2024,HAM,44,97.393
Singapore,2024,HAM,45,97.593
Singapore,2024,HAM,46,97.801
Singapore,2024,HAM,47,97.797
Singapore,2024,HAM,48,97.922
Singapore,2024,HAM,49,98.294
Singapore,2024,HAM,50,98.331
Singapore,2024,HAM,51,100.411
Singapore,2024,HAM,52,98.647
Singapore,2024,HAM,53,98.627
Singapore,2024,HAM,54,98.669
Singapore,2024,HAM,55,98.352
Singapore,2024,HAM,56,98.634
Singapore,2024,HAM,57,99.121
Singapore,2024,HAM,58,99.034
Italy,2025,HAD,17,84.287
Italy,2025,HAD,18,84.447
Italy,2025,HAD,19,84.032
Italy,2025,HAD,20,84.242
Italy,2025,HAD,21,84.14
Italy,2025,HAD,22,84.122
Italy,2025,HAD,23,83.844
Italy,2025,HAD,24,83.973
Italy,2025,HAD,25,83.801
Italy,2025,HAD,26,83.882
Italy,2025,HAD,27,84.026
Italy,2025,HAD,28,83.885
Italy,2025,HAD,29,83.686
Italy,2025,HAD,30,83.389
Italy,2025,HAD,31,83.701
Italy,2025,HAD,34,83.431
Italy,2025,HAD,35,82.657
Italy,2025,HAD,36,82.581
Italy,2025,HAD,37,82.702
Italy,2025,HAD,38,82.998
Italy,2025,HAD,39,83.082
Italy,2025,HAD,41,82.745
Italy,2025,HAD,42,82.525
Italy,2025,HAD,43,82.595
Italy,2025,HAD,44,82.448
Italy,2025,HAD,45,82.427
Italy,2025,HAD,46,82.33
Italy,2025,HAD,47,82.133
Italy,2025,HAD,48,82.209
Italy,2025,HAD,49,82.239
Miami,2025,NOR,44,90.144
Miami,2025,NOR,45,90.024
Miami,2025,NOR,46,90.095
Miami,2025,NOR,47,89.982
Miami,2025,NOR,48,90.055
Miami,2025,NOR,49,90.11
Miami,2025,NOR,50,90.211
Miami,2025,NOR,51,89.791
Miami,2025,NOR,52,89.9
Miami,2025,NOR,53,90.398
Abu Dhabi,2025,NOR,19,89.958
Abu Dhabi,2025,NOR,20,89.681
Abu Dhabi,2025,NOR,21,89.528
Abu Dhabi,2025,NOR,22,89.133
Abu Dhabi,2025,NOR,23,88.983
Abu Dhabi,2025,NOR,24,88.828
Abu Dhabi,2025,NOR,25,88.875
Abu Dhabi,2025,NOR,26,88.355
Abu Dhabi,2025,NOR,27,88.486
Abu Dhabi,2025,NOR,28,87.998
Abu Dhabi,2025,NOR,29,88.202
Abu Dhabi,2025,NOR,30,88.132
Abu Dhabi,2025,NOR,31,88.066
Abu Dhabi,2025,NOR,32,88.153
Abu Dhabi,2025,NOR,33,88.374
Abu Dhabi,2025,NOR,34,88.081
Abu Dhabi,2025,NOR,35,88.108
Abu Dhabi,2025,NOR,36,87.971
Abu Dhabi,2025,NOR,37,87.841
Abu Dhabi,2025,NOR,38,87.814
Abu Dhabi,2025,NOR,39,87.998
Abu Dhabi,2025,NOR,42,88.068
Abu Dhabi,2025,NOR,43,88.191
Abu Dhabi,2025,NOR,44,87.829
Abu Dhabi,2025,NOR,45,86.834
Abu Dhabi,2025,NOR,46,86.953
Abu Dhabi,2025,NOR,47,87.074
Abu Dhabi,2025,NOR,48,86.867
Abu Dhabi,2025,NOR,49,86.818
Abu Dhabi,2025,NOR,50,86.907
Abu Dhabi,2025,NOR,51,86.968
Abu Dhabi,2025,NOR,52,87.277
Abu Dhabi,2025,NOR,53,86.895
Abu Dhabi,2025,NOR,54,87.08
Miami,2025,VER,46,90.643
Miami,2025,VER,47,90.977
Miami,2025,VER,48,91.136
Miami,2025,VER,49,90.879
Miami,2025,VER,50,90.59
Miami,2025,VER,51,90.668
Miami,2025,VER,52,90.534
Miami,2025,VER,53,90.773
Hungary,2024,LEC,17,84.894
Hungary,2024,LEC,18,84.853
Hungary,2024,LEC,19,84.707
Hungary,2024,LEC,20,84.625
Hungary,2024,LEC,21,84.513
Hungary,2024,LEC,22,84.531
Hungary,2024,LEC,25,84.471
Hungary,2024,LEC,26,83.071
Hungary,2024,LEC,27,83.296
Hungary,2024,LEC,28,82.892
Hungary,2024,LEC,29,82.359
Hungary,2024,LEC,30,82.182
Hungary,2024,LEC,31,82.7
Hungary,2024,LEC,32,82.776
Hungary,2024,LEC,33,82.795
Hungary,2024,LEC,34,83.066
Hungary,2024,LEC,35,83.207
Hungary,2024,LEC,36,83.845
Hungary,2024,LEC,37,84.123
Hungary,2024,LEC,38,84.077
Hungary,2024,LEC,39,84.912
Hungary,2024,LEC,42,84.452
Hungary,2024,LEC,43,82.762
Hungary,2024,LEC,44,82.967
Hungary,2024,LEC,45,83.186
Hungary,2024,LEC,46,83.042
Hungary,2024,LEC,47,82.923
Hungary,2024,LEC,48,83.379
Hungary,2024,LEC,49,83.051
Hungary,2024,LEC,50,82.674
Hungary,2024,LEC,51,82.726
Hungary,2024,LEC,52,82.91
Hungary,2024,LEC,53,82.834
Hungary,2024,LEC,54,82.826
Hungary,2024,LEC,55,82.299
Hungary,2024,LEC,56,82.964
Hungary,2024,LEC,57,83.019
Hungary,2024,LEC,58,84.626
Hungary,2024,LEC,59,83.592
Hungary,2024,LEC,60,82.569
Hungary,2024,LEC,61,82.58
Hungary,2024,LEC,62,82.894
Hungary,2024,LEC,64,83.122
Hungary,2024,LEC,65,83.391
Hungary,2024,LEC,66,83.063
Canada,2025,HUL,17,78.142
Canada,2025,HUL,18,78.208
Canada,2025,HUL,21,78.54
Canada,2025,HUL,22,77.437
Canada,2025,HUL,23,77.743
Canada,2025,HUL,24,77.576
Canada,2025,HUL,25,77.186
Canada,2025,HUL,26,77.358
Canada,2025,HUL,27,77.459
Canada,2025,HUL,28,77.465
Canada,2025,HUL,29,77.289
Canada,2025,HUL,30,77.298
Canada,2025,HUL,31,77.053
Canada,2025,HUL,32,77.503
Canada,2025,HUL,33,77.839
Canada,2025,HUL,34,77.416
Canada,2025,HUL,35,77.128
Canada,2025,HUL,36,77.067
Canada,2025,HUL,37,76.421
Canada,2025,HUL,38,77.137
Canada,2025,HUL,39,76.677
Canada,2025,HUL,40,76.824
Canada,2025,HUL,41,76.536
Canada,2025,HUL,42,76.338
Canada,2025,HUL,43,76.226
Canada,2025,HUL,44,76.175
Canada,2025,HUL,45,76.389
Canada,2025,HUL,46,76.477
Canada,2025,HUL,47,76.304
Canada,2025,HUL,49,77.141
Canada,2025,HUL,50,75.799
Canada,2025,HUL,51,75.96
Canada,2025,HUL,52,75.978
Canada,2025,HUL,53,75.891
Canada,2025,HUL,54,75.669
Canada,2025,HUL,55,76.574
Canada,2025,HUL,56,76.78
Canada,2025,HUL,57,76.914
Canada,2025,HUL,58,75.892
Canada,2025,HUL,59,75.688
Canada,2025,HUL,60,75.984
Canada,2025,HUL,61,76.016
Abu Dhabi,2024,VER,19,89.826
Abu Dhabi,2024,VER,20,90.076
Abu Dhabi,2024,VER,21,90.004
Abu Dhabi,2024,VER,22,89.695
Abu Dhabi,2024,VER,23,89.889
Abu Dhabi,2024,VER,24,89.939
Abu Dhabi,2024,VER,25,89.75
Abu Dhabi,2024,VER,26,89.852
Abu Dhabi,2024,VER,27,90.268
Abu Dhabi,2024,VER,28,89.897
Abu Dhabi,2024,VER,31,90.274
Abu Dhabi,2024,VER,32,88.088
Abu Dhabi,2024,VER,33,88.528
Abu Dhabi,2024,VER,34,88.333
Abu Dhabi,2024,VER,35,88.409
Abu Dhabi,2024,VER,36,89.111
Abu Dhabi,2024,VER,37,88.557
Abu Dhabi,2024,VER,38,88.413
Abu Dhabi,2024,VER,39,88.36
Abu Dhabi,2024,VER,40,88.296
Abu Dhabi,2024,VER,41,88.345
Abu Dhabi,2024,VER,42,88.439
Abu Dhabi,2024,VER,43,88.113
Abu Dhabi,2024,VER,44,88.089
Abu Dhabi,2024,VER,45,88.501
Abu Dhabi,2024,VER,46,88.067
Abu Dhabi,2024,VER,47,88.231
Abu Dhabi,2024,VER,48,88.304
Abu Dhabi,2024,VER,49,87.893
Abu Dhabi,2024,VER,50,87.927
Abu Dhabi,2024,VER,51,87.961
Abu Dhabi,2024,VER,52,87.82
Abu Dhabi,2024,VER,53,88.047
Abu Dhabi,2025,COL,19,89.823
Abu Dhabi,2025,COL,20,89.712
Abu Dhabi,2025,COL,21,89.699
Abu Dhabi,2025,COL,22,89.43
Abu Dhabi,2025,COL,23,89.628
Abu Dhabi,2025,COL,24,89.717
Abu Dhabi,2025,COL,25,89.852
Abu Dhabi,2025,COL,26,90.138
Abu Dhabi,2025,COL,27,89.652
Abu Dhabi,2025,COL,28,89.543
Abu Dhabi,2025,COL,29,89.839
Abu Dhabi,2025,COL,30,89.915
Abu Dhabi,2025,COL,31,89.674
Abu Dhabi,2025,COL,32,89.849
Abu Dhabi,2025,COL,33,89.841
Abu Dhabi,2025,COL,34,90.053
Abu Dhabi,2025,COL,35,90.07
Abu Dhabi,2025,COL,36,90.63
Abu Dhabi,2025,COL,37,90.233
Abu Dhabi,2025,COL,38,90.862
Abu Dhabi,2025,COL,39,90.74
Abu Dhabi,2025,COL,42,92.596
Abu Dhabi,2025,COL,43,87.71
Abu Dhabi,2025,COL,44,88.075
Abu Dhabi,2025,COL,45,88.449
Abu Dhabi,2025,COL,46,88.464
Abu Dhabi,2025,COL,47,88.307
Abu Dhabi,2025,COL,48,88.103
Abu Dhabi,2025,COL,49,88.022
Abu Dhabi,2025,COL,50,88.383
Abu Dhabi,2025,COL,51,88.494
Abu Dhabi,2025,COL,52,88.531
Abu Dhabi,2025,COL,53,88.579
Great Britain,2024,SAI,17,71.462
Great Britain,2024,SAI,18,71.706
Great Britain,2024,SAI,19,71.491
Great Britain,2024,SAI,20,71.839
Great Britain,2024,SAI,21,71.712
Great Britain,2024,SAI,24,71.807
Great Britain,2024,SAI,25,70.011
Great Britain,2024,SAI,26,69.889
Great Britain,2024,SAI,27,70.134
Great Britain,2024,SAI,28,70.239
Great Britain,2024,SAI,29,70.059
Great Britain,2024,SAI,30,70.218
Great Britain,2024,SAI,31,70.327
Great Britain,2024,SAI,32,70.108
Great Britain,2024,SAI,33,70.244
Great Britain,2024,SAI,34,70.141
Great Britain,2024,SAI,35,70.162
Great Britain,2024,SAI,36,70.509
Great Britain,2024,SAI,37,70.473
Great Britain,2024,SAI,38,70.476
Great Britain,2024,SAI,39,71.04
Great Britain,2024,SAI,40,70.842
Great Britain,2024,SAI,41,70.748
Great Britain,2024,SAI,42,70.729
Great Britain,2024,SAI,43,70.906
Great Britain,2024,SAI,44,70.813
Great Britain,2024,SAI,45,71.214
Great Britain,2024,SAI,46,71.081
Great Britain,2024,SAI,49,71.088
Great Britain,2024,SAI,50,69.555
Great Britain,2024,SAI,51,69.357
Great Britain,2024,SAI,52,69.412
Great Britain,2024,SAI,53,70.099
Great Britain,2024,SAI,54,69.981
Great Britain,2024,SAI,55,69.546
Great Britain,2024,SAI,56,69.464
Great Britain,2024,SAI,57,69.282
Great Britain,2024,SAI,58,69.713
Great Britain,2024,SAI,59,69.921
Great Britain,2024,SAI,60,70.192
Great Britain,2024,SAI,61,69.734
Great Britain,2024,SAI,62,69.92
Great Britain,2024,SAI,63,69.957
Great Britain,2024,SAI,65,70.047
Great Britain,2024,SAI,67,71.631
Monaco,2025,HUL,26,77.538
Monaco,2025,HUL,27,78.724
Monaco,2025,HUL,28,79.472
Monaco,2025,HUL,29,79.264
Monaco,2025,HUL,30,79.749
Monaco,2025,HUL,31,80.392
Monaco,2025,HUL,32,79.889
Monaco,2025,HUL,33,80.602
Monaco,2025,HUL,34,77.84
Monaco,2025,HUL,35,78.4
Monaco,2025,HUL,36,80.594
Monaco,2025,HUL,38,78.642
Monaco,2025,HUL,39,78.272
Monaco,2025,HUL,40,78.876
Monaco,2025,HUL,41,78.804
Monaco,2025,HUL,42,78.575
Monaco,2025,HUL,43,77.315
Monaco,2025,HUL,46,77.929
Monaco,2025,HUL,47,75.909
Monaco,2025,HUL,48,75.223
Monaco,2025,HUL,49,76.246
Monaco,2025,HUL,50,78.676
Monaco,2025,HUL,51,76.425
Monaco,2025,HUL,52,81.177
Monaco,2025,HUL,53,80.376
Monaco,2025,HUL,54,79.628
Monaco,2025,HUL,55,78.841
Monaco,2025,HUL,56,79.155
Monaco,2025,HUL,57,77.976
Monaco,2025,HUL,58,78.661
Monaco,2025,HUL,59,77.942
Monaco,2025,HUL,60,79.287
Monaco,2025,HUL,61,78.508
Monaco,2025,HUL,62,79.041
Monaco,2025,HUL,63,81.565
Monaco,2025,HUL,64,79.206
Monaco,2025,HUL,65,80.147
Monaco,2025,HUL,66,77.571
Monaco,2025,HUL,67,76.934
Monaco,2025,HUL,68,77.445
Monaco,2025,HUL,69,77.717
Monaco,2025,HUL,70,76.974
Monaco,2025,HUL,71,76.741
Monaco,2025,HUL,72,76.602
Hungary,2024,ALO,19,84.987
Hungary,2024,ALO,20,85.083
Hungary,2024,ALO,21,84.807
Hungary,2024,ALO,22,85.217
Hungary,2024,ALO,23,85.159
Hungary,2024,ALO,24,85.898
Hungary,2024,ALO,25,85.935
Hungary,2024,ALO,26,85.379
Hungary,2024,ALO,27,85.889
Hungary,2024,ALO,28,84.703
Hungary,2024,ALO,29,86.242
Hungary,2024,ALO,30,83.792
Hungary,2024,ALO,31,84.341
Hungary,2024,ALO,32,84.322
Hungary,2024,ALO,33,84.056
Hungary,2024,ALO,34,84.402
Hungary,2024,ALO,35,84.709
Hungary,2024,ALO,36,84.71
Hungary,2024,ALO,39,84.698
Hungary,2024,ALO,40,83.576
Hungary,2024,ALO,41,83.791
Hungary,2024,ALO,42,83.903
Hungary,2024,ALO,43,83.46
Hungary,2024,ALO,44,84.047
Hungary,2024,ALO,45,84.076
Hungary,2024,ALO,46,83.627
Hungary,2024,ALO,47,83.766
Hungary,2024,ALO,48,83.73
Hungary,2024,ALO,49,83.881
Hungary,2024,ALO,50,83.63
Hungary,2024,ALO,51,83.483
Hungary,2024,ALO,52,83.432
Hungary,2024,ALO,53,83.063
Hungary,2024,ALO,54,83.14
Hungary,2024,ALO,55,83.166
Hungary,2024,ALO,56,83.108
Hungary,2024,ALO,57,83.327
Hungary,2024,ALO,58,83.326
Hungary,2024,ALO,59,83.289
Hungary,2024,ALO,60,83.64
Hungary,2024,ALO,61,83.75
Hungary,2024,ALO,63,83.996
Hungary,2024,ALO,64,84.2
Hungary,2024,ALO,65,84.687
Hungary,2024,ALO,66,85.916
Qatar,2025,BEA,21,87.258
Qatar,2025,BEA,22,87.548
Qatar,2025,BEA,23,87.095
Qatar,2025,BEA,24,87.638
Qatar,2025,BEA,25,87.196
Qatar,2025,BEA,26,87.506
Qatar,2025,BEA,27,87.291
Qatar,2025,BEA,28,87.437
Qatar,2025,BEA,29,87.698
Qatar,2025,BEA,30,87.255
Qatar,2025,BEA,31,87.04
Qatar,2025,BEA,34,86.817
Qatar,2025,BEA,35,84.93
Qatar,2024,LEC,21,85.467
Qatar,2024,LEC,22,85.323
Qatar,2024,LEC,23,85.036
Qatar,2024,LEC,24,85.189
Qatar,2024,LEC,25,85.133
Qatar,2024,LEC,26,84.801
Qatar,2024,LEC,27,85.099
Qatar,2024,LEC,28,84.749
Qatar,2024,LEC,31,84.909
Qatar,2024,LEC,32,84.71
Qatar,2024,LEC,33,84.679
Qatar,2024,LEC,34,84.9
Qatar,2024,LEC,43,84.754
Qatar,2024,LEC,44,85.854
Qatar,2024,LEC,45,84.012
Qatar,2024,LEC,46,83.937
Qatar,2024,LEC,47,83.665
Qatar,2024,LEC,48,83.722
Qatar,2024,LEC,49,83.68
Qatar,2024,LEC,50,83.47
Qatar,2024,LEC,51,83.405
Qatar,2024,LEC,52,83.332
Qatar,2024,LEC,53,83.72
Miami,2024,GAS,19,93.807
Miami,2024,GAS,20,93.174
Miami,2024,GAS,21,93.639
Miami,2024,GAS,24,93.691
Miami,2024,GAS,25,93.983
Miami,2024,GAS,26,93.969
Miami,2024,GAS,27,94.44
Miami,2024,GAS,33,93.614
Miami,2024,GAS,34,94.561
Miami,2024,GAS,35,93.201
Miami,2024,GAS,36,92.863
Miami,2024,GAS,37,92.878
Miami,2024,GAS,38,92.785
Miami,2024,GAS,39,92.989
Miami,2024,GAS,40,93.007
Miami,2024,GAS,41,92.786
Miami,2024,GAS,42,93.001
Miami,2024,GAS,43,92.627
Miami,2024,GAS,44,92.504
Miami,2024,GAS,45,92.855
Miami,2024,GAS,46,92.981
Miami,2024,GAS,47,94.341
Miami,2024,GAS,48,92.767
Miami,2024,GAS,49,92.628
Miami,2024,GAS,50,92.72
Miami,2024,GAS,51,92.492
Miami,2024,GAS,52,92.522
Miami,2024,GAS,53,92.643
Japan,2024,LEC,19,97.76
Japan,2024,LEC,20,97.523
Japan,2024,LEC,21,97.48
Japan,2024,LEC,22,98.203
Japan,2024,LEC,23,97.744
Japan,2024,LEC,24,97.755
Japan,2024,LEC,25,98.071
Japan,2024,LEC,28,97.918
Japan,2024,LEC,29,96.09
Japan,2024,LEC,30,96.357
Japan,2024,LEC,31,96.225
Japan,2024,LEC,32,96.201
Japan,2024,LEC,33,96.144
Japan,2024,LEC,34,95.878
Japan,2024,LEC,35,96.32
Japan,2024,LEC,36,96.056
Japan,2024,LEC,37,96.681
Japan,2024,LEC,38,96.135
Japan,2024,LEC,39,96.029
Japan,2024,LEC,40,95.693
Japan,2024,LEC,41,96.341
Japan,2024,LEC,43,95.451
Japan,2024,LEC,44,95.713
Japan,2024,LEC,45,95.685
Japan,2024,LEC,46,95.739
Japan,2024,LEC,47,96.778
Japan,2024,LEC,48,95.922
Japan,2024,LEC,49,95.502
Abu Dhabi,2025,ALB,19,89.987
Abu Dhabi,2025,ALB,20,90.047
Abu Dhabi,2025,ALB,21,90.109
Abu Dhabi,2025,ALB,22,90.27
Abu Dhabi,2025,ALB,23,90.298
Abu Dhabi,2025,ALB,24,90.621
Abu Dhabi,2025,ALB,25,90.388
Abu Dhabi,2025,ALB,26,90.934
Abu Dhabi,2025,ALB,27,90.294
Abu Dhabi,2025,ALB,28,90.113
Abu Dhabi,2025,ALB,29,91.014
Abu Dhabi,2025,ALB,30,90.422
Abu Dhabi,2025,ALB,31,90.215
Abu Dhabi,2025,ALB,32,90.539
Abu Dhabi,2025,ALB,35,90.485
Abu Dhabi,2025,ALB,36,88.588
Abu Dhabi,2025,ALB,37,88.439
Abu Dhabi,2025,ALB,38,88.411
Abu Dhabi,2025,ALB,39,88.569
Abu Dhabi,2025,ALB,40,88.87
Abu Dhabi,2025,ALB,41,89.722
Abu Dhabi,2025,ALB,42,88.777
Abu Dhabi,2025,ALB,43,88.845
Abu Dhabi,2025,ALB,44,88.391
Abu Dhabi,2025,ALB,45,88.507
Abu Dhabi,2025,ALB,46,88.367
Abu Dhabi,2025,ALB,47,88.517
Abu Dhabi,2025,ALB,48,89.563
Abu Dhabi,2025,ALB,49,88.947
Abu Dhabi,2025,ALB,50,89.29
Abu Dhabi,2025,ALB,51,89.526
Abu Dhabi,2025,ALB,52,89.42
Abu Dhabi,2025,ALB,53,89.393
Abu Dhabi,2025,ALB,54,88.627
Bahrain,2024,SAR,19,98.077
Bahrain,2024,SAR,20,97.742
Bahrain,2024,SAR,21,97.82
Bahrain,2024,SAR,22,98.009
Bahrain,2024,SAR,23,97.728
Bahrain,2024,SAR,24,97.621
Bahrain,2024,SAR,25,99.437
Bahrain,2024,SAR,26,99.093
Bahrain,2024,SAR,27,97.859
Bahrain,2024,SAR,30,98.288
Bahrain,2024,SAR,31,95.715
Bahrain,2024,SAR,32,96.713
Bahrain,2024,SAR,33,96.563
Bahrain,2024,SAR,34,97.433
Bahrain,2024,SAR,35,96.475
Bahrain,2024,SAR,36,96.859
Bahrain,2024,SAR,37,96.462
Bahrain,2024,SAR,38,96.785
Bahrain,2024,SAR,39,96.732
Bahrain,2024,SAR,42,97.016
Bahrain,2024,SAR,43,94.735
Bahrain,2024,SAR,44,95.001
Bahrain,2024,SAR,45,95.13
Bahrain,2024,SAR,46,95.333
Bahrain,2024,SAR,47,95.939
Bahrain,2024,SAR,48,96.729
Bahrain,2024,SAR,49,95.688
Bahrain,2024,SAR,50,95.59
Bahrain,2024,SAR,51,95.66
Abu Dhabi,2024,TSU,19,91.196
Abu Dhabi,2024,TSU,20,91.681
Abu Dhabi,2024,TSU,21,91.265
Abu Dhabi,2024,TSU,24,91.218
Abu Dhabi,2024,TSU,25,89.905
Abu Dhabi,2024,TSU,26,89.911
Abu Dhabi,2024,TSU,27,89.863
Abu Dhabi,2024,TSU,28,89.703
Abu Dhabi,2024,TSU,29,89.775
Abu Dhabi,2024,TSU,31,89.582
Abu Dhabi,2024,TSU,32,89.757
Abu Dhabi,2024,TSU,33,89.904
Abu Dhabi,2024,TSU,34,89.741
Abu Dhabi,2024,TSU,35,89.566
Abu Dhabi,2024,TSU,36,89.49
Abu Dhabi,2024,TSU,37,89.335
Abu Dhabi,2024,TSU,38,89.626
Abu Dhabi,2024,TSU,39,89.462
Abu Dhabi,2024,TSU,40,89.26
Abu Dhabi,2024,TSU,41,89.567
Abu Dhabi,2024,TSU,42,89.2
Abu Dhabi,2024,TSU,43,89.348
Abu Dhabi,2024,TSU,44,89.412
Abu Dhabi,2024,TSU,45,89.432
Abu Dhabi,2024,TSU,46,90.557
Abu Dhabi,2024,TSU,47,89.8
Abu Dhabi,2024,TSU,48,89.505
Abu Dhabi,2024,TSU,49,90.439
Abu Dhabi,2024,TSU,50,89.671
Abu Dhabi,2024,TSU,51,91.091
Abu Dhabi,2024,TSU,52,89.772
Spain,2024,ZHO,19,81.546
Spain,2024,ZHO,20,81.379
Spain,2024,ZHO,21,81.512
Spain,2024,ZHO,22,81.79
Spain,2024,ZHO,23,81.671
Spain,2024,ZHO,24,81.796
Spain,2024,ZHO,25,81.561
Spain,2024,ZHO,26,80.469
Spain,2024,ZHO,27,81.268
Spain,2024,ZHO,28,81.179
Spain,2024,ZHO,29,81.254
Spain,2024,ZHO,30,81.057
Spain,2024,ZHO,31,81.471
Spain,2024,ZHO,32,81.426
Spain,2024,ZHO,33,81.387
Spain,2024,ZHO,34,80.995
Spain,2024,ZHO,35,81.273
Spain,2024,ZHO,36,81.418
Spain,2024,ZHO,37,82.152
Spain,2024,ZHO,38,81.523
Spain,2024,ZHO,39,81.23
Spain,2024,ZHO,40,81.386
Spain,2024,ZHO,43,82.219
Spain,2024,ZHO,44,78.979
Spain,2024,ZHO,45,79.246
Spain,2024,ZHO,46,79.373
Spain,2024,ZHO,47,79.226
Spain,2024,ZHO,48,79.198
Spain,2024,ZHO,49,79.138
Spain,2024,ZHO,50,78.918
Spain,2024,ZHO,51,78.771
Spain,2024,ZHO,52,79.426
Spain,2024,ZHO,53,79.908
Spain,2024,ZHO,54,80.885
Spain,2024,ZHO,55,80.055
Spain,2024,ZHO,56,81.227
Spain,2024,ZHO,57,79.544
Spain,2024,ZHO,58,80.813
Spain,2024,ZHO,59,79.368
Spain,2024,ZHO,60,79.651
Spain,2024,ZHO,61,79.743
Emilia Romagna,2024,MAG,17,83.135
Emilia Romagna,2024,MAG,18,83.577
Emilia Romagna,2024,MAG,19,83.338
Emilia Romagna,2024,MAG,20,83.271
Emilia Romagna,2024,MAG,21,82.85
Emilia Romagna,2024,MAG,22,82.686
Emilia Romagna,2024,MAG,23,83.013
Emilia Romagna,2024,MAG,24,82.761
Emilia Romagna,2024,MAG,25,82.939
Emilia Romagna,2024,MAG,26,83.296
Emilia Romagna,2024,MAG,27,82.862
Emilia Romagna,2024,MAG,28,82.938
Emilia Romagna,2024,MAG,29,83.133
Emilia Romagna,2024,MAG,30,83.157
Emilia Romagna,2024,MAG,31,83.061
Emilia Romagna,2024,MAG,32,83.284
Emilia Romagna,2024,MAG,33,84.028
Emilia Romagna,2024,MAG,34,83.207
Emilia Romagna,2024,MAG,35,83.222
Emilia Romagna,2024,MAG,36,82.945
Emilia Romagna,2024,MAG,39,83.175
Emilia Romagna,2024,MAG,40,81.485
Emilia Romagna,2024,MAG,41,82.407
Emilia Romagna,2024,MAG,42,81.162
Emilia Romagna,2024,MAG,43,84.273
Emilia Romagna,2024,MAG,44,81.446
Emilia Romagna,2024,MAG,45,81.238
Emilia Romagna,2024,MAG,46,81.695
Emilia Romagna,2024,MAG,47,81.672
Emilia Romagna,2024,MAG,48,81.58
Emilia Romagna,2024,MAG,49,81.068
Emilia Romagna,2024,MAG,50,83.71
Emilia Romagna,2024,MAG,51,81.496
Emilia Romagna,2024,MAG,52,81.374
Emilia Romagna,2024,MAG,53,81.61
Emilia Romagna,2024,MAG,54,81.102
Emilia Romagna,2024,MAG,55,81.132
Emilia Romagna,2024,MAG,56,81.25
Emilia Romagna,2024,MAG,57,81.181
Emilia Romagna,2024,MAG,58,83.299
United States,2024,OCO,22,101.246
United States,2024,OCO,23,101.63
United States,2024,OCO,24,101.72
United States,2024,OCO,25,101.489
United States,2024,OCO,26,102.393
United States,2024,OCO,27,101.547
United States,2024,OCO,28,101.361
United States,2024,OCO,29,101.369
United States,2024,OCO,30,101.194
United States,2024,OCO,33,101.452
United States,2024,OCO,34,100.214
United States,2024,OCO,35,100.077
United States,2024,OCO,36,100.009
United States,2024,OCO,37,100.301
United States,2024,OCO,38,100.09
United States,2024,OCO,39,99.937
United States,2024,OCO,42,99.635
United States,2024,OCO,43,100.078
United States,2024,OCO,44,100.247
United States,2024,OCO,45,101.275
United States,2024,OCO,46,99.827
United States,2024,OCO,47,99.753
United States,2024,OCO,48,99.596
United States,2024,OCO,49,100.898
Las Vegas,2024,COL,19,99.217
Las Vegas,2024,COL,20,98.805
Las Vegas,2024,COL,21,98.316
Las Vegas,2024,COL,22,97.978
Las Vegas,2024,COL,23,98.175
Las Vegas,2024,COL,24,98.095
Las Vegas,2024,COL,25,97.947
Las Vegas,2024,COL,28,97.866
Las Vegas,2024,COL,29,97.959
Las Vegas,2024,COL,30,98.333
Las Vegas,2024,COL,31,98.219
Las Vegas,2024,COL,32,98.367
Las Vegas,2024,COL,33,98.901
Las Vegas,2024,COL,34,97.89
Las Vegas,2024,COL,35,97.419
Las Vegas,2024,COL,36,96.981
Las Vegas,2024,COL,37,97.374
Las Vegas,2024,COL,38,96.867
Las Vegas,2024,COL,39,98.55
Las Vegas,2024,COL,40,97.974
Las Vegas,2024,COL,41,98.569
Las Vegas,2024,COL,42,98.474
Las Vegas,2024,COL,43,97.187
Las Vegas,2024,COL,44,96.929
Las Vegas,2024,COL,45,97.774
Las Vegas,2024,COL,46,98.056
Emilia Romagna,2025,BOR,19,82.256
Emilia Romagna,2025,BOR,20,82.141
Emilia Romagna,2025,BOR,21,82.405
Emilia Romagna,2025,BOR,22,82.044
Emilia Romagna,2025,BOR,23,81.98
Emilia Romagna,2025,BOR,24,82.024
Emilia Romagna,2025,BOR,25,82.219
Emilia Romagna,2025,BOR,26,82.407
Emilia Romagna,2025,BOR,27,82.813
Emilia Romagna,2025,BOR,31,82.637
Emilia Romagna,2025,BOR,32,81.789
Emilia Romagna,2025,BOR,33,81.542
Emilia Romagna,2025,BOR,34,81.186
Emilia Romagna,2025,BOR,35,81.079
Emilia Romagna,2025,BOR,36,81.181
Emilia Romagna,2025,BOR,37,81.392
Emilia Romagna,2025,BOR,38,81.039
Emilia Romagna,2025,BOR,39,81.213
Emilia Romagna,2025,BOR,40,81.109
Emilia Romagna,2025,BOR,41,81.378
Emilia Romagna,2025,BOR,42,81.278
Emilia Romagna,2025,BOR,43,83.018
Emilia Romagna,2025,BOR,44,81.046
Emilia Romagna,2025,BOR,54,81.059
Emilia Romagna,2025,BOR,55,82.918
Emilia Romagna,2025,BOR,56,82.203
Emilia Romagna,2025,BOR,57,81.309
Emilia Romagna,2025,BOR,58,80.63
Emilia Romagna,2025,BOR,59,82.106
Austria,2024,ALB,19,71.564
Austria,2024,ALB,20,71.602
Austria,2024,ALB,21,71.677
Austria,2024,ALB,22,71.28
Austria,2024,ALB,23,71.653
Austria,2024,ALB,24,72.175
Austria,2024,ALB,25,71.171
Austria,2024,ALB,26,72.308
Austria,2024,ALB,27,71.37
Austria,2024,ALB,28,71.872
Austria,2024,ALB,29,71.931
Austria,2024,ALB,30,71.717
Austria,2024,ALB,31,71.618
Austria,2024,ALB,32,71.888
Austria,2024,ALB,33,71.931
Austria,2024,ALB,34,71.767
Austria,2024,ALB,35,72.038
Austria,2024,ALB,36,72.367
Austria,2024,ALB,37,71.99
Austria,2024,ALB,38,73.504
Austria,2024,ALB,41,71.964
Austria,2024,ALB,42,70.364
Austria,2024,ALB,43,70.736
Austria,2024,ALB,44,71.011
Austria,2024,ALB,45,70.848
Austria,2024,ALB,46,70.649
Austria,2024,ALB,47,70.913
Austria,2024,ALB,48,70.936
Austria,2024,ALB,49,70.661
Austria,2024,ALB,50,70.676
Austria,2024,ALB,51,70.961
Austria,2024,ALB,52,71.146
Austria,2024,ALB,53,70.827
Austria,2024,ALB,54,70.812
Austria,2024,ALB,55,71.922
Austria,2024,ALB,56,72.452
Austria,2024,ALB,57,70.716
Austria,2024,ALB,58,71.095
Austria,2024,ALB,59,71.009
Austria,2024,ALB,60,71.128
Austria,2024,ALB,61,72.202
Austria,2024,ALB,62,71.036
Austria,2024,ALB,64,71.005
Austria,2024,ALB,66,73.165
Austria,2024,BOT,17,72.754
Austria,2024,BOT,18,72.437
Austria,2024,BOT,21,72.538
Austria,2024,BOT,22,71.308
Austria,2024,BOT,23,71.777
Austria,2024,BOT,24,71.607
Austria,2024,BOT,25,71.358
Austria,2024,BOT,26,71.562
Austria,2024,BOT,27,71.128
Austria,2024,BOT,28,71.533
Austria,2024,BOT,29,71.642
Austria,2024,BOT,30,71.633
Austria,2024,BOT,31,71.569
Austria,2024,BOT,32,71.37
Austria,2024,BOT,33,71.459
Austria,2024,BOT,34,71.432
Austria,2024,BOT,35,71.604
Austria,2024,BOT,36,71.653
Austria,2024,BOT,37,71.815
Austria,2024,BOT,38,71.797
Austria,2024,BOT,39,71.921
Austria,2024,BOT,40,72.135
Austria,2024,BOT,41,72.199
Austria,2024,BOT,44,72.103
Austria,2024,BOT,45,71.193
Austria,2024,BOT,46,71.074
Austria,2024,BOT,47,71.958
Austria,2024,BOT,48,70.711
Austria,2024,BOT,49,70.449
Austria,2024,BOT,50,70.726
Austria,2024,BOT,51,70.736
Austria,2024,BOT,52,71.229
Austria,2024,BOT,53,72.04
Austria,2024,BOT,54,71.0
Austria,2024,BOT,55,70.902
Austria,2024,BOT,56,70.536
Austria,2024,BOT,57,71.177
Austria,2024,BOT,58,71.473
Austria,2024,BOT,59,72.808
Austria,2024,BOT,60,73.607
Austria,2024,BOT,61,70.778
Austria,2024,BOT,62,71.21
Austria,2024,BOT,64,71.356
Austria,2024,BOT,66,71.574
Las Vegas,2025,COL,21,96.946
Las Vegas,2025,COL,22,97.979
Las Vegas,2025,COL,23,98.221
Las Vegas,2025,COL,24,97.749
Las Vegas,2025,COL,27,98.061
Las Vegas,2025,COL,28,96.256
Las Vegas,2025,COL,29,96.079
Las Vegas,2025,COL,30,96.44
Las Vegas,2025,COL,31,96.378
Las Vegas,2025,COL,32,97.391
Las Vegas,2025,COL,33,96.699
Las Vegas,2025,COL,34,96.537
Las Vegas,2025,COL,35,96.428
Las Vegas,2025,COL,36,96.113
Las Vegas,2025,COL,37,95.98
Las Vegas,2025,COL,38,95.974
Las Vegas,2025,COL,39,95.78
Las Vegas,2025,COL,40,96.346
Las Vegas,2025,COL,41,97.949
Las Vegas,2025,COL,42,96.391
Las Vegas,2025,COL,43,95.861
Las Vegas,2025,COL,44,96.321
Las Vegas,2025,COL,45,96.024
Saudi Arabia,2025,OCO,19,96.427
Saudi Arabia,2025,OCO,20,95.622
Saudi Arabia,2025,OCO,21,96.289
Saudi Arabia,2025,OCO,22,95.857
Saudi Arabia,2025,OCO,23,95.75
Saudi Arabia,2025,OCO,24,95.532
Saudi Arabia,2025,OCO,25,95.281
Saudi Arabia,2025,OCO,26,95.371
Saudi Arabia,2025,OCO,27,96.517
Saudi Arabia,2025,OCO,28,95.493
Saudi Arabia,2025,OCO,29,96.509
Saudi Arabia,2025,OCO,30,95.813
Saudi Arabia,2025,OCO,31,95.115
Saudi Arabia,2025,OCO,32,95.312
Saudi Arabia,2025,OCO,33,95.146
Saudi Arabia,2025,OCO,34,95.874
Saudi Arabia,2025,OCO,35,95.988
Saudi Arabia,2025,OCO,36,94.657
Saudi Arabia,2025,OCO,37,94.595
Saudi Arabia,2025,OCO,38,94.459
Saudi Arabia,2025,OCO,39,94.707
Saudi Arabia,2025,OCO,40,94.757
Saudi Arabia,2025,OCO,41,95.64
Saudi Arabia,2025,OCO,42,94.733
Saudi Arabia,2025,OCO,43,94.731
Saudi Arabia,2025,OCO,44,94.968
Saudi Arabia,2025,OCO,45,94.73
Saudi Arabia,2025,OCO,46,94.62
United States,2024,GAS,24,101.083
United States,2024,GAS,25,100.915
United States,2024,GAS,26,100.986
United States,2024,GAS,27,101.954
United States,2024,GAS,28,102.407
United States,2024,GAS,29,100.73
United States,2024,GAS,30,100.435
United States,2024,GAS,31,100.672
United States,2024,GAS,32,100.791
United States,2024,GAS,33,100.493
United States,2024,GAS,34,100.244
United States,2024,GAS,35,99.905
United States,2024,GAS,36,99.866
United States,2024,GAS,37,100.63
United States,2024,GAS,38,100.698
United States,2024,GAS,39,100.845
United States,2024,GAS,40,99.981
United States,2024,GAS,42,99.899
United States,2024,GAS,43,99.141
United States,2024,GAS,44,99.276
United States,2024,GAS,45,99.55
United States,2024,GAS,46,100.665
United States,2024,GAS,47,99.364
United States,2024,GAS,48,100.973
United States,2024,GAS,49,99.561
United States,2024,GAS,50,99.3
United States,2024,GAS,51,99.174
United States,2024,GAS,52,99.384
Miami,2024,RIC,17,94.268
Miami,2024,RIC,18,94.033
Miami,2024,RIC,19,94.234
Miami,2024,RIC,20,93.901
Miami,2024,RIC,21,93.98
Miami,2024,RIC,24,94.071
Miami,2024,RIC,25,93.488
Miami,2024,RIC,26,93.435
Miami,2024,RIC,27,93.215
Miami,2024,RIC,33,95.172
Miami,2024,RIC,34,94.031
Miami,2024,RIC,35,93.89
Miami,2024,RIC,36,92.985
Miami,2024,RIC,37,93.25
Miami,2024,RIC,38,93.084
Miami,2024,RIC,39,92.881
Miami,2024,RIC,40,93.136
Miami,2024,RIC,41,93.462
Miami,2024,RIC,42,92.854
Miami,2024,RIC,43,92.68
Miami,2024,RIC,44,92.769
Miami,2024,RIC,45,92.957
Miami,2024,RIC,46,94.02
Miami,2024,RIC,47,92.845
Miami,2024,RIC,48,92.567
Miami,2024,RIC,49,93.013
Miami,2024,RIC,50,92.72
Miami,2024,RIC,51,93.033
Miami,2024,RIC,52,92.486
Miami,2024,RIC,53,93.717
Spain,2025,SAI,19,83.128
Spain,2025,SAI,20,82.008
Spain,2025,SAI,21,81.894
Spain,2025,SAI,22,81.853
Spain,2025,SAI,23,81.938
Spain,2025,SAI,24,81.862
Spain,2025,SAI,25,81.697
Spain,2025,SAI,26,81.867
Spain,2025,SAI,27,81.915
Spain,2025,SAI,28,81.686
Spain,2025,SAI,29,81.877
Spain,2025,SAI,30,82.105
Spain,2025,SAI,31,81.918
Spain,2025,SAI,32,82.026
Spain,2025,SAI,33,81.993
Spain,2025,SAI,36,82.29
Spain,2025,SAI,37,81.478
Spain,2025,SAI,38,80.724
Spain,2025,SAI,39,80.961
Spain,2025,SAI,40,81.112
Spain,2025,SAI,41,80.557
Spain,2025,SAI,42,80.485
Spain,2025,SAI,43,80.583
Spain,2025,SAI,44,81.481
Spain,2025,SAI,45,80.821
Spain,2025,SAI,46,80.673
Spain,2025,SAI,47,80.588
Spain,2025,SAI,48,80.378
Spain,2025,SAI,49,80.5
Spain,2025,SAI,50,81.614
Spain,2025,SAI,51,80.402
Spain,2025,SAI,52,80.494
Spain,2025,SAI,53,80.603
Spain,2025,SAI,61,80.417
Spain,2025,SAI,62,81.632
China,2025,ANT,21,98.137
China,2025,ANT,22,97.657
China,2025,ANT,23,97.875
China,2025,ANT,24,97.782
China,2025,ANT,25,98.134
China,2025,ANT,26,98.163
China,2025,ANT,27,98.226
China,2025,ANT,28,97.965
China,2025,ANT,29,97.894
China,2025,ANT,30,97.867
China,2025,ANT,31,97.759
China,2025,ANT,32,97.855
China,2025,ANT,33,97.619
China,2025,ANT,34,97.819
China,2025,ANT,35,97.863
China,2025,ANT,36,97.708
China,2025,ANT,37,97.546
China,2025,ANT,38,97.414
China,2025,ANT,39,97.718
China,2025,ANT,40,97.084
China,2025,ANT,41,97.145
China,2025,ANT,42,97.218
China,2025,ANT,43,97.235
China,2025,ANT,44,97.114
China,2025,ANT,45,96.882
China,2025,ANT,46,96.96
China,2025,ANT,47,96.725
China,2025,ANT,48,96.851
China,2025,ANT,49,96.431
China,2025,ANT,50,96.342
China,2025,ANT,51,96.24
China,2025,ANT,52,96.436
Miami,2024,OCO,17,93.545
Miami,2024,OCO,18,93.997
Miami,2024,OCO,19,93.89
Miami,2024,OCO,20,94.736
Miami,2024,OCO,21,94.069
Miami,2024,OCO,24,93.867
Miami,2024,OCO,25,93.041
Miami,2024,OCO,26,92.918
Miami,2024,OCO,27,94.048
Miami,2024,OCO,33,93.17
Miami,2024,OCO,34,94.811
Miami,2024,OCO,35,92.734
Miami,2024,OCO,36,92.445
Miami,2024,OCO,37,92.348
Miami,2024,OCO,38,92.61
Miami,2024,OCO,39,92.392
Miami,2024,OCO,40,92.521
Miami,2024,OCO,41,92.581
Miami,2024,OCO,42,92.575
Miami,2024,OCO,43,92.311
Miami,2024,OCO,44,92.28
Miami,2024,OCO,45,92.483
Miami,2024,OCO,46,93.348
Miami,2024,OCO,47,93.497
Miami,2024,OCO,48,93.316
Miami,2024,OCO,49,93.946
Miami,2024,OCO,50,92.831
Miami,2024,OCO,51,92.185
Miami,2024,OCO,52,92.037
Miami,2024,OCO,53,92.104
Japan,2024,BOT,20,99.632
Japan,2024,BOT,21,99.113
Japan,2024,BOT,24,99.457
Japan,2024,BOT,25,98.126
Japan,2024,BOT,26,96.608
Japan,2024,BOT,27,96.858
Japan,2024,BOT,28,96.622
Japan,2024,BOT,29,97.472
Japan,2024,BOT,30,97.712
Japan,2024,BOT,31,98.253
Japan,2024,BOT,32,98.058
Japan,2024,BOT,33,98.748
Japan,2024,BOT,34,98.722
Japan,2024,BOT,35,98.003
Japan,2024,BOT,36,98.007
Japan,2024,BOT,37,98.257
Japan,2024,BOT,38,97.602
Japan,2024,BOT,39,98.0
Japan,2024,BOT,40,97.232
Japan,2024,BOT,43,97.858
Japan,2024,BOT,44,97.444
Japan,2024,BOT,45,97.507
Japan,2024,BOT,46,98.734
Japan,2024,BOT,47,99.966
Japan,2024,BOT,48,97.9
Monaco,2025,ANT,24,76.973
Monaco,2025,ANT,25,76.939
Monaco,2025,ANT,26,78.777
Monaco,2025,ANT,27,79.479
Monaco,2025,ANT,28,79.446
Monaco,2025,ANT,29,79.91
Monaco,2025,ANT,30,79.074
Monaco,2025,ANT,31,80.406
Monaco,2025,ANT,32,79.809
Monaco,2025,ANT,33,79.689
Monaco,2025,ANT,34,79.344
Monaco,2025,ANT,35,78.763
Monaco,2025,ANT,36,79.458
Monaco,2025,ANT,38,79.869
Monaco,2025,ANT,39,78.381
Monaco,2025,ANT,40,78.721
Monaco,2025,ANT,41,78.95
Monaco,2025,ANT,42,78.06
Monaco,2025,ANT,43,77.12
Monaco,2025,ANT,44,78.31
Monaco,2025,ANT,45,78.885
Monaco,2025,ANT,46,79.251
Monaco,2025,ANT,47,79.265
Monaco,2025,ANT,48,80.131
Monaco,2025,ANT,49,78.844
Monaco,2025,ANT,50,78.328
Monaco,2025,ANT,51,79.093
Monaco,2025,ANT,52,80.341
Monaco,2025,ANT,53,81.962
Monaco,2025,ANT,54,79.263
Monaco,2025,ANT,55,79.603
Monaco,2025,ANT,56,78.966
Monaco,2025,ANT,57,78.296
Monaco,2025,ANT,58,78.511
Monaco,2025,ANT,59,78.393
Monaco,2025,ANT,60,79.056
Monaco,2025,ANT,61,78.697
Monaco,2025,ANT,62,78.59
Monaco,2025,ANT,63,78.448
Monaco,2025,ANT,64,78.884
Monaco,2025,ANT,65,78.457
Monaco,2025,ANT,66,77.696
Monaco,2025,ANT,67,77.398
Japan,2024,RUS,19,100.317
Japan,2024,RUS,20,98.392
Japan,2024,RUS,21,98.463
Japan,2024,RUS,24,99.492
Japan,2024,RUS,25,95.149
Japan,2024,RUS,26,95.673
Japan,2024,RUS,27,95.775
Japan,2024,RUS,28,97.28
Japan,2024,RUS,29,97.564
Japan,2024,RUS,30,96.699
Japan,2024,RUS,31,96.493
Japan,2024,RUS,32,96.776
Japan,2024,RUS,33,96.744
Japan,2024,RUS,34,96.383
Japan,2024,RUS,35,96.704
Japan,2024,RUS,36,96.47
Japan,2024,RUS,39,96.468
Japan,2024,RUS,40,94.404
Japan,2024,RUS,43,94.537
Japan,2024,RUS,44,95.141
Japan,2024,RUS,45,94.834
Japan,2024,RUS,46,94.913
Japan,2024,RUS,47,95.115
Japan,2024,RUS,48,95.317
Japan,2024,RUS,49,95.423
United States,2025,TSU,20,100.452
United States,2025,TSU,21,100.739
United States,2025,TSU,22,100.782
United States,2025,TSU,23,100.615
United States,2025,TSU,24,100.519
United States,2025,TSU,25,100.614
United States,2025,TSU,26,100.793
United States,2025,TSU,27,100.986
United States,2025,TSU,28,100.96
United States,2025,TSU,31,101.186
United States,2025,TSU,32,99.604
United States,2025,TSU,33,99.352
United States,2025,TSU,35,99.792
United States,2025,TSU,36,99.383
United States,2025,TSU,37,99.337
United States,2025,TSU,38,99.51
United States,2025,TSU,39,99.945
United States,2025,TSU,40,99.594
United States,2025,TSU,41,99.515
United States,2025,TSU,42,99.78
United States,2025,TSU,43,99.806
United States,2025,TSU,44,99.837
United States,2025,TSU,45,99.528
United States,2025,TSU,46,99.31
United States,2025,TSU,47,99.53
United States,2025,TSU,48,99.175
United States,2025,TSU,49,99.552
United States,2025,TSU,50,99.646
United States,2025,TSU,51,99.486
United States,2025,TSU,52,99.193
Netherlands,2024,OCO,17,77.666
Netherlands,2024,OCO,18,77.836
Netherlands,2024,OCO,19,77.648
Netherlands,2024,OCO,20,77.705
Netherlands,2024,OCO,21,77.518
Netherlands,2024,OCO,22,77.593
Netherlands,2024,OCO,23,78.405
Netherlands,2024,OCO,24,77.875
Netherlands,2024,OCO,25,77.498
Netherlands,2024,OCO,26,77.417
Netherlands,2024,OCO,27,78.166
Netherlands,2024,OCO,28,78.099
Netherlands,2024,OCO,29,77.821
Netherlands,2024,OCO,32,77.681
Netherlands,2024,OCO,33,76.26
Netherlands,2024,OCO,34,76.104
Netherlands,2024,OCO,35,76.034
Netherlands,2024,OCO,36,75.622
Netherlands,2024,OCO,37,75.609
Netherlands,2024,OCO,38,75.566
Netherlands,2024,OCO,39,75.902
Netherlands,2024,OCO,40,75.78
Netherlands,2024,OCO,41,76.027
Netherlands,2024,OCO,42,77.121
Netherlands,2024,OCO,43,78.371
Netherlands,2024,OCO,44,76.151
Netherlands,2024,OCO,45,75.85
Netherlands,2024,OCO,46,75.867
Netherlands,2024,OCO,47,76.141
Netherlands,2024,OCO,48,75.711
Netherlands,2024,OCO,49,76.079
Netherlands,2024,OCO,50,76.257
Netherlands,2024,OCO,51,75.39
Netherlands,2024,OCO,52,77.756
Netherlands,2024,OCO,53,75.907
Netherlands,2024,OCO,54,75.948
Netherlands,2024,OCO,55,75.862
Netherlands,2024,OCO,56,75.831
Netherlands,2024,OCO,57,75.952
Netherlands,2024,OCO,58,79.487
Netherlands,2024,OCO,59,75.936
Netherlands,2024,OCO,60,75.786
Netherlands,2024,OCO,61,75.629
Netherlands,2024,OCO,62,77.515
Netherlands,2024,OCO,63,75.998
Netherlands,2024,OCO,64,75.618
Netherlands,2024,OCO,65,75.753
Netherlands,2024,OCO,66,75.741
Netherlands,2024,OCO,67,75.771
Abu Dhabi,2025,HAM,19,89.7
Abu Dhabi,2025,HAM,20,89.841
Abu Dhabi,2025,HAM,21,90.736
Abu Dhabi,2025,HAM,22,91.793
Abu Dhabi,2025,HAM,23,90.535
Abu Dhabi,2025,HAM,24,90.076
Abu Dhabi,2025,HAM,25,89.866
Abu Dhabi,2025,HAM,26,89.81
Abu Dhabi,2025,HAM,27,89.644
Abu Dhabi,2025,HAM,28,90.144
Abu Dhabi,2025,HAM,29,89.918
Abu Dhabi,2025,HAM,30,89.785
Abu Dhabi,2025,HAM,33,89.88
Abu Dhabi,2025,HAM,34,89.051
Abu Dhabi,2025,HAM,35,88.794
Abu Dhabi,2025,HAM,36,88.514
Abu Dhabi,2025,HAM,37,88.094
Abu Dhabi,2025,HAM,38,88.549
Abu Dhabi,2025,HAM,39,88.141
Abu Dhabi,2025,HAM,40,88.528
Abu Dhabi,2025,HAM,41,89.048
Abu Dhabi,2025,HAM,42,88.693
Abu Dhabi,2025,HAM,43,88.873
Abu Dhabi,2025,HAM,44,88.464
Abu Dhabi,2025,HAM,45,88.949
Abu Dhabi,2025,HAM,46,88.758
Abu Dhabi,2025,HAM,47,89.24
Abu Dhabi,2025,HAM,48,88.997
Abu Dhabi,2025,HAM,49,88.979
Abu Dhabi,2025,HAM,50,89.186
Abu Dhabi,2025,HAM,51,88.978
Abu Dhabi,2025,HAM,52,88.937
Abu Dhabi,2025,HAM,53,89.625
Abu Dhabi,2025,HAM,54,89.044
Canada,2025,BOR,17,79.725
Canada,2025,BOR,18,78.198
Canada,2025,BOR,19,78.191
Canada,2025,BOR,20,78.025
Canada,2025,BOR,21,77.625
Canada,2025,BOR,22,78.231
Canada,2025,BOR,23,77.867
Canada,2025,BOR,24,78.135
Canada,2025,BOR,25,78.433
Canada,2025,BOR,26,78.116
Canada,2025,BOR,27,77.937
Canada,2025,BOR,28,77.875
Canada,2025,BOR,29,77.602
Canada,2025,BOR,30,77.789
Canada,2025,BOR,31,77.53
Canada,2025,BOR,32,77.545
Canada,2025,BOR,33,77.701
Canada,2025,BOR,34,77.525
Canada,2025,BOR,35,77.762
Canada,2025,BOR,36,77.613
Canada,2025,BOR,37,77.567
Canada,2025,BOR,38,78.337
Canada,2025,BOR,39,77.879
Canada,2025,BOR,40,77.265
Canada,2025,BOR,41,77.194
Canada,2025,BOR,42,77.284
Canada,2025,BOR,43,77.562
Canada,2025,BOR,44,77.497
Canada,2025,BOR,45,77.201
Canada,2025,BOR,46,77.048
Canada,2025,BOR,47,76.911
Canada,2025,BOR,51,77.082
Canada,2025,BOR,52,75.978
Canada,2025,BOR,53,75.618
Canada,2025,BOR,54,75.641
Canada,2025,BOR,55,75.666
Canada,2025,BOR,56,75.515
Canada,2025,BOR,57,75.414
Canada,2025,BOR,58,76.041
Canada,2025,BOR,59,76.297
Canada,2025,BOR,60,77.176
China,2025,LEC,21,97.299
China,2025,LEC,22,97.16
China,2025,LEC,23,96.975
China,2025,LEC,24,97.212
China,2025,LEC,25,97.36
China,2025,LEC,26,96.901
China,2025,LEC,27,97.364
China,2025,LEC,28,97.087
China,2025,LEC,29,96.992
China,2025,LEC,30,97.461
China,2025,LEC,31,97.474
China,2025,LEC,32,97.18
China,2025,LEC,33,97.184
China,2025,LEC,34,97.283
China,2025,LEC,35,97.094
China,2025,LEC,36,97.169
China,2025,LEC,37,97.167
China,2025,LEC,38,97.108
China,2025,LEC,39,96.877
China,2025,LEC,40,96.922
China,2025,LEC,41,96.678
China,2025,LEC,42,96.517
China,2025,LEC,43,96.501
China,2025,LEC,44,96.496
China,2025,LEC,45,96.462
China,2025,LEC,46,96.435
China,2025,LEC,47,96.318
China,2025,LEC,48,96.311
China,2025,LEC,49,96.541
China,2025,LEC,50,96.157
China,2025,LEC,51,96.263
China,2025,LEC,52,96.756
Japan,2025,DOO,19,93.602
Japan,2025,DOO,20,93.981
Japan,2025,DOO,21,93.7
Japan,2025,DOO,22,93.811
Japan,2025,DOO,23,93.522
Japan,2025,DOO,24,93.484
Japan,2025,DOO,25,93.367
Japan,2025,DOO,26,93.598
Japan,2025,DOO,27,93.735
Japan,2025,DOO,28,93.454
Japan,2025,DOO,29,93.282
Japan,2025,DOO,30,93.209
Japan,2025,DOO,31,93.154
Japan,2025,DOO,32,93.085
Japan,2025,DOO,33,92.912
Japan,2025,DOO,34,95.137
Japan,2025,DOO,35,93.301
Japan,2025,DOO,36,93.23
Japan,2025,DOO,37,93.166
Japan,2025,DOO,38,92.947
Japan,2025,DOO,39,93.089
Japan,2025,DOO,40,93.14
Japan,2025,DOO,41,93.251
Japan,2025,DOO,42,93.273
Japan,2025,DOO,43,93.18
Japan,2025,DOO,44,92.906
Japan,2025,DOO,45,92.974
Japan,2025,DOO,46,93.013
Japan,2025,DOO,47,92.743
Japan,2025,DOO,48,92.685
Japan,2025,DOO,49,92.809
China,2024,ALB,19,103.004
China,2024,ALB,32,103.187
China,2024,ALB,33,102.221
China,2024,ALB,34,101.269
China,2024,ALB,35,100.79
China,2024,ALB,36,101.335
China,2024,ALB,37,101.38
China,2024,ALB,38,101.261
China,2024,ALB,39,101.088
China,2024,ALB,40,101.341
China,2024,ALB,41,101.672
China,2024,ALB,42,101.755
China,2024,ALB,43,101.558
China,2024,ALB,44,101.423
China,2024,ALB,45,101.504
China,2024,ALB,46,101.66
China,2024,ALB,47,101.776
China,2024,ALB,48,101.584
China,2024,ALB,49,101.509
China,2024,ALB,50,101.404
China,2024,ALB,51,101.438
China,2024,ALB,52,101.437
Singapore,2025,ALO,18,98.082
Singapore,2025,ALO,19,98.153
Singapore,2025,ALO,20,97.839
Singapore,2025,ALO,21,98.584
Singapore,2025,ALO,22,97.727
Singapore,2025,ALO,23,97.829
Singapore,2025,ALO,24,98.147
Singapore,2025,ALO,25,97.965
Singapore,2025,ALO,26,98.231
Singapore,2025,ALO,29,98.487
Singapore,2025,ALO,30,98.233
Singapore,2025,ALO,31,98.209
Singapore,2025,ALO,32,97.474
Singapore,2025,ALO,33,97.376
Singapore,2025,ALO,34,97.571
Singapore,2025,ALO,35,97.35
Singapore,2025,ALO,36,97.378
Singapore,2025,ALO,37,101.384
Singapore,2025,ALO,38,98.878
Singapore,2025,ALO,39,97.838
Singapore,2025,ALO,40,97.758
Singapore,2025,ALO,41,97.62
Singapore,2025,ALO,42,97.416
Singapore,2025,ALO,43,98.034
Singapore,2025,ALO,45,96.801
Singapore,2025,ALO,46,98.277
Singapore,2025,ALO,47,97.55
Singapore,2025,ALO,48,98.748
Singapore,2025,ALO,49,97.488
Singapore,2025,ALO,50,96.628
Singapore,2025,ALO,51,95.962
Singapore,2025,ALO,52,96.056
Singapore,2025,ALO,53,95.862
Singapore,2025,ALO,54,96.014
Singapore,2025,ALO,55,96.036
Singapore,2025,ALO,56,96.768
Singapore,2025,ALO,57,96.153
Singapore,2025,ALO,58,95.92
Canada,2025,ANT,19,76.14
Canada,2025,ANT,20,76.032
Canada,2025,ANT,21,75.936
Canada,2025,ANT,22,75.774
Canada,2025,ANT,23,75.941
Canada,2025,ANT,24,76.149
Canada,2025,ANT,25,75.895
Canada,2025,ANT,26,76.245
Canada,2025,ANT,27,75.729
Canada,2025,ANT,28,75.665
Canada,2025,ANT,29,75.602
Canada,2025,ANT,30,75.69
Canada,2025,ANT,31,75.405
Canada,2025,ANT,32,75.604
Canada,2025,ANT,33,75.394
Canada,2025,ANT,34,75.426
Canada,2025,ANT,35,75.449
Canada,2025,ANT,36,75.362
Canada,2025,ANT,37,75.445
Canada,2025,ANT,40,75.619
Canada,2025,ANT,41,75.34
Canada,2025,ANT,42,75.51
Canada,2025,ANT,43,75.473
Canada,2025,ANT,44,75.674
Canada,2025,ANT,45,75.211
Canada,2025,ANT,46,75.172
Canada,2025,ANT,47,75.11
Canada,2025,ANT,50,75.229
Canada,2025,ANT,51,75.001
Canada,2025,ANT,52,75.123
Canada,2025,ANT,53,75.152
Canada,2025,ANT,54,74.75
Canada,2025,ANT,55,74.817
Canada,2025,ANT,56,74.778
Canada,2025,ANT,57,74.86
Canada,2025,ANT,58,74.583
Canada,2025,ANT,59,74.992
Canada,2025,ANT,60,74.641
Canada,2025,ANT,61,74.455
Canada,2025,ANT,62,74.519
United States,2025,ALB,20,101.773
United States,2025,ALB,21,101.369
United States,2025,ALB,22,101.608
United States,2025,ALB,23,101.328
United States,2025,ALB,24,100.601
United States,2025,ALB,25,100.891
United States,2025,ALB,26,100.678
United States,2025,ALB,27,101.066
United States,2025,ALB,28,100.435
United States,2025,ALB,29,100.263
United States,2025,ALB,30,100.167
United States,2025,ALB,31,100.086
United States,2025,ALB,32,100.511
United States,2025,ALB,33,100.155
United States,2025,ALB,35,100.255
United States,2025,ALB,38,100.831
United States,2025,ALB,39,98.328
United States,2025,ALB,40,98.55
United States,2025,ALB,41,98.611
United States,2025,ALB,42,99.128
United States,2025,ALB,43,99.34
United States,2025,ALB,44,99.1
United States,2025,ALB,45,99.288
United States,2025,ALB,46,99.594
United States,2025,ALB,47,99.223
United States,2025,ALB,48,99.518
United States,2025,ALB,49,99.71
United States,2025,ALB,50,99.713
United States,2025,ALB,51,99.337
United States,2025,ALB,52,99.541
Canada,2024,GAS,18,87.982
Canada,2024,GAS,19,88.933
Canada,2024,GAS,20,87.412
Canada,2024,GAS,21,86.818
Canada,2024,GAS,22,87.756
Canada,2024,GAS,23,85.165
Canada,2024,GAS,30,85.084
Canada,2024,GAS,31,89.531
Canada,2024,GAS,32,92.523
Canada,2024,GAS,33,91.747
Canada,2024,GAS,34,90.925
Canada,2024,GAS,35,88.934
Canada,2024,GAS,36,88.432
Canada,2024,GAS,37,87.6
Canada,2024,GAS,38,87.643
Canada,2024,GAS,39,86.753
Canada,2024,GAS,42,87.411
Canada,2024,GAS,43,87.188
Canada,2024,GAS,44,83.906
Canada,2024,GAS,45,84.981
Canada,2024,GAS,46,83.452
Canada,2024,GAS,47,82.775
Canada,2024,GAS,48,80.553
Canada,2024,GAS,50,81.407
Canada,2024,GAS,51,79.854
Canada,2024,GAS,59,78.939
Canada,2024,GAS,60,81.432
Canada,2024,GAS,61,78.567
Canada,2024,GAS,62,78.857
Canada,2024,GAS,63,78.734
Canada,2024,GAS,64,77.997
Canada,2024,GAS,65,77.606
São Paulo,2025,ALO,24,75.926
São Paulo,2025,ALO,25,76.13
São Paulo,2025,ALO,26,76.335
São Paulo,2025,ALO,27,76.374
São Paulo,2025,ALO,30,76.123
São Paulo,2025,ALO,31,74.591
São Paulo,2025,ALO,32,74.343
São Paulo,2025,ALO,33,74.374
São Paulo,2025,ALO,34,74.679
São Paulo,2025,ALO,35,74.654
São Paulo,2025,ALO,36,74.553
São Paulo,2025,ALO,37,74.518
São Paulo,2025,ALO,38,74.449
São Paulo,2025,ALO,39,74.746
São Paulo,2025,ALO,40,74.858
São Paulo,2025,ALO,41,75.107
São Paulo,2025,ALO,42,75.469
São Paulo,2025,ALO,43,75.786
São Paulo,2025,ALO,44,75.213
São Paulo,2025,ALO,45,75.054
São Paulo,2025,ALO,48,75.982
São Paulo,2025,ALO,49,73.312
São Paulo,2025,ALO,50,73.668
São Paulo,2025,ALO,51,73.834
São Paulo,2025,ALO,52,73.954
São Paulo,2025,ALO,53,74.071
São Paulo,2025,ALO,54,74.01
São Paulo,2025,ALO,55,74.202
São Paulo,2025,ALO,56,74.053
São Paulo,2025,ALO,57,74.197
São Paulo,2025,ALO,58,74.241
São Paulo,2025,ALO,59,74.27
São Paulo,2025,ALO,60,74.315
São Paulo,2025,ALO,61,75.039
São Paulo,2025,ALO,62,74.483
São Paulo,2025,ALO,63,73.867
São Paulo,2025,ALO,64,74.138
São Paulo,2025,ALO,65,74.091
São Paulo,2025,ALO,66,74.199
São Paulo,2025,ALO,67,74.509
Singapore,2025,STR,18,98.675
Singapore,2025,STR,19,98.589
Singapore,2025,STR,20,98.608
Singapore,2025,STR,21,98.292
Singapore,2025,STR,22,98.477
Singapore,2025,STR,23,98.499
Singapore,2025,STR,24,98.526
Singapore,2025,STR,25,98.498
Singapore,2025,STR,26,98.808
Singapore,2025,STR,27,98.605
Singapore,2025,STR,28,98.79
Singapore,2025,STR,29,98.31
Singapore,2025,STR,30,98.407
Singapore,2025,STR,31,98.683
Singapore,2025,STR,32,98.645
Singapore,2025,STR,33,99.025
Singapore,2025,STR,34,98.878
Singapore,2025,STR,35,99.264
Singapore,2025,STR,36,99.085
Singapore,2025,STR,37,99.048
Singapore,2025,STR,40,99.727
Singapore,2025,STR,41,97.21
Singapore,2025,STR,42,99.689
Singapore,2025,STR,43,97.792
Singapore,2025,STR,45,97.57
Singapore,2025,STR,46,97.661
Singapore,2025,STR,47,98.761
Singapore,2025,STR,48,100.366
Singapore,2025,STR,49,98.112
Singapore,2025,STR,50,97.239
Singapore,2025,STR,51,100.093
Singapore,2025,STR,52,98.283
Singapore,2025,STR,53,97.392
Singapore,2025,STR,54,97.307
Singapore,2025,STR,55,97.123
Singapore,2025,STR,56,97.937
Singapore,2025,STR,57,96.867
China,2025,OCO,22,97.918
China,2025,OCO,23,98.16
China,2025,OCO,24,97.73
China,2025,OCO,25,97.865
China,2025,OCO,26,98.099
China,2025,OCO,27,98.381
China,2025,OCO,28,97.806
China,2025,OCO,29,97.916
China,2025,OCO,30,97.57
China,2025,OCO,31,98.017
China,2025,OCO,32,98.005
China,2025,OCO,33,97.87
China,2025,OCO,34,97.755
China,2025,OCO,35,97.764
China,2025,OCO,36,97.728
China,2025,OCO,37,97.527
China,2025,OCO,38,97.333
China,2025,OCO,39,97.848
China,2025,OCO,40,96.98
China,2025,OCO,41,97.269
China,2025,OCO,42,97.141
China,2025,OCO,43,97.133
China,2025,OCO,44,97.087
China,2025,OCO,45,97.168
China,2025,OCO,46,96.929
China,2025,OCO,47,96.993
China,2025,OCO,48,96.841
China,2025,OCO,49,96.432
China,2025,OCO,50,96.509
China,2025,OCO,51,96.317
China,2025,OCO,52,96.221
Abu Dhabi,2025,BEA,19,89.533
Abu Dhabi,2025,BEA,20,89.922
Abu Dhabi,2025,BEA,21,89.787
Abu Dhabi,2025,BEA,22,89.645
Abu Dhabi,2025,BEA,23,89.473
Abu Dhabi,2025,BEA,24,90.934
Abu Dhabi,2025,BEA,25,90.11
Abu Dhabi,2025,BEA,26,89.667
Abu Dhabi,2025,BEA,27,89.883
Abu Dhabi,2025,BEA,28,89.469
Abu Dhabi,2025,BEA,29,89.491
Abu Dhabi,2025,BEA,30,89.995
Abu Dhabi,2025,BEA,31,89.763
Abu Dhabi,2025,BEA,32,91.192
Abu Dhabi,2025,BEA,33,90.214
Abu Dhabi,2025,BEA,34,89.43
Abu Dhabi,2025,BEA,35,89.491
Abu Dhabi,2025,BEA,36,89.323
Abu Dhabi,2025,BEA,37,89.455
Abu Dhabi,2025,BEA,38,89.436
Abu Dhabi,2025,BEA,39,89.972
Abu Dhabi,2025,BEA,40,90.042
Abu Dhabi,2025,BEA,41,90.056
Abu Dhabi,2025,BEA,42,89.816
Abu Dhabi,2025,BEA,43,89.34
Abu Dhabi,2025,BEA,44,89.324
Abu Dhabi,2025,BEA,45,89.307
Abu Dhabi,2025,BEA,46,90.196
Abu Dhabi,2025,BEA,47,89.469
Abu Dhabi,2025,BEA,48,88.981
Abu Dhabi,2025,BEA,49,89.306
Abu Dhabi,2025,BEA,50,89.241
Abu Dhabi,2025,BEA,51,88.976
Abu Dhabi,2025,BEA,52,89.246
Abu Dhabi,2025,BEA,53,89.07
Abu Dhabi,2025,BEA,54,89.197
Belgium,2025,BOR,22,107.735
Belgium,2025,BOR,23,107.648
Belgium,2025,BOR,24,107.439
Belgium,2025,BOR,25,107.542
Belgium,2025,BOR,26,107.509
Belgium,2025,BOR,27,107.371
Belgium,2025,BOR,28,107.524
Belgium,2025,BOR,29,107.493
Belgium,2025,BOR,30,107.593
Belgium,2025,BOR,31,107.536
Belgium,2025,BOR,32,107.823
Belgium,2025,BOR,33,107.05
Belgium,2025,BOR,34,107.265
Belgium,2025,BOR,35,107.208
Belgium,2025,BOR,36,107.247
Belgium,2025,BOR,37,107.189
Belgium,2025,BOR,38,107.26
Belgium,2025,BOR,39,107.147
Belgium,2025,BOR,40,107.214
Austria,2024,STR,17,72.388
Austria,2024,STR,18,72.581
Austria,2024,STR,19,72.576
Austria,2024,STR,22,72.663
Austria,2024,STR,23,71.25
Austria,2024,STR,24,71.033
Austria,2024,STR,25,71.309
Austria,2024,STR,26,71.478
Austria,2024,STR,27,71.397
Austria,2024,STR,28,71.413
Austria,2024,STR,29,71.464
Austria,2024,STR,30,71.378
Austria,2024,STR,31,71.349
Austria,2024,STR,32,71.344
Austria,2024,STR,33,71.275
Austria,2024,STR,34,71.365
Austria,2024,STR,35,71.625
Austria,2024,STR,36,71.826
Austria,2024,STR,37,72.029
Austria,2024,STR,38,71.884
Austria,2024,STR,39,72.042
Austria,2024,STR,40,72.507
Austria,2024,STR,41,72.3
Austria,2024,STR,42,71.896
Austria,2024,STR,45,71.585
Austria,2024,STR,46,70.453
Austria,2024,STR,47,70.567
Austria,2024,STR,48,70.435
Austria,2024,STR,49,70.443
Austria,2024,STR,50,70.42
Austria,2024,STR,51,70.52
Austria,2024,STR,52,70.707
Austria,2024,STR,53,70.561
Austria,2024,STR,54,70.565
Austria,2024,STR,55,70.143
Austria,2024,STR,56,72.569
Austria,2024,STR,57,70.437
Austria,2024,STR,58,70.822
Austria,2024,STR,59,70.638
Austria,2024,STR,60,71.099
Austria,2024,STR,61,70.984
Austria,2024,STR,62,70.7
Austria,2024,STR,64,72.102
Austria,2024,STR,66,71.322
Bahrain,2024,ALO,20,97.072
Bahrain,2024,ALO,21,97.357
Bahrain,2024,ALO,22,97.342
Bahrain,2024,ALO,23,97.122
Bahrain,2024,ALO,24,97.265
Bahrain,2024,ALO,25,97.046
Bahrain,2024,ALO,26,97.179
Bahrain,2024,ALO,27,97.638
Bahrain,2024,ALO,28,96.945
Bahrain,2024,ALO,29,97.256
Bahrain,2024,ALO,30,97.104
Bahrain,2024,ALO,31,96.982
Bahrain,2024,ALO,32,96.957
Bahrain,2024,ALO,33,97.056
Bahrain,2024,ALO,34,97.202
Bahrain,2024,ALO,35,97.601
Bahrain,2024,ALO,36,97.273
Bahrain,2024,ALO,37,98.343
Bahrain,2024,ALO,38,96.799
Bahrain,2024,ALO,39,97.297
Bahrain,2024,ALO,40,97.946
Bahrain,2024,ALO,43,98.061
Bahrain,2024,ALO,44,95.107
Bahrain,2024,ALO,45,94.981
Bahrain,2024,ALO,46,94.872
Bahrain,2024,ALO,47,95.126
Bahrain,2024,ALO,48,95.225
Bahrain,2024,ALO,49,94.199
Bahrain,2024,ALO,50,94.571
Bahrain,2024,ALO,51,94.677
Bahrain,2024,ALO,52,94.916
Bahrain,2024,ALO,53,94.862
Japan,2025,OCO,17,94.941
Japan,2025,OCO,18,94.713
Japan,2025,OCO,19,94.768
Japan,2025,OCO,20,94.5
Japan,2025,OCO,21,94.363
Japan,2025,OCO,22,94.208
Japan,2025,OCO,23,94.356
Japan,2025,OCO,24,94.118
Japan,2025,OCO,25,94.232
Japan,2025,OCO,26,94.051
Japan,2025,OCO,27,96.45
Japan,2025,OCO,28,94.007
Japan,2025,OCO,29,93.923
Japan,2025,OCO,30,94.829
Japan,2025,OCO,31,94.101
Japan,2025,OCO,34,93.889
Japan,2025,OCO,35,92.908
Japan,2025,OCO,36,92.84
Japan,2025,OCO,37,92.782
Japan,2025,OCO,38,92.681
Japan,2025,OCO,39,92.736
Japan,2025,OCO,40,92.767
Japan,2025,OCO,41,92.519
Japan,2025,OCO,42,92.445
Japan,2025,OCO,43,92.258
Japan,2025,OCO,44,92.474
Japan,2025,OCO,45,92.186
Japan,2025,OCO,46,92.309
Japan,2025,OCO,47,92.542
Japan,2025,OCO,48,92.272
Japan,2025,OCO,49,91.967
Belgium,2024,OCO,20,109.728
Belgium,2024,OCO,21,109.499
Belgium,2024,OCO,22,109.599
Belgium,2024,OCO,23,109.428
Belgium,2024,OCO,24,109.651
Belgium,2024,OCO,25,108.745
Belgium,2024,OCO,26,108.745
Belgium,2024,OCO,27,108.517
Belgium,2024,OCO,28,108.419
Belgium,2024,OCO,29,108.555
Belgium,2024,OCO,32,108.788
Belgium,2024,OCO,33,106.992
Belgium,2024,OCO,34,107.478
Belgium,2024,OCO,35,108.3
Belgium,2024,OCO,36,109.241
Belgium,2024,OCO,37,108.983
Belgium,2024,OCO,38,109.611
Belgium,2024,OCO,39,106.958
Belgium,2024,OCO,40,107.225
Azerbaijan,2025,GAS,23,107.505
Azerbaijan,2025,GAS,24,107.096
Azerbaijan,2025,GAS,25,107.211
Azerbaijan,2025,GAS,26,106.99
Azerbaijan,2025,GAS,27,106.938
Azerbaijan,2025,GAS,28,107.281
Azerbaijan,2025,GAS,29,107.541
Azerbaijan,2025,GAS,30,108.239
Azerbaijan,2025,GAS,31,107.758
Azerbaijan,2025,GAS,32,107.129
Azerbaijan,2025,GAS,33,106.841
Azerbaijan,2025,GAS,34,106.719
Azerbaijan,2025,GAS,37,106.716
Azerbaijan,2025,GAS,38,105.492
Azerbaijan,2025,GAS,39,105.636
Azerbaijan,2025,GAS,40,105.791
Azerbaijan,2025,GAS,41,105.714
Azerbaijan,2025,GAS,42,106.908
Azerbaijan,2025,GAS,43,106.49
Azerbaijan,2025,GAS,44,106.25
Azerbaijan,2025,GAS,45,106.973
Azerbaijan,2025,GAS,46,106.574
Las Vegas,2025,PIA,23,96.707
Las Vegas,2025,PIA,24,95.921
Las Vegas,2025,PIA,25,96.118
Las Vegas,2025,PIA,26,95.418
Las Vegas,2025,PIA,27,95.226
Las Vegas,2025,PIA,28,95.521
Las Vegas,2025,PIA,29,95.074
Las Vegas,2025,PIA,30,95.135
Las Vegas,2025,PIA,31,94.895
Las Vegas,2025,PIA,32,95.138
Las Vegas,2025,PIA,33,95.433
Las Vegas,2025,PIA,34,94.873
Las Vegas,2025,PIA,35,94.684
Las Vegas,2025,PIA,36,94.848
Las Vegas,2025,PIA,37,94.637
Las Vegas,2025,PIA,38,94.743
Las Vegas,2025,PIA,39,95.581
Las Vegas,2025,PIA,40,94.965
Las Vegas,2025,PIA,41,94.57
Las Vegas,2025,PIA,42,94.643
Las Vegas,2025,PIA,43,94.641
Las Vegas,2025,PIA,44,94.499
Las Vegas,2025,PIA,45,94.512
Las Vegas,2025,PIA,46,94.548
Monaco,2025,PIA,26,74.94
Monaco,2025,PIA,27,74.96
Monaco,2025,PIA,28,74.772
Monaco,2025,PIA,29,75.556
Monaco,2025,PIA,30,74.736
Monaco,2025,PIA,31,74.868
Monaco,2025,PIA,32,75.735
Monaco,2025,PIA,33,76.822
Monaco,2025,PIA,34,76.325
Monaco,2025,PIA,35,75.947
Monaco,2025,PIA,36,74.819
Monaco,2025,PIA,37,75.107
Monaco,2025,PIA,39,75.396
Monaco,2025,PIA,40,74.594
Monaco,2025,PIA,41,74.344
Monaco,2025,PIA,42,74.297
Monaco,2025,PIA,43,74.137
Monaco,2025,PIA,44,75.181
Monaco,2025,PIA,45,74.676
Monaco,2025,PIA,46,75.124
Monaco,2025,PIA,47,74.875
Monaco,2025,PIA,50,74.092
Monaco,2025,PIA,51,74.121
Monaco,2025,PIA,52,74.713
Monaco,2025,PIA,53,74.087
Monaco,2025,PIA,54,74.004
Monaco,2025,PIA,55,74.703
Monaco,2025,PIA,56,76.244
Monaco,2025,PIA,57,75.113
Monaco,2025,PIA,58,74.81
Monaco,2025,PIA,59,74.83
Monaco,2025,PIA,60,73.916
Monaco,2025,PIA,61,73.745
Monaco,2025,PIA,62,74.485
Monaco,2025,PIA,63,75.213
Monaco,2025,PIA,64,74.381
Monaco,2025,PIA,65,75.204
Monaco,2025,PIA,66,74.661
Monaco,2025,PIA,67,75.106
Monaco,2025,PIA,68,75.014
Monaco,2025,PIA,69,75.26
Monaco,2025,PIA,70,75.638
Monaco,2025,PIA,71,75.899
Monaco,2025,PIA,72,75.595
Monaco,2025,PIA,73,76.141
Monaco,2025,PIA,74,76.214
Australia,2025,OCO,23,93.533
Australia,2025,OCO,24,93.338
Australia,2025,OCO,25,93.048
Australia,2025,OCO,26,92.538
Australia,2025,OCO,27,92.54
Australia,2025,OCO,28,92.302
Australia,2025,OCO,29,92.21
Australia,2025,OCO,30,93.743
Australia,2025,OCO,31,91.501
Australia,2025,OCO,42,91.624
Australia,2025,OCO,43,86.764
Australia,2025,OCO,52,88.505
Australia,2025,OCO,53,98.747
Las Vegas,2024,BOT,19,103.358
Las Vegas,2024,BOT,20,99.697
Las Vegas,2024,BOT,21,99.349
Las Vegas,2024,BOT,22,99.342
Las Vegas,2024,BOT,23,99.177
Las Vegas,2024,BOT,24,99.193
Las Vegas,2024,BOT,25,98.631
Las Vegas,2024,BOT,26,99.697
Las Vegas,2024,BOT,27,98.693
Las Vegas,2024,BOT,28,98.676
Las Vegas,2024,BOT,29,98.594
Las Vegas,2024,BOT,30,98.756
Las Vegas,2024,BOT,31,99.452
Las Vegas,2024,BOT,32,100.085
Las Vegas,2024,BOT,33,100.589
Las Vegas,2024,BOT,34,100.195
Las Vegas,2024,BOT,37,100.828
Las Vegas,2024,BOT,38,97.506
Las Vegas,2024,BOT,39,97.092
Las Vegas,2024,BOT,40,96.89
Las Vegas,2024,BOT,41,99.608
Las Vegas,2024,BOT,42,98.3
Las Vegas,2024,BOT,43,98.341
Las Vegas,2024,BOT,44,97.062
Las Vegas,2024,BOT,45,96.621
Singapore,2025,BOR,20,97.288
Singapore,2025,BOR,21,97.191
Singapore,2025,BOR,22,97.237
Singapore,2025,BOR,23,97.531
Singapore,2025,BOR,24,97.622
Singapore,2025,BOR,25,97.646
Singapore,2025,BOR,26,97.815
Singapore,2025,BOR,27,98.328
Singapore,2025,BOR,28,98.171
Singapore,2025,BOR,29,98.596
Singapore,2025,BOR,30,98.638
Singapore,2025,BOR,31,98.529
Singapore,2025,BOR,32,98.324
Singapore,2025,BOR,33,98.218
Singapore,2025,BOR,34,98.513
Singapore,2025,BOR,35,98.124
Singapore,2025,BOR,36,98.841
Singapore,2025,BOR,37,98.581
Singapore,2025,BOR,38,98.427
Singapore,2025,BOR,39,98.612
Singapore,2025,BOR,40,98.432
Singapore,2025,BOR,41,98.004
Singapore,2025,BOR,42,98.849
Singapore,2025,BOR,43,101.827
Singapore,2025,BOR,45,98.793
Singapore,2025,BOR,46,99.682
Singapore,2025,BOR,47,98.65
Singapore,2025,BOR,48,100.22
Singapore,2025,BOR,49,99.047
Singapore,2025,BOR,50,99.69
Singapore,2025,BOR,51,98.946
Singapore,2025,BOR,52,98.211
Singapore,2025,BOR,53,98.99
Singapore,2025,BOR,54,100.052
Singapore,2025,BOR,55,99.959
Singapore,2025,BOR,56,101.702
Singapore,2025,BOR,57,100.096
Las Vegas,2024,HUL,19,98.481
Las Vegas,2024,HUL,20,98.372
Las Vegas,2024,HUL,21,97.634
Las Vegas,2024,HUL,22,97.98
Las Vegas,2024,HUL,23,97.948
Las Vegas,2024,HUL,24,98.264
Las Vegas,2024,HUL,25,98.166
Las Vegas,2024,HUL,26,98.705
Las Vegas,2024,HUL,27,98.539
Las Vegas,2024,HUL,28,98.706
Las Vegas,2024,HUL,29,98.986
Las Vegas,2024,HUL,30,99.469
Las Vegas,2024,HUL,31,98.817
Las Vegas,2024,HUL,32,98.6
Las Vegas,2024,HUL,35,98.741
Las Vegas,2024,HUL,36,98.045
Las Vegas,2024,HUL,37,97.73
Las Vegas,2024,HUL,38,97.526
Las Vegas,2024,HUL,39,97.528
Las Vegas,2024,HUL,40,97.228
Las Vegas,2024,HUL,41,97.687
Las Vegas,2024,HUL,42,98.226
Las Vegas,2024,HUL,43,97.999
Las Vegas,2024,HUL,44,97.556
Las Vegas,2024,HUL,45,96.893
Las Vegas,2024,HUL,46,96.68
Spain,2025,HAM,19,80.948
Spain,2025,HAM,20,81.348
Spain,2025,HAM,21,80.755
Spain,2025,HAM,22,80.545
Spain,2025,HAM,23,80.28
Spain,2025,HAM,24,80.03
Spain,2025,HAM,25,80.304
Spain,2025,HAM,26,80.509
Spain,2025,HAM,27,80.648
Spain,2025,HAM,28,80.426
Spain,2025,HAM,29,80.48
Spain,2025,HAM,30,80.206
Spain,2025,HAM,31,81.183
Spain,2025,HAM,32,80.343
Spain,2025,HAM,33,80.317
Spain,2025,HAM,34,80.257
Spain,2025,HAM,35,80.286
Spain,2025,HAM,36,80.283
Spain,2025,HAM,37,80.452
Spain,2025,HAM,38,80.784
Spain,2025,HAM,39,80.512
Spain,2025,HAM,40,80.699
Spain,2025,HAM,41,80.77
Spain,2025,HAM,42,80.553
Spain,2025,HAM,43,80.849
Spain,2025,HAM,44,81.029
Spain,2025,HAM,45,80.93
Spain,2025,HAM,48,81.412
Spain,2025,HAM,49,78.335
Spain,2025,HAM,50,78.598
Spain,2025,HAM,51,78.344
Spain,2025,HAM,52,78.722
Spain,2025,HAM,53,78.645
Spain,2025,HAM,54,79.16
Spain,2025,HAM,61,79.257
Spain,2025,HAM,62,79.362
Las Vegas,2025,HUL,21,96.414
Las Vegas,2025,HUL,22,96.694
Las Vegas,2025,HUL,23,96.18
Las Vegas,2025,HUL,24,96.108
Las Vegas,2025,HUL,25,95.892
Las Vegas,2025,HUL,26,95.883
Las Vegas,2025,HUL,27,96.186
Las Vegas,2025,HUL,28,96.219
Las Vegas,2025,HUL,29,96.316
Las Vegas,2025,HUL,32,96.413
Las Vegas,2025,HUL,33,95.328
Las Vegas,2025,HUL,34,95.229
Las Vegas,2025,HUL,35,95.228
Las Vegas,2025,HUL,36,95.049
Las Vegas,2025,HUL,37,95.053
Las Vegas,2025,HUL,38,95.362
Las Vegas,2025,HUL,39,95.425
Las Vegas,2025,HUL,40,95.078
Las Vegas,2025,HUL,41,94.784
Las Vegas,2025,HUL,42,94.827
Las Vegas,2025,HUL,43,94.86
Las Vegas,2025,HUL,44,94.925
Las Vegas,2025,HUL,45,94.823
Las Vegas,2025,HUL,46,94.805
United States,2025,GAS,20,101.745
United States,2025,GAS,21,102.697
United States,2025,GAS,22,101.305
United States,2025,GAS,23,101.216
United States,2025,GAS,24,101.313
United States,2025,GAS,25,101.181
United States,2025,GAS,26,101.496
United States,2025,GAS,29,101.643
United States,2025,GAS,30,100.35
United States,2025,GAS,31,99.27
United States,2025,GAS,32,99.744
United States,2025,GAS,33,99.922
United States,2025,GAS,35,100.001
United States,2025,GAS,36,100.264
United States,2025,GAS,37,100.492
United States,2025,GAS,38,101.108
United States,2025,GAS,39,100.435
United States,2025,GAS,40,100.025
United States,2025,GAS,41,101.727
United States,2025,GAS,42,100.75
United States,2025,GAS,43,100.788
United States,2025,GAS,44,100.074
United States,2025,GAS,45,100.672
United States,2025,GAS,46,100.731
United States,2025,GAS,47,99.745
United States,2025,GAS,48,100.499
United States,2025,GAS,49,100.579
United States,2025,GAS,50,100.277
United States,2025,GAS,51,100.629
United States,2024,ALB,22,102.46
United States,2024,ALB,23,102.169
United States,2024,ALB,24,101.886
United States,2024,ALB,25,101.432
United States,2024,ALB,26,101.418
United States,2024,ALB,27,102.357
United States,2024,ALB,28,103.544
United States,2024,ALB,29,102.932
United States,2024,ALB,30,101.287
United States,2024,ALB,31,101.651
United States,2024,ALB,32,101.635
United States,2024,ALB,35,101.297
United States,2024,ALB,36,100.029
United States,2024,ALB,37,99.721
United States,2024,ALB,38,99.632
United States,2024,ALB,39,99.69
United States,2024,ALB,41,99.531
United States,2024,ALB,42,99.406
United States,2024,ALB,43,99.241
United States,2024,ALB,44,99.353
United States,2024,ALB,45,101.215
United States,2024,ALB,46,99.961
United States,2024,ALB,47,101.733
United States,2024,ALB,48,99.552
United States,2024,ALB,49,99.205
United States,2024,ALB,50,99.509
United States,2024,ALB,51,99.639
Mexico City,2024,NOR,22,82.137
Mexico City,2024,NOR,23,82.311
Mexico City,2024,NOR,24,82.29
Mexico City,2024,NOR,25,82.062
Mexico City,2024,NOR,26,82.535
Mexico City,2024,NOR,27,82.63
Mexico City,2024,NOR,28,82.185
Mexico City,2024,NOR,29,82.676
Mexico City,2024,NOR,32,82.735
Mexico City,2024,NOR,33,81.052
Mexico City,2024,NOR,34,80.859
Mexico City,2024,NOR,35,80.881
Mexico City,2024,NOR,36,80.697
Mexico City,2024,NOR,37,80.703
Mexico City,2024,NOR,38,81.008
Mexico City,2024,NOR,39,80.868
Mexico City,2024,NOR,40,80.71
Mexico City,2024,NOR,41,80.845
Mexico City,2024,NOR,42,80.768
Mexico City,2024,NOR,43,80.451
Mexico City,2024,NOR,44,80.687
Mexico City,2024,NOR,45,80.385
Mexico City,2024,NOR,46,80.37
Mexico City,2024,NOR,47,80.221
Mexico City,2024,NOR,48,80.561
Mexico City,2024,NOR,49,80.443
Mexico City,2024,NOR,50,80.638
Mexico City,2024,NOR,51,80.545
Mexico City,2024,NOR,52,80.405
Mexico City,2024,NOR,53,80.474
Mexico City,2024,NOR,54,80.471
Mexico City,2024,NOR,55,80.667
Mexico City,2024,NOR,56,80.398
Mexico City,2024,NOR,57,80.509
Mexico City,2024,NOR,58,80.271
Mexico City,2024,NOR,59,80.405
Mexico City,2024,NOR,60,80.163
Mexico City,2024,NOR,61,80.272
Mexico City,2024,NOR,62,80.045
Mexico City,2024,NOR,63,80.141
Mexico City,2024,NOR,64,79.858
Mexico City,2024,NOR,65,80.494
Mexico City,2024,NOR,66,80.194
Mexico City,2024,NOR,67,80.274
Monaco,2024,BOT,20,77.829
Monaco,2024,BOT,21,79.124
Monaco,2024,BOT,22,80.462
Monaco,2024,BOT,23,81.022
Monaco,2024,BOT,24,80.75
Monaco,2024,BOT,25,80.564
Monaco,2024,BOT,26,80.783
Monaco,2024,BOT,27,80.851
Monaco,2024,BOT,28,81.37
Monaco,2024,BOT,29,81.765
Monaco,2024,BOT,30,80.857
Monaco,2024,BOT,31,81.47
Monaco,2024,BOT,32,80.752
Monaco,2024,BOT,33,80.658
Monaco,2024,BOT,34,80.525
Monaco,2024,BOT,35,80.903
Monaco,2024,BOT,36,80.254
Monaco,2024,BOT,37,81.196
Monaco,2024,BOT,38,81.386
Monaco,2024,BOT,39,80.948
Monaco,2024,BOT,40,83.172
Monaco,2024,BOT,41,83.591
Monaco,2024,BOT,42,80.23
Monaco,2024,BOT,43,82.109
Monaco,2024,BOT,44,80.912
Monaco,2024,BOT,45,79.772
Monaco,2024,BOT,46,80.043
Monaco,2024,BOT,47,80.417
Monaco,2024,BOT,48,82.969
Monaco,2024,BOT,49,80.562
Monaco,2024,BOT,50,80.818
Monaco,2024,BOT,52,80.239
Monaco,2024,BOT,53,77.202
Monaco,2024,BOT,54,78.456
Monaco,2024,BOT,55,79.403
Monaco,2024,BOT,56,80.375
Monaco,2024,BOT,57,81.657
Monaco,2024,BOT,58,78.994
Monaco,2024,BOT,59,79.28
Monaco,2024,BOT,60,78.999
Monaco,2024,BOT,61,79.069
Monaco,2024,BOT,62,78.623
Monaco,2024,BOT,63,78.964
Monaco,2024,BOT,64,79.024
Monaco,2024,BOT,65,78.531
Monaco,2024,BOT,66,78.642
Monaco,2024,BOT,67,78.383
Monaco,2024,BOT,68,78.467
Monaco,2024,BOT,69,78.052
Monaco,2024,BOT,70,78.088
Monaco,2024,BOT,71,78.778
Monaco,2024,BOT,72,78.104
Great Britain,2024,TSU,17,72.447
Great Britain,2024,TSU,18,72.463
Great Britain,2024,TSU,19,72.484
Great Britain,2024,TSU,20,72.571
Great Britain,2024,TSU,23,72.652
Great Britain,2024,TSU,24,71.011
Great Britain,2024,TSU,25,71.463
Great Britain,2024,TSU,26,71.534
Great Britain,2024,TSU,27,71.145
Great Britain,2024,TSU,28,71.262
Great Britain,2024,TSU,29,71.281
Great Britain,2024,TSU,30,71.232
Great Britain,2024,TSU,31,71.245
Great Britain,2024,TSU,32,71.128
Great Britain,2024,TSU,33,71.361
Great Britain,2024,TSU,34,71.368
Great Britain,2024,TSU,35,71.754
Great Britain,2024,TSU,36,71.942
Great Britain,2024,TSU,37,71.95
Great Britain,2024,TSU,38,71.94
Great Britain,2024,TSU,39,71.594
Great Britain,2024,TSU,40,71.688
Great Britain,2024,TSU,41,71.737
Great Britain,2024,TSU,42,71.872
Great Britain,2024,TSU,43,71.839
Great Britain,2024,TSU,46,71.859
Great Britain,2024,TSU,47,70.947
Great Britain,2024,TSU,48,70.809
Great Britain,2024,TSU,49,70.587
Great Britain,2024,TSU,50,70.6
Great Britain,2024,TSU,51,70.556
Great Britain,2024,TSU,52,70.7
Great Britain,2024,TSU,53,70.762
Great Britain,2024,TSU,54,73.342
Great Britain,2024,TSU,55,70.318
Great Britain,2024,TSU,56,70.648
Great Britain,2024,TSU,57,70.621
Great Britain,2024,TSU,58,71.613
Great Britain,2024,TSU,59,70.916
Great Britain,2024,TSU,60,70.879
Great Britain,2024,TSU,61,70.847
Great Britain,2024,TSU,62,72.473
Great Britain,2024,TSU,64,70.964
Great Britain,2024,TSU,66,71.743
Saudi Arabia,2025,BEA,21,94.759
Saudi Arabia,2025,BEA,22,94.397
Saudi Arabia,2025,BEA,23,94.693
Saudi Arabia,2025,BEA,24,94.728
Saudi Arabia,2025,BEA,25,94.648
Saudi Arabia,2025,BEA,26,95.489
Saudi Arabia,2025,BEA,27,96.042
Saudi Arabia,2025,BEA,28,94.789
Saudi Arabia,2025,BEA,29,94.735
Saudi Arabia,2025,BEA,30,94.908
Saudi Arabia,2025,BEA,31,95.207
Saudi Arabia,2025,BEA,32,95.12
Saudi Arabia,2025,BEA,33,94.743
Saudi Arabia,2025,BEA,34,94.641
Saudi Arabia,2025,BEA,35,94.606
Saudi Arabia,2025,BEA,36,94.132
Saudi Arabia,2025,BEA,37,94.29
Saudi Arabia,2025,BEA,38,94.332
Saudi Arabia,2025,BEA,39,94.227
Saudi Arabia,2025,BEA,40,93.982
Saudi Arabia,2025,BEA,41,93.96
Saudi Arabia,2025,BEA,42,93.777
Saudi Arabia,2025,BEA,43,93.755
Saudi Arabia,2025,BEA,44,93.646
Saudi Arabia,2025,BEA,45,93.608
Saudi Arabia,2025,BEA,46,93.374
Japan,2025,STR,19,94.451
Japan,2025,STR,20,94.057
Japan,2025,STR,21,93.651
Japan,2025,STR,22,93.625
Japan,2025,STR,23,93.772
Japan,2025,STR,24,94.117
Japan,2025,STR,25,94.149
Japan,2025,STR,26,94.743
Japan,2025,STR,27,94.258
Japan,2025,STR,28,94.015
Japan,2025,STR,29,94.126
Japan,2025,STR,32,94.126
Japan,2025,STR,33,92.363
Japan,2025,STR,34,92.456
Japan,2025,STR,35,92.869
Japan,2025,STR,36,93.04
Japan,2025,STR,37,92.691
Japan,2025,STR,38,92.781
Japan,2025,STR,39,92.737
Japan,2025,STR,40,92.856
Japan,2025,STR,41,92.697
Japan,2025,STR,42,92.567
Japan,2025,STR,43,92.434
Japan,2025,STR,44,92.438
Japan,2025,STR,45,93.17
Japan,2025,STR,46,98.056
Japan,2025,STR,47,92.685
Japan,2025,STR,48,92.442
